Date,Open,High,Low,Close,Adj Close,Volume,Dividends,Stock Splits,Daily Return,30-Day Rolling STD,30-Day Rolling SMA,30-Day Rolling EWMA,RSI,MACD,5D Return,21D Return,mentions,post_count,mean_sentiment,score_sum,comment_sum,weighted_sentiment,next_close,next_return,target_direction
2025-09-26,109.93000030517578,109.98999786376953,102.80000305175781,107.69999694824219,107.69999694824219,14915100,0.0,0.0,-0.002223508316987033,16.520877170836478,82.35433425903321,85.2404816332242,73.32047602360669,9.780818423929887,0.08448292816338321,0.5363765947584427,0.0,0.0,0.0,0.0,0.0,0.0,110.22000122070312,0.02339836902383552,1
2025-09-29,109.37999725341797,112.5199966430664,108.33000183105469,110.22000122070312,110.22000122070312,12067000,0.0,0.0,0.02339836902383552,17.14727914992173,83.64100087483725,86.3560676452461,74.81973645249397,9.903143599927446,0.03395875045402419,0.5299833400883056,0.0,0.0,0.0,0.0,0.0,0.0,112.2699966430664,0.01859912356794835,1
2025-09-30,113.44499969482422,117.6500015258789,111.66000366210938,112.2699966430664,112.2699966430664,20425100,0.0,0.0,0.01859912356794835,17.782806236496466,84.96533406575521,87.48867100664548,76.00121166594786,10.049658474074988,0.041465616556267015,0.6432962111323275,0.0,0.0,0.0,0.0,0.0,0.0,115.61000061035156,0.02974974674581876,1
2025-10-01,111.71499633789062,115.87999725341797,109.76000213623047,115.61000061035156,115.61000061035156,12008100,0.0,0.0,0.02974974674581876,18.303571378364012,86.57933400472005,88.6926296121599,77.82667821060829,10.31636237030935,0.02101913965254898,0.7591296175133375,0.0,0.0,0.0,0.0,0.0,0.0,125.87000274658203,0.08874666622319705,1
2025-10-02,123.7699966430664,126.73999786376953,118.56999969482422,125.87000274658203,125.87000274658203,26887700,0.0,0.0,0.08874666622319705,19.280601062262537,88.52600072224935,90.25313668318643,82.2845034956207,11.226214740103273,0.16611080136772127,0.9172886492160202,0.0,0.0,0.0,0.0,0.0,0.0,127.9800033569336,0.01676333172566702,1
2025-10-03,127.23500061035156,132.97900390625,123.5999984741211,127.9800033569336,127.9800033569336,21351300,0.0,0.0,0.01676333172566702,20.095009089603387,90.58600082397462,91.80697642676795,83.03967611997402,11.979447104270662,0.18830090049526604,0.971652998559924,0.0,0.0,0.0,0.0,0.0,0.0,124.94000244140625,-0.023753718048036276,0
2025-10-06,132.39999389648438,135.75999450683594,124.93000030517578,124.94000244140625,124.94000244140625,16311100,0.0,0.0,-0.023753718048036276,20.610899836212333,92.45133412679037,93.14702642892081,77.8881031743138,12.190561309667189,0.13355108925491654,0.9083549734515255,0.0,0.0,0.0,0.0,0.0,0.0,117.69999694824219,-0.05794785778525535,0
2025-10-07,127.82499694824219,128.27999877929688,115.72000122070312,117.69999694824219,117.69999694824219,19574000,0.0,0.0,-0.05794785778525535,20.659820432133653,94.04066747029623,94.1228805986464,67.19633234868613,11.63949010578338,0.04836555150561783,0.8373400161401121,0.0,0.0,0.0,0.0,0.0,0.0,122.0,0.036533586773572324,1
2025-10-08,121.19999694824219,125.30999755859375,117.5,122.0,122.0,18005900,0.0,0.0,0.036533586773572324,20.774785453552273,95.75800069173177,95.2124338704164,69.8440186655702,11.418115587145323,0.05527202971986056,0.27455075683401486,0.0,0.0,0.0,0.0,0.0,0.0,132.63999938964844,0.08721310975121677,1
2025-10-09,120.9800033569336,133.32000732421875,119.87000274658203,132.63999938964844,132.63999938964844,18124600,0.0,0.0,0.08721310975121677,21.24384965892273,97.84266738891601,96.6518756765141,75.18191280335418,11.963327917447643,0.05378562401954223,0.4202805467022046,0.0,0.0,0.0,0.0,0.0,0.0,129.5800018310547,-0.023069945511719925,0
2025-10-10,134.9499969482422,141.10000610351562,128.00999450683594,129.5800018310547,129.5800018310547,28268500,0.0,0.0,-0.023069945511719925,21.430603623564465,99.76066741943359,97.89879562793725,71.27445278747373,12.010051984463942,0.012501941179503984,0.4528534396686761,0.0,0.0,0.0,0.0,0.0,0.0,135.4600067138672,0.04537741009202012,1
2025-10-13,135.2100067138672,138.52999877929688,132.64999389648438,135.4600067138672,135.4600067138672,12788900,0.0,0.0,0.04537741009202012,21.53947480078208,101.9986676534017,99.30010221965395,74.06395211550203,12.378852688767012,0.08420044875054766,0.49828560144874956,0.0,0.0,0.0,0.0,0.0,0.0,128.14999389648438,-0.053964361841674746,0
2025-10-14,132.0,133.78399658203125,125.75,128.14999389648438,128.14999389648438,13109200,0.0,0.0,-0.053964361841674746,20.92050115831177,104.07966740926106,100.36106398864472,65.54263056735525,11.943594637603354,0.08878502310274072,0.4088609848981435,0.0,0.0,0.0,0.0,0.0,0.0,125.83000183105469,-0.018103723573359765,0
2025-10-15,131.89999389648438,131.99000549316406,122.19999694824219,125.83000183105469,125.83000183105469,11708300,0.0,0.0,-0.018103723573359765,19.97228289669246,106.08566741943359,101.28481765730295,63.06277606829065,11.28140056224025,0.031393457631595734,0.4070222677140285,0.0,0.0,0.0,0.0,0.0,0.0,123.04000091552734,-0.022172779741935766,0
2025-10-16,128.08999633789062,130.97000122070312,122.0199966430664,123.04000091552734,123.04000091552734,14207700,0.0,0.0,-0.022172779741935766,18.61335081176305,108.02333399454753,102.06341770337812,60.11698427312128,10.411460395264228,-0.07237634588582709,0.3078231135292486,0.0,0.0,0.0,0.0,0.0,0.0,113.44000244140625,-0.07802339404005643,0
2025-10-17,118.05999755859375,120.572998046875,110.87999725341797,113.44000244140625,113.44000244140625,21366500,0.0,0.0,-0.07802339404005643,16.804246341233466,109.62233403523763,102.4653713229748,51.24654623810647,8.84542237596267,-0.12455625221160005,0.20526985902075778,0.0,0.0,0.0,0.0,0.0,0.0,109.0,-0.039139653965536425,0
2025-10-20,116.79000091552734,117.47000122070312,107.51000213623047,109.0,109.0,17799500,0.0,0.0,-0.039139653965536425,14.439217221278787,111.12033411661784,102.69340212319034,47.73813828728178,7.163478748694416,-0.19533445594579646,0.09757328244509389,0.0,0.0,0.0,0.0,0.0,0.0,104.27999877929688,-0.043302763492689245,0
2025-10-21,107.87999725341797,108.18000030517578,101.4000015258789,104.27999877929688,104.27999877929688,18455900,0.0,0.0,-0.043302763492689245,14.207108841286717,111.40566736857096,102.74810809110514,44.26850240427786,5.387557248200864,-0.1862660651897412,-0.02176359970012043,0.0,0.0,0.0,0.0,0.0,0.0,98.62000274658203,-0.05427690927283124,0
2025-10-22,106.67500305175781,107.80000305175781,94.62999725341797,98.62000274658203,98.62000274658203,26631500,0.0,0.0,-0.05427690927283124,14.009126913911453,111.58000081380209,102.60740846844317,40.47001662817991,3.4832594403816586,-0.21624412849493624,-0.08515769986359101,0.0,0.0,0.0,0.0,0.0,0.0,106.16000366210938,0.07645508725955352,1
2025-10-23,100.33000183105469,106.62000274658203,99.45999908447266,106.16000366210938,106.16000366210938,15803800,0.0,0.0,0.07645508725955352,13.40339438107761,112.14566752115886,102.72714653021724,46.99490714890059,2.553074513666431,-0.13719113400370397,-0.06243927832923879,0.0,0.0,0.0,0.0,0.0,0.0,117.26000213623047,0.10455913801068295,1
2025-10-24,111.16000366210938,117.44999694824219,110.01000213623047,117.26000213623047,117.26000213623047,17411900,0.0,0.0,0.10455913801068295,12.78410251323621,113.04066747029623,103.21170319712517,54.841993527986375,2.680672246925795,0.033674185583672855,0.08634426055236988,0.0,0.0,0.0,0.0,0.0,0.0,125.43000030517578,0.06967421132615681,1
2025-10-27,120.91000366210938,126.5,120.11000061035156,125.43000030517578,125.43000030517578,16809800,0.0,0.0,0.06967421132615681,12.269809674383962,114.18966751098633,103.94480984195127,59.58464250423141,3.4018307551568086,0.15073394775390625,0.1646239912657952,0.0,0.0,0.0,0.0,0.0,0.0,121.83000183105469,-0.02870125540430646,0
2025-10-28,126.43499755859375,129.02999877929688,120.77999877929688,121.83000183105469,121.83000183105469,13455500,0.0,0.0,-0.02870125540430646,11.411186645366922,115.26966756184896,104.52901006520744,56.756093192986214,3.640894314893316,0.16829692421555809,0.10533478934648022,0.0,0.0,0.0,0.0,0.0,0.0,125.0999984741211,0.02684065167790939,1
2025-10-29,124.27999877929688,125.94999694824219,117.5,125.0999984741211,125.0999984741211,13952800,0.0,0.0,0.02684065167790939,10.81473936429405,116.30366744995118,105.1944021611026,58.675076294239,4.047557584619312,0.2685053233630823,0.11427809935582678,0.0,0.0,0.0,0.0,0.0,0.0,124.18000030517578,-0.007354102159606524,0
2025-10-30,121.19999694824219,128.44000244140625,117.76000213623047,124.18000030517578,124.18000030517578,12204400,0.0,0.0,-0.007354102159606524,10.05433610778007,117.30566736857097,105.80273016689647,57.89663849489853,4.246652228795114,0.16974374549214621,0.07412853256275187,0.0,0.0,0.0,0.0,0.0,0.0,130.82000732421875,0.05347082463138153,1
2025-10-31,126.63999938964844,132.14999389648438,126.30000305175781,130.82000732421875,130.82000732421875,13389000,0.0,0.0,0.05347082463138153,9.750858125203433,118.35600102742514,106.59701390466854,61.83242128219952,4.883930333542608,0.1156404992406066,0.03932632453820406,0.0,0.0,0.0,0.0,0.0,0.0,120.47000122070312,-0.07911638529315024,0
2025-11-03,134.0,134.92999267578125,119.75,120.47000122070312,120.47000122070312,17247000,0.0,0.0,-0.07911638529315024,9.499819646325074,118.81833445231119,107.03358347556022,53.44583918918708,4.501923457682054,-0.03954396135218685,-0.05868105906580756,0.0,0.0,0.0,0.0,0.0,0.0,110.54000091552734,-0.08242716198685718,0
2025-11-04,112.3550033569336,116.77999877929688,109.0,110.54000091552734,110.54000091552734,17818200,0.0,0.0,-0.08242716198685718,9.40291142077102,118.90966771443685,107.1429830510192,46.87655863485753,3.359189573815101,-0.0926701202154091,-0.11525533251555797,0.0,0.0,0.0,0.0,0.0,0.0,117.0,0.05844037480521891,1
2025-11-05,113.63999938964844,118.20999908447266,111.43000030517578,117.0,117.0,13977700,0.0,0.0,0.05844037480521891,9.349427482923959,119.03533426920573,107.4479705270816,51.08850403750343,2.940931448477656,-0.06474819003132681,-0.005947297930262496,0.0,0.0,0.0,0.0,0.0,0.0,109.44000244140625,-0.0646153637486645,0
2025-11-06,119.55000305175781,121.0,108.41000366210938,109.44000244140625,109.44000244140625,17314400,0.0,0.0,-0.0646153637486645,9.291878244507428,119.08533426920573,107.50911098631607,46.44729780363771,1.9766447194111834,-0.11869864573639544,-0.1029507996606045,0.0,0.0,0.0,0.0,0.0,0.0,111.27999877929688,0.016812831659755778,1
2025-11-07,104.5,111.30000305175781,101.26000213623047,111.27999877929688,111.27999877929688,17614100,0.0,0.0,0.016812831659755778,9.162707739451115,119.20466766357421,107.6239472479462,47.692813005609125,1.3454038877588061,-0.14936559739287236,-0.16103739979373488,0.0,0.0,0.0,0.0,0.0,0.0,109.94999694824219,-0.011951849799104464,0
2025-11-10,115.18000030517578,118.37000274658203,108.72000122070312,109.94999694824219,109.94999694824219,21363600,0.0,0.0,-0.011951849799104464,9.171965248971697,119.19566752115885,107.69424808824671,46.844710845866665,0.7294127324170034,-0.08732467971995872,-0.15148946292195564,0.0,0.0,0.0,0.0,0.0,0.0,102.22000122070312,-0.07030464704039852,0
2025-11-11,114.12999725341797,114.55999755859375,99.83000183105469,102.22000122070312,102.22000122070312,45261100,0.0,0.0,-0.07030464704039852,9.60686721268334,118.86066767374675,107.53001102075756,42.15295937468619,-0.3781516522546582,-0.07526686833648766,-0.24538612022496853,0.0,0.0,0.0,0.0,0.0,0.0,94.36000061035156,-0.07689298098696984,0
2025-11-12,104.19999694824219,105.6500015258789,91.70999908447266,94.36000061035156,94.36000061035156,35913500,0.0,0.0,-0.07689298098696984,10.588101321901531,118.15233434041342,107.13769711237194,37.98680625816356,-1.8686007014442225,-0.19350426828759348,-0.263675340581189,0.0,0.0,0.0,0.0,0.0,0.0,88.62999725341797,-0.06072491860820306,0
2025-11-13,90.88999938964844,91.4800033569336,84.5,88.62999725341797,88.62999725341797,41803000,0.0,0.0,-0.06072491860820306,11.76919930033961,116.9110008239746,106.59018614883725,35.2515246658576,-3.4721311279840705,-0.19014989696413687,-0.2956370025932544,0.0,0.0,0.0,0.0,0.0,0.0,83.54000091552734,-0.057429724648833114,0
2025-11-14,82.36000061035156,89.0,82.0,83.54000091552734,83.54000091552734,31948000,0.0,0.0,-0.057429724648833114,13.054498326592043,115.42966740926107,105.91286249727659,32.97975663135783,-5.094929533247509,-0.24928107627666896,-0.32103380775426504,0.0,0.0,0.0,0.0,0.0,0.0,85.9800033569336,0.02920759414251739,1
2025-11-17,83.81999969482422,89.6500015258789,83.58999633789062,85.9800033569336,85.9800033569336,23478700,0.0,0.0,0.02920759414251739,13.980797248771855,114.13100077311198,105.33094910813978,35.137680065969704,-6.113646840811839,-0.2180081333025613,-0.24206627726983898,0.0,0.0,0.0,0.0,0.0,0.0,90.54000091552734,0.053035559206290994,1
2025-11-18,83.77999877929688,93.69000244140625,81.70999908447266,90.54000091552734,90.54000091552734,26661600,0.0,0.0,0.053035559206290994,14.607068145084694,113.22566757202148,104.90187318524215,39.08509376142776,-6.478355503422421,-0.11426335517212038,-0.16935778976580418,0.0,0.0,0.0,0.0,0.0,0.0,95.06999969482422,0.05003312053777531,1
2025-11-19,93.00499725341797,96.72000122070312,91.80000305175781,95.06999969482422,95.06999969482422,22040600,0.0,0.0,0.05003312053777531,14.874291587522322,112.32800089518229,104.61840564364502,42.80873657010284,-6.328901071467726,0.007524364983892973,-0.08831990019452474,0.0,0.0,0.0,0.0,0.0,0.0,84.63999938964844,-0.10970863930426211,0
2025-11-20,99.43000030517578,102.69000244140625,84.20999908447266,84.63999938964844,84.63999938964844,35775700,0.0,0.0,-0.10970863930426211,15.192262210630197,110.72800089518229,104.04582903318419,37.17421370949745,-6.971705730930722,-0.04501859401350328,-0.14175626614873638,0.0,0.0,0.0,0.0,0.0,0.0,83.26000213623047,-0.01630431549349398,0
2025-11-21,85.55000305175781,88.73999786376953,78.20999908447266,83.26000213623047,83.26000213623047,34963200,0.0,0.0,-0.01630431549349398,15.55957964007333,109.18400090535482,103.45355878981594,36.48986790325758,-7.505963228150975,-0.003351673165289948,-0.2157121395621464,0.0,0.0,0.0,0.0,0.0,0.0,91.9000015258789,0.1037713087673433,1
2025-11-24,86.2300033569336,93.0,85.1500015258789,91.9000015258789,91.9000015258789,51066800,0.0,0.0,0.1037713087673433,15.047022912022046,107.73200073242188,103.12620318593348,43.50253113750549,-7.149772276335611,0.0688531976949256,-0.21627153460980486,0.0,0.0,0.0,0.0,0.0,0.0,88.87999725341797,-0.032861852255905655,0
2025-11-25,89.29000091552734,91.27999877929688,84.72100067138672,88.87999725341797,88.87999725341797,15021200,0.0,0.0,-0.032861852255905655,14.917096447210119,106.42300084431966,102.72476016262532,41.766541950164935,-7.030138426689859,-0.018334478079563232,-0.291397615903933,0.0,0.0,0.0,0.0,0.0,0.0,94.69000244140625,0.06536909729444051,1
2025-11-26,93.8499984741211,95.63400268554688,90.76000213623047,94.69000244140625,94.69000244140625,13545000,0.0,0.0,0.06536909729444051,14.600167065100381,105.38500086466472,102.49955155249776,46.213465836248965,-6.392816467649936,-0.003997025924453168,-0.22276942445822412,0.0,0.0,0.0,0.0,0.0,0.0,94.87000274658203,0.0019009430830585483,1
2025-11-28,96.55000305175781,97.08000183105469,93.44000244140625,94.87000274658203,94.87000274658203,6018800,0.0,0.0,0.0019009430830585483,14.328890521338295,104.44600092569986,102.28680466345389,46.35015591210157,-5.806278538443394,0.12086487985235905,-0.2416466514489416,0.0,0.0,0.0,0.0,0.0,0.0,100.1500015258789,0.05565509251012535,1
2025-12-01,91.44999694824219,101.5999984741211,89.01000213623047,100.1500015258789,100.1500015258789,14462900,0.0,0.0,0.05565509251012535,14.246441879278354,104.0030008951823,102.22751983656285,50.33710525826304,-4.859375374608959,0.20285850295815422,-0.193509411501389,0.0,0.0,0.0,0.0,0.0,0.0,96.44999694824219,-0.036944628270231594,0
2025-12-02,100.36000061035156,102.94999694824219,96.05999755859375,96.44999694824219,96.44999694824219,11332700,0.0,0.0,-0.036944628270231594,14.278872580642295,103.5846674601237,102.0680069105493,47.66400115335706,-4.357279239625839,0.049510286690060745,-0.26272747631633586,0.0,0.0,0.0,0.0,0.0,0.0,98.91999816894531,0.025609137365018242,1
2025-12-03,95.0199966430664,99.05999755859375,91.0,98.91999816894531,98.91999816894531,11307500,0.0,0.0,0.025609137365018242,14.303385014663776,103.40600077311198,101.9815053732408,49.58858191502645,-3.7172063386043135,0.11296130992107156,-0.17888273290773726,0.0,0.0,0.0,0.0,0.0,0.0,102.80000305175781,0.039223665129732854,1
2025-12-04,99.06999969482422,103.83999633789062,97.47000122070312,102.80000305175781,102.80000305175781,11234100,0.0,0.0,0.039223665129732854,14.275487679529434,103.54533411661784,102.0038923621801,52.54097527503325,-2.8638473361710197,0.08564790792322552,-0.07001988239247703,0.0,0.0,0.0,0.0,0.0,0.0,98.04000091552734,-0.04630352135139426,0
2025-12-05,100.33999633789062,101.3499984741211,96.19999694824219,98.04000091552734,98.04000091552734,13041100,0.0,0.0,-0.04630352135139426,14.301158969391329,103.27466735839843,101.89596161955112,48.767549611441446,-2.5423400564006897,0.03341412540498245,-0.16205127422626198,0.0,0.0,0.0,0.0,0.0,0.0,100.33000183105469,0.023357822257676686,1
2025-12-08,97.29000091552734,100.5,95.30000305175781,100.33000183105469,100.33000183105469,8737800,0.0,0.0,0.023357822257676686,14.062298079112315,102.71033401489258,101.85350921356034,50.605482331863236,-2.078796216522605,0.0017973070637373745,-0.08324196278439433,0.0,0.0,0.0,0.0,0.0,0.0,96.41000366210938,-0.03907104652052318,0
2025-12-09,98.08999633789062,100.88300323486328,96.0999984741211,96.41000366210938,96.41000366210938,10060000,0.0,0.0,-0.03907104652052318,13.429429225144707,101.74300079345703,101.70656580543846,47.46637992481511,-2.004637264664794,-0.0004146530575244167,-0.13362684471878328,0.0,0.0,0.0,0.0,0.0,0.0,93.58999633789062,-0.029250152651192685,0
2025-12-10,95.7300033569336,97.08999633789062,92.19999694824219,93.58999633789062,93.58999633789062,10080700,0.0,0.0,-0.029250152651192685,12.954213956077092,100.80166727701823,101.4883714424125,45.28988246571699,-2.148648501868678,-0.0538819442955466,-0.14879491645691323,0.0,0.0,0.0,0.0,0.0,0.0,94.27999877929688,0.007372608915541701,1
2025-12-11,89.19999694824219,95.44999694824219,86.69999694824219,94.27999877929688,94.27999877929688,11896100,0.0,0.0,0.007372608915541701,12.158435365676445,99.77433395385742,101.29537196711118,45.94302633742726,-2.181948866154201,-0.08287941653242248,-0.07767562459975907,0.0,0.0,0.0,0.0,0.0,0.0,87.69000244140625,-0.06989813770911646,0
2025-12-12,93.30999755859375,95.6500015258789,86.19999694824219,87.69000244140625,87.69000244140625,14990600,0.0,0.0,-0.06989813770911646,11.436495553200642,98.55800069173178,100.93252463031935,40.91865439888638,-2.708871094572544,-0.1055691388970793,-0.07068671180374697,0.0,0.0,0.0,0.0,0.0,0.0,81.13999938964844,-0.07469498083472481,0
2025-12-15,88.0999984741211,88.23999786376953,80.06400299072266,81.13999938964844,81.13999938964844,17138600,0.0,0.0,-0.07469498083472481,10.12557206002226,96.9020004272461,100.40668308127864,36.6307154302975,-3.6133389404015333,-0.19126883376041615,-0.0845086099049911,0.0,0.0,0.0,0.0,0.0,0.0,80.94999694824219,-0.0023416618540237355,0
2025-12-16,79.57499694824219,81.55999755859375,76.87999725341797,80.94999694824219,80.94999694824219,13847800,0.0,0.0,-0.0023416618540237355,9.505431851355798,95.5846669514974,99.89168373777497,36.51119129305228,-4.295946832711337,-0.16035687300718582,-0.031003159431421068,0.0,0.0,0.0,0.0,0.0,0.0,75.44999694824219,-0.06794317736066857,0
2025-12-17,84.08999633789062,84.30000305175781,75.25,75.44999694824219,75.44999694824219,17064100,0.0,0.0,-0.06794317736066857,9.75730162545392,94.4150001525879,99.24707560347159,33.140228869099474,-5.220543365629709,-0.19382412757189438,-0.122470411695352,0.0,0.0,0.0,0.0,0.0,0.0,78.08999633789062,0.03499005296792057,1
2025-12-18,79.05000305175781,80.3499984741211,77.01000213623047,78.08999633789062,78.08999633789062,10345800,0.0,0.0,0.03499005296792057,9.223097630658776,93.11800003051758,98.6910579990438,36.18581546409022,-5.674850745059544,-0.1717225567567725,-0.13750833280035435,0.0,0.0,0.0,0.0,0.0,0.0,89.45999908447266,0.14560127135087475,1
2025-12-19,80.6500015258789,90.54000091552734,80.16000366210938,89.45999908447266,89.45999908447266,17558700,0.0,0.0,0.14560127135087475,8.711005506282453,92.45199991861979,98.44929337100703,47.31650504262406,-5.059110145226711,0.020184702859930903,-0.05900915776122573,0.0,0.0,0.0,0.0,0.0,0.0,93.2300033569336,0.0421417875144523,1
2025-12-22,92.97000122070312,95.9000015258789,91.0999984741211,93.2300033569336,93.2300033569336,11303100,0.0,0.0,0.0421417875144523,7.95638663744626,91.85033340454102,98.31305480109587,50.40541376185858,-4.218297537922325,0.14900177542800863,0.10148870544930233,0.0,0.0,0.0,0.0,0.0,0.0,90.02999877929688,-0.03432376340678023,0
2025-12-23,90.30999755859375,92.97000122070312,88.30999755859375,90.02999877929688,90.02999877929688,8885700,0.0,0.0,-0.03432376340678023,7.1878908747588,91.18633346557617,98.09754624883102,47.841358165853656,-3.766740475282532,0.11216803178955348,0.08131151176274654,0.0,0.0,0.0,0.0,0.0,0.0,91.12999725341797,0.012218132722823682,1
2025-12-24,90.2300033569336,91.41999816894531,88.6500015258789,91.12999725341797,91.12999725341797,3338000,0.0,0.0,0.012218132722823682,6.879427665066467,90.81666666666666,97.91683884094138,48.805410226857795,-3.2822814684379154,0.20781976062811602,-0.00837871882128427,0.0,0.0,0.0,0.0,0.0,0.0,87.58999633789062,-0.038845616396576466,0
2025-12-26,91.51000213623047,91.62000274658203,86.73999786376953,87.58999633789062,87.58999633789062,6234600,0.0,0.0,-0.038845616396576466,6.8702197065708255,90.59099985758463,97.6498327451588,45.86726643426346,-3.1477078868958586,0.12165450692165591,-0.014513962144364623,0.0,0.0,0.0,0.0,0.0,0.0,86.04000091552734,-0.017696032505629455,0
2025-12-29,84.44999694824219,88.61000061035156,84.29000091552734,86.04000091552734,86.04000091552734,8076100,0.0,0.0,-0.017696032505629455,6.911859131946059,90.50466664632161,97.35055673624538,44.60118057611532,-3.130047788190808,-0.0382293561809226,-0.09135073717240094,0.0,0.0,0.0,0.0,0.0,0.0,85.16999816894531,-0.01011160782571574,0
2025-12-30,86.375,86.95999908447266,84.55999755859375,85.16999816894531,85.16999816894531,5802300,0.0,0.0,-0.01011160782571574,6.861445658276744,90.5589998881022,97.03748836809534,43.86920771006794,-3.149943396759582,-0.08645291105622221,-0.1022452229030445,0.0,0.0,0.0,0.0,0.0,0.0,83.70500183105469,-0.01720084970513469,0
2025-12-31,85.37000274658203,86.47000122070312,82.9000015258789,83.70500183105469,83.70500183105469,7055900,0.0,0.0,-0.01720084970513469,6.926065754394912,90.48316650390625,96.69579083191444,42.601344125213515,-3.2465001381564775,-0.07025432671333853,-0.1642036889093288,0.0,0.0,0.0,0.0,0.0,0.0,89.94999694824219,0.07460719169198549,1
2026-01-02,86.98500061035156,90.76000213623047,86.01000213623047,89.94999694824219,89.94999694824219,9099500,0.0,0.0,0.07460719169198549,6.926736441891039,90.46349970499675,96.52338409275958,49.3247439236985,-2.786976605536168,-0.012948538798858822,-0.06739243344391277,0.0,0.0,0.0,0.0,0.0,0.0,92.83000183105469,0.03201784302971866,1
2026-01-05,95.0,95.44000244140625,90.88999938964844,92.83000183105469,92.83000183105469,10025600,0.0,0.0,0.03201784302971866,6.887329424558404,90.38883310953776,96.42924570041835,52.110683283981245,-2.1654466493781115,0.05982424605830561,-0.06156486504871872,0.0,0.0,0.0,0.0,0.0,0.0,100.23999786376953,0.07982328866265265,1
2026-01-06,95.71499633789062,100.68000030517578,90.94000244140625,100.23999786376953,100.23999786376953,18739600,0.0,0.0,0.07982328866265265,7.025834717698844,90.90883305867513,96.52611910722086,58.441313607381325,-1.0627047306972202,0.1650394792787544,-0.02490277346294789,0.0,0.0,0.0,0.0,0.0,0.0,96.20999908447266,-0.040203500251205226,0
2026-01-07,99.01000213623047,102.3499984741211,95.55999755859375,96.20999908447266,96.20999908447266,10185800,0.0,0.0,-0.040203500251205226,6.936947348565993,91.34049962361654,96.51810368535374,54.24166505315745,-0.5081039308689412,0.12962312026387646,-0.018665869175495398,0.0,0.0,0.0,0.0,0.0,0.0,97.30000305175781,0.011329424983448133,1
2026-01-08,96.79000091552734,102.54000091552734,96.02100372314453,97.30000305175781,97.30000305175781,12952000,0.0,0.0,0.011329424983448133,7.021510190168599,91.52049967447917,96.53787948728744,55.17981968230306,0.019154606909495442,0.16241563733721054,-0.03020032616364421,0.0,0.0,0.0,0.0,0.0,0.0,97.93000030517578,0.006474791712831163,1
2026-01-09,98.8949966430664,104.97000122070312,97.0999984741211,97.93000030517578,97.93000030517578,11735300,0.0,0.0,0.006474791712831163,7.098144282239799,91.8221664428711,96.57300289101802,55.744582268276375,0.48228680792699663,0.08871599363727989,0.015765963959441187,0.0,0.0,0.0,0.0,0.0,0.0,107.33000183105469,0.0959869447215973,1
2026-01-12,98.31999969482422,108.68000030517578,96.55000305175781,107.33000183105469,107.33000183105469,16033500,0.0,0.0,0.0959869447215973,7.629499774778045,92.24349975585938,96.84375635462509,63.1963193551403,1.5895011975928384,0.15619950138953098,0.14681062112192134,0.0,0.0,0.0,0.0,0.0,0.0,105.43000030517578,-0.017702427033120194,0
2026-01-13,107.33000183105469,107.94999694824219,103.91999816894531,105.43000030517578,105.43000030517578,10405200,0.0,0.0,-0.017702427033120194,7.989943891051548,92.59549967447917,97.0593695874255,60.96192184851626,2.2872958119607034,0.051775763687262666,0.11826476103357098,0.0,0.0,0.0,0.0,0.0,0.0,101.9800033569336,-0.03272310479233509,0
2026-01-14,105.77999877929688,106.69999694824219,99.38300323486328,101.9800033569336,101.9800033569336,10468000,0.0,0.0,-0.03272310479233509,8.056318315035714,92.65649973551432,97.18265391615161,57.019683316633085,2.532721513249996,0.059973020760501816,0.1629604346866771,0.0,0.0,0.0,0.0,0.0,0.0,103.88500213623047,0.018680120774553277,1
2026-01-15,104.55500030517578,108.12999725341797,101.0999984741211,103.88500213623047,103.88500213623047,11190900,0.0,0.0,0.018680120774553277,8.288067202532774,92.9043332417806,97.3502072696423,58.611258447399955,2.8481093982125714,0.0676772752100514,0.2803180049010916,0.0,0.0,0.0,0.0,0.0,0.0,108.7300033569336,0.0466381202394317,1
2026-01-16,105.99500274658203,110.5,100.70999908447266,108.7300033569336,108.7300033569336,15674400,0.0,0.0,0.0466381202394317,8.716068034229233,93.23133341471355,97.63408015495,62.42252242481307,3.449246905197029,0.11028288591955637,0.3431748913647692,0.0,0.0,0.0,0.0,0.0,0.0,99.29000091552734,-0.08682058447489482,0
2026-01-20,101.83000183105469,104.47000122070312,98.33999633789062,99.29000091552734,99.29000091552734,16768600,0.0,0.0,-0.08682058447489482,8.60605793072874,93.11433334350586,97.67530087939123,52.3143909666781,3.127867299614607,-0.07490916592159291,0.31597090697881836,0.0,0.0,0.0,0.0,0.0,0.0,98.87000274658203,-0.004230014755490119,0
2026-01-21,101.08999633789062,102.4000015258789,93.0999984741211,98.87000274658203,98.87000274658203,15470500,0.0,0.0,-0.004230014755490119,8.623754934456862,93.14200007120768,97.7049795853941,51.911623712536205,2.8069248225089183,-0.062221355777343224,0.26610330878717936,0.0,0.0,0.0,0.0,0.0,0.0,96.8499984741211,-0.020430911462989365,0
2026-01-22,102.01000213623047,103.9800033569336,96.5,96.8499984741211,96.8499984741211,10237100,0.0,0.0,-0.020430911462989365,8.546795180762281,93.0259999593099,97.68378263453846,49.92092657267469,2.3623464745801357,-0.0503040273969918,0.08260674564360793,0.0,0.0,0.0,0.0,0.0,0.0,94.5,-0.024264310904961173,0
2026-01-23,96.69999694824219,98.88500213623047,93.52999877929688,94.5,94.5,10064600,0.0,0.0,-0.024264310904961173,8.527810729394476,92.96233317057292,97.60500312944309,47.63246506158267,1.7996445120327706,-0.09034029882314842,0.01362218810830873,0.0,0.0,0.0,0.0,0.0,0.0,91.45999908447266,-0.032169321857432154,0
2026-01-26,97.70999908447266,100.87999725341797,91.36000061035156,91.45999908447266,91.45999908447266,14675900,0.0,0.0,-0.032169321857432154,8.53127094929762,92.89133326212566,97.45324012469266,44.773104014578294,1.0957651861540683,-0.15883384290689118,0.01588359796251182,0.0,0.0,0.0,0.0,0.0,0.0,97.87000274658203,0.07008532392602684,1
2026-01-27,94.3499984741211,99.54000091552734,93.52999877929688,97.87000274658203,97.87000274658203,11670900,0.0,0.0,0.07008532392602684,8.576479645003447,93.01100006103516,97.46351382263894,51.39813777195203,1.0431447507632043,-0.014301522367326847,0.07396033903546795,0.0,0.0,0.0,0.0,0.0,0.0,100.43000030517578,0.02615712155666783,1
2026-01-28,100.0,101.8499984741211,96.44000244140625,100.43000030517578,100.43000030517578,11834100,0.0,0.0,0.02615712155666783,8.619229478661705,93.43566665649413,97.53650906200055,53.782696491772334,1.1942465539115688,0.015778269599043604,0.1465921281438698,0.0,0.0,0.0,0.0,0.0,0.0,94.91000366210938,-0.05496362268538124,0
2026-01-29,98.36000061035156,99.25,91.16000366210938,94.91000366210938,94.91000366210938,13332200,0.0,0.0,-0.05496362268538124,8.302704564583932,93.89466679890951,97.47199358484465,48.281924657620614,0.8586798976275247,-0.02003092248401117,0.1030916161343427,0.0,0.0,0.0,0.0,0.0,0.0,85.19000244140625,-0.10241282104789984,0
2026-01-30,91.5510025024414,92.04000091552734,84.12000274658203,85.19000244140625,85.19000244140625,18182300,0.0,0.0,-0.10241282104789984,8.108572812608987,94.0360003153483,97.1708270857337,40.4387638508021,-0.18939868997449594,-0.09851849268353174,0.00023487463767768446,0.0,0.0,0.0,0.0,0.0,0.0,88.16000366210938,0.034863260190019396,1
2026-02-02,85.80999755859375,89.25,84.22000122070312,88.16000366210938,88.16000366210938,10501300,0.0,0.0,0.034863260190019396,7.405549282635251,94.45966720581055,96.95024362562876,43.46100835021879,-0.7714613186097523,-0.036081297347438146,0.053222647794051836,0.0,0.0,0.0,0.0,0.0,0.0,89.94999694824219,0.020303915741579637,1
2026-02-03,89.93000030517578,91.38999938964844,84.75,89.94999694824219,89.94999694824219,9743100,0.0,0.0,0.020303915741579637,6.792757280903349,94.85500055948893,96.77915929465308,45.263697351310455,-1.0759102234203937,-0.08092373123609053,0.0,0.0,0.0,0.0,0.0,0.0,0.0,82.38999938964844,-0.08404666831666285,0
2026-02-04,87.0,87.66500091552734,78.44000244140625,82.38999938964844,82.38999938964844,15962800,0.0,0.0,-0.08404666831666285,7.101988655201956,94.6193339029948,96.42805338968896,39.5309253781238,-1.9052542107989439,-0.1796276098845897,-0.11246366730021684,0.0,0.0,0.0,0.0,0.0,0.0,73.87000274658203,-0.10341056810514881,0
2026-02-05,79.13999938964844,80.81999969482422,73.5199966430664,73.87000274658203,73.87000274658203,17441100,0.0,0.0,-0.10341056810514881,8.049030553857616,93.9740005493164,95.87847836168848,34.26402113709224,-3.2129706942512684,-0.22168370144028426,-0.26306859217041745,0.0,0.0,0.0,0.0,0.0,0.0,86.0999984741211,0.16556105689470746,1
2026-02-06,79.2249984741211,86.66000366210938,77.12000274658203,86.0999984741211,86.0999984741211,16895700,0.0,0.0,0.16556105689470746,8.14682045338141,93.84300053914389,95.64061038058468,45.49089960080932,-3.2253076452521015,0.010681958054183038,-0.10508263908697213,0.0,0.0,0.0,0.0,0.0,0.0,92.87999725341797,0.07874563181711003,1
2026-02-09,84.44999694824219,93.68000030517578,83.80999755859375,92.87999725341797,92.87999725341797,13235600,0.0,0.0,0.07874563181711003,8.132978261493825,93.90133387247721,95.57355626065548,50.53455915984382,-2.6573631014455685,0.05353894504586121,-0.0454265740977281,0.0,0.0,0.0,0.0,0.0,0.0,91.79000091552734,-0.011735533700723888,0
2026-02-10,92.91500091552734,95.552001953125,91.66000366210938,91.79000091552734,91.79000091552734,10388600,0.0,0.0,-0.011735533700723888,8.056377792124962,94.0413340250651,95.48178833049147,49.73777045292657,-2.2690602396460235,0.020455853582117545,-0.06269783897186332,0.0,0.0,0.0,0.0,0.0,0.0,88.61000061035156,-0.03464429974352301,0
2026-02-11,92.91500091552734,94.75,87.13999938964844,88.61000061035156,88.61000061035156,13933000,0.0,0.0,-0.03464429974352301,7.981680228011878,94.12700068155924,95.31535252805118,47.39014127688148,-2.192651352442212,0.0754946142345112,-0.17441536291194504,0.0,0.0,0.0,0.0,0.0,0.0,89.7300033569336,0.012639687832833424,1
2026-02-12,84.0999984741211,90.76000213623047,79.69000244140625,89.7300033569336,89.7300033569336,25735500,0.0,0.0,0.012639687832833424,7.847516471820835,94.27900085449218,95.18026091777547,48.31543718374055,-2.0184544114304828,0.2147015029194026,-0.14891394197853802,0.0,0.0,0.0,0.0,0.0,0.0,98.01000213623047,0.09227681343508021,1
2026-02-13,89.86000061035156,100.31999969482422,88.86000061035156,98.01000213623047,98.01000213623047,20543800,0.0,0.0,0.09227681343508021,7.61398835760318,94.75583419799804,95.24861119478754,54.6637070424364,-1.1984602739824481,0.13832757111707905,-0.03892921249284509,0.0,0.0,0.0,0.0,0.0,0.0,97.5199966430664,-0.004999545785979831,0
2026-02-17,96.0,99.29000091552734,93.5,97.5199966430664,97.5199966430664,11665200,0.0,0.0,-0.004999545785979831,7.574562925262444,95.00816752115885,95.3034027987615,54.239124083284764,-0.5814458150492641,0.04995692858375578,-0.06126972481376336,0.0,0.0,0.0,0.0,0.0,0.0,101.80000305175781,0.04388850036938252,1
2026-02-18,99.7300033569336,104.4000015258789,96.85700225830078,101.80000305175781,101.80000305175781,13132500,0.0,0.0,0.04388850036938252,7.662152158106325,95.30716756184896,95.45991661718129,57.354863591388735,0.2500212473728993,0.10905329596240554,-0.06373586030735523,0.0,0.0,0.0,0.0,0.0,0.0,107.61000061035156,0.05707266585876036,1
2026-02-19,100.43000030517578,107.9800033569336,100.43000030517578,107.61000061035156,107.61000061035156,17315000,0.0,0.0,0.05707266585876036,7.938915535847254,95.55283432006836,95.75226627604867,61.21535707624985,1.3620818992738322,0.21442274990550425,0.08379494025690049,0.0,0.0,0.0,0.0,0.0,0.0,97.91999816894531,-0.09004741554173101,0
2026-02-20,106.59100341796875,108.31999969482422,97.02999877929688,97.91999816894531,97.91999816894531,17238800,0.0,0.0,-0.09004741554173101,7.949927663818418,95.60983428955078,95.80436159609096,52.65408996865571,1.444840541200577,0.09127376023193756,-0.009608622951813972,0.0,0.0,0.0,0.0,0.0,0.0,100.61000061035156,0.027471430675122033,1
2026-02-23,96.30500030517578,101.16300201416016,95.30000305175781,100.61000061035156,100.61000061035156,8882200,0.0,0.0,0.027471430675122033,7.99702301492238,95.72016754150391,95.91971405415434,54.55422575665123,1.707801603093543,0.026527889168976637,0.03882294471316028,0.0,0.0,0.0,0.0,0.0,0.0,102.58000183105469,0.01958057060681928,1
2026-02-24,99.36499786376953,103.75,97.74800109863281,102.58000183105469,102.58000183105469,7436000,0.0,0.0,0.01958057060681928,8.085901206033796,95.87516759236654,96.07939889203435,55.948540985562374,2.0515141950817934,0.05188684743815619,0.08550266487888569,0.0,0.0,0.0,0.0,0.0,0.0,106.12000274658203,0.03450965931310468,1
2026-02-25,104.98999786376953,107.44000244140625,102.80000305175781,106.12000274658203,106.12000274658203,8737200,0.0,0.0,0.03450965931310468,8.029614942758553,95.83483428955078,96.3198559890692,58.417423488412936,2.579818843660732,0.042436145042429985,0.16028869242136512,0.0,0.0,0.0,0.0,0.0,0.0,104.87999725341797,-0.011684936497082798,0
2026-02-26,106.0,108.31999969482422,102.0,104.87999725341797,104.87999725341797,8529300,0.0,0.0,-0.011684936497082798,8.007549124528655,95.81650085449219,96.52463129189051,57.207936158654604,2.8654152800595085,-0.025369420513421836,0.07162556769296446,0.0,0.0,0.0,0.0,0.0,0.0,91.19000244140625,-0.13053008362436402,0
2026-02-27,98.69999694824219,99.30000305175781,88.4000015258789,91.19000244140625,91.19000244140625,22945200,0.0,0.0,-0.13053008362436402,7.9633630197541105,95.45683415730794,96.39715446762366,45.90725529261633,1.964439508415893,-0.06872953281644811,-0.09200435961059472,0.0,0.0,0.0,0.0,0.0,0.0,91.01000213623047,-0.001973903940746591,0
2026-03-02,88.0,91.38700103759766,86.80000305175781,91.01000213623047,91.01000213623047,11049500,0.0,0.0,-0.001973903940746591,7.839454031079047,95.02766749064128,96.26855834330937,45.77920775127682,1.2218010361065694,-0.0954179347568096,-0.04109157491725912,0.0,0.0,0.0,0.0,0.0,0.0,86.80000305175781,-0.04625864174984662,0
2026-03-03,86.1500015258789,89.87000274658203,83.52999877929688,86.80000305175781,86.80000305175781,10158200,0.0,0.0,-0.04625864174984662,7.534206521012299,94.29666748046876,96.04276825293113,42.7740729032219,0.29019773583668496,-0.1538311415248942,0.018898938422486022,0.0,0.0,0.0,0.0,0.0,0.0,97.77999877929688,0.12649764218316695,1
2026-03-04,90.4000015258789,98.4800033569336,90.1500015258789,97.77999877929688,97.77999877929688,12975800,0.0,0.0,0.12649764218316695,7.504683557692728,94.24633407592773,96.08415314331037,51.68256876268751,0.4328991086387788,-0.07859031051102927,0.10911972229558908,0.0,0.0,0.0,0.0,0.0,0.0,95.6500015258789,-0.021783568009912435,0
2026-03-05,96.75,99.25,91.62000274658203,95.6500015258789,95.6500015258789,8769300,0.0,0.0,-0.021783568009912435,7.459163169461065,94.1390007019043,96.07382078686332,50.05470517612588,0.36985454450862676,-0.08800530100355497,0.06336859111753546,0.0,0.0,0.0,0.0,0.0,0.0,89.33000183105469,-0.06607422471513802,0
2026-03-06,92.30000305175781,94.94999694824219,88.80000305175781,89.33000183105469,89.33000183105469,7829400,0.0,0.0,-0.06607422471513802,7.491204705011407,93.88833414713541,95.91347867393704,45.477568782494636,-0.18791373118625643,-0.020396979499443413,0.08423355374218144,0.0,0.0,0.0,0.0,0.0,0.0,94.94000244140625,0.06280085632329291,1
2026-03-09,87.36000061035156,95.19999694824219,86.5,94.94000244140625,94.94000244140625,9983800,0.0,0.0,0.06280085632329291,7.49287410378465,93.90300089518229,95.89035479498285,49.86045196793167,-0.17524878475181538,0.04318207024424714,0.28523079614748115,0.0,0.0,0.0,0.0,0.0,0.0,96.43000030517578,0.01569409969932445,1
2026-03-10,95.13999938964844,98.4000015258789,95.0,96.43000030517578,96.43000030517578,7125500,0.0,0.0,0.01569409969932445,7.491940064917157,94.06866760253907,95.9031617883986,50.987389739686115,-0.0444687403243762,0.11094466491753141,0.11997679458913768,0.0,0.0,0.0,0.0,0.0,0.0,111.99500274658203,0.16141244832673518,1
2026-03-11,105.16000366210938,114.08000183105469,104.48999786376953,111.99500274658203,111.99500274658203,34845300,0.0,0.0,0.16141244832673518,8.153693121649288,94.5395009358724,96.28471669611258,60.879194570220584,1.300153640126382,0.14537742017537147,0.20580325213630046,0.0,0.0,0.0,0.0,0.0,0.0,108.04000091552734,-0.03531409200465763,0
2026-03-12,109.08999633789062,111.04000091552734,106.5199966430664,108.04000091552734,108.04000091552734,13302400,0.0,0.0,-0.03531409200465763,8.456039970252668,94.79316762288411,96.56320458953145,57.692995027649346,2.0233174258640645,0.12953475370615886,0.17703453358666565,0.0,0.0,0.0,0.0,0.0,0.0,112.94999694824219,0.045446093956939215,1
2026-03-13,110.44000244140625,116.56999969482422,110.13999938964844,112.94999694824219,112.94999694824219,15433700,0.0,0.0,0.045446093956939215,9.082841919317724,95.39450073242188,96.95108510546635,60.45970189326675,2.9585215862356335,0.2644127911455638,0.2746867867084428,0.0,0.0,0.0,0.0,0.0,0.0,129.85000610351562,0.14962381241158984,1
2026-03-16,124.75,132.3000030517578,124.4229965209961,129.85000610351562,129.85000610351562,34657700,0.0,0.0,0.14962381241158984,10.842141128688588,96.88316752115885,97.72916685902698,68.17438588127473,5.005664931263809,0.36770594864535266,0.44711914906533745,0.0,0.0,0.0,0.0,0.0,0.0,116.33000183105469,-0.10412016663043411,0
2026-03-17,120.33999633789062,121.5,113.11000061035156,116.33000183105469,116.33000183105469,57203800,0.0,0.0,-0.10412016663043411,11.27194083245566,97.8221674601237,98.16873286636554,58.363773104873935,5.473988693454089,0.20636732824743964,0.186919694883386,0.0,0.0,0.0,0.0,0.0,0.0,118.55999755859375,0.01916956668476355,1
2026-03-18,114.80000305175781,122.77400207519531,114.0,118.55999755859375,118.55999755859375,35792300,0.0,0.0,0.01916956668476355,11.781699686975752,98.77583414713541,98.65022835159691,59.40153192199713,5.95641877949285,0.058618640573336434,0.2157506320732967,0.0,0.0,0.0,0.0,0.0,0.0,121.5199966430664,0.024966254600416793,1
2026-03-19,115.25499725341797,121.80000305175781,114.7699966430664,121.5199966430664,121.5199966430664,14606000,0.0,0.0,0.024966254600416793,12.06763664072099,100.08016738891601,99.18983131840929,60.79823135188145,6.502636935925693,0.12476856361819721,0.19371309430396022,0.0,0.0,0.0,0.0,0.0,0.0,117.62000274658203,-0.03209343321444946,0
2026-03-20,120.4749984741211,123.7239990234375,112.63400268554688,117.62000274658203,117.62000274658203,17414000,0.0,0.0,-0.03209343321444946,11.416984895690197,101.53850072224935,99.62435590904848,57.96851739779549,6.545370885138695,0.04134578065088235,0.09302111401779478,0.0,0.0,0.0,0.0,0.0,0.0,114.1500015258789,-0.0295017951001022,0
2026-03-23,116.70999908447266,121.30999755859375,113.55000305175781,114.1500015258789,114.1500015258789,13470100,0.0,0.0,-0.0295017951001022,11.25649946244364,102.4735008239746,99.9665721126598,55.49368638381285,6.2274515640940535,-0.12090877042486059,0.1657475864014144,0.0,0.0,0.0,0.0,0.0,0.0,114.91000366210938,0.006657924888929356,1
2026-03-24,116.17500305175781,117.80000305175781,112.01000213623047,114.91000366210938,114.91000366210938,11830600,0.0,0.0,0.006657924888929356,11.327428632992955,103.207834370931,100.31837802731924,55.9373904814225,5.968028317002307,-0.012206637553462518,0.1421330182388103,0.0,0.0,0.0,0.0,0.0,0.0,115.08999633789062,0.0015663795147942139,1
2026-03-25,116.87000274658203,118.80000305175781,113.33000183105469,115.08999633789062,115.08999633789062,12131100,0.0,0.0,0.0015663795147942139,11.316346232562784,103.98450088500977,100.66589490300144,56.049144680502884,5.711123156613823,-0.02926789214033354,0.12195354146551307,0.0,0.0,0.0,0.0,0.0,0.0,105.97000122070312,-0.07924229218334733,0
2026-03-26,113.25499725341797,113.30000305175781,105.41000366210938,105.97000122070312,105.97000122070312,13405500,0.0,0.0,-0.07924229218334733,10.940674455112461,104.56316757202148,100.79059369281875,49.23526621577082,4.717239182213433,-0.1279624411777872,-0.0014135084997793923,0.0,0.0,0.0,0.0,0.0,0.0,100.81999969482422,-0.04859867383744787,0
2026-03-27,105.83000183105469,106.26000213623047,100.2699966430664,100.81999969482422,100.81999969482422,11552100,0.0,0.0,-0.04859867383744787,10.604392897397828,104.93283411661784,100.79128456100726,45.8458648614382,3.473971112659086,-0.14283287416643098,-0.03871088543970602,0.0,0.0,0.0,0.0,0.0,0.0,92.26000213623047,-0.08490376497227059,0
2026-03-30,102.23999786376953,102.23999786376953,89.65299987792969,92.26000213623047,92.26000213623047,16685000,0.0,0.0,-0.08490376497227059,10.78427062964643,104.74116744995118,100.59098059068543,40.816290774473636,1.7774624653123539,-0.19176521328986373,0.011733739074212046,0.0,0.0,0.0,0.0,0.0,0.0,103.76000213623047,0.12464773177675825,1
2026-03-31,97.9800033569336,103.88999938964844,95.7300033569336,103.76000213623047,103.76000213623047,21546900,0.0,0.0,0.12464773177675825,10.70003827362744,104.94916763305665,100.66533780662382,48.92333360345406,1.3454119585271656,-0.0970324703727734,0.14009449182206213,0.0,0.0,0.0,0.0,0.0,0.0,101.94999694824219,-0.017444151414066633,0
2026-04-01,105.94499969482422,107.87000274658203,101.3499984741211,101.94999694824219,101.94999694824219,14922000,0.0,0.0,-0.017444151414066633,10.698550965294718,104.95416742960612,100.69546197286235,47.81320121976355,0.847190640966744,-0.11417151627210897,0.1745390940533793,0.0,0.0,0.0,0.0,0.0,0.0,108.81999969482422,0.06738600247403426,1
2026-04-02,96.41000366210938,108.95999908447266,96.19000244140625,108.81999969482422,108.81999969482422,13686800,0.0,0.0,0.06738600247403426,10.711182033217016,104.99450073242187,100.88585951013634,52.24275304589035,0.9952261167824474,0.026894389367660976,0.11290653562438857,0.0,0.0,0.0,0.0,0.0,0.0,112.54000091552734,0.03418490379650363,1
2026-04-06,108.66000366210938,113.83999633789062,107.44999694824219,112.54000091552734,112.54000091552734,10920700,0.0,0.0,0.03418490379650363,10.710797591594181,105.48183415730794,101.15881050996127,54.49506471112589,1.396618953141072,0.11624678889286688,0.1765812767402697,0.0,0.0,0.0,0.0,0.0,0.0,117.4000015258789,0.043184650531498336,1
2026-04-07,110.625,117.9000015258789,110.27999877929688,117.4000015258789,117.4000015258789,13136900,0.0,0.0,0.043184650531498336,10.884702193434215,106.04150085449218,101.53897370269674,57.326614648371766,2.0828769909641522,0.2724907739816318,0.3142281329839396,0.0,0.0,0.0,0.0,0.0,0.0,125.0,0.06473593164686453,1
2026-04-08,126.87999725341797,127.75,119.3499984741211,125.0,125.0,18679200,0.0,0.0,0.06473593164686453,11.396480123746073,106.78883412679036,102.08782271419271,61.37427643612088,3.2030747394339016,0.20470313633843928,0.3166209899472645,0.0,0.0,0.0,0.0,0.0,0.0,136.3300018310547,0.0906400146484374,1
2026-04-09,125.0,136.5500030517578,124.55000305175781,136.3300018310547,136.3300018310547,20407800,0.0,0.0,0.0906400146484374,12.60586180407193,107.79583409627278,102.88844324594403,66.47892874825453,4.948038081715879,0.3372241874638455,0.4137716623416552,0.0,0.0,0.0,0.0,0.0,0.0,144.97000122070312,0.0633756273278383,1
2026-04-10,134.88499450683594,149.82000732421875,134.88499450683594,144.97000122070312,144.97000122070312,25785100,0.0,0.0,0.0633756273278383,14.297537509030382,109.13216756184896,103.87182514548394,69.76084575337651,6.948017425621401,0.33219997819572034,0.29443276633275905,0.0,0.0,0.0,0.0,0.0,0.0,154.55999755859375,0.06615159175787522,1
2026-04-13,142.6999969482422,159.5,142.3000030517578,154.55999755859375,154.55999755859375,23439600,0.0,0.0,0.06615159175787522,16.120318825610486,111.24450073242187,105.05570489717634,72.92898105477067,9.200787076141253,0.37337832149660866,0.43058123147776306,0.0,0.0,0.0,0.0,0.0,0.0,161.94000244140625,0.04774847955089245,1
2026-04-14,161.10000610351562,166.10000610351562,158.52000427246094,161.94000244140625,161.94000244140625,21983200,0.0,0.0,0.04774847955089245,18.12692081374967,113.60883407592773,106.38361683956751,75.09170446643478,11.449643606930849,0.37938671496276966,0.43373180006027856,0.0,0.0,0.0,0.0,0.0,0.0,166.77000427246094,0.02982587228749911,1
2026-04-15,160.2259979248047,166.80999755859375,156.5,166.77000427246094,166.77000427246094,14356300,0.0,0.0,0.02982587228749911,19.846997265626282,116.27450078328451,107.7925716798761,76.41948122870389,13.466387261657204,0.33416003417968754,0.2843280433850186,0.0,0.0,0.0,0.0,0.0,0.0,165.33999633789062,-0.00857473105435691,0
2026-04-16,167.0,168.7100067138672,160.08999633789062,165.33999633789062,165.33999633789062,13912300,0.0,0.0,-0.00857473105435691,21.444738004229414,118.5265007019043,109.13462623181124,75.14233225291636,14.778919266885552,0.21279244566273992,0.4213014161042723,0.0,0.0,0.0,0.0,0.0,0.0,157.13999938964844,-0.04959475704526195,0
2026-04-17,163.77999877929688,164.05999755859375,154.72999572753906,157.13999938964844,157.13999938964844,17203600,0.0,0.0,-0.04959475704526195,22.11105272514702,120.57616729736328,110.2536140588063,68.11280429843956,14.984704764946713,0.08394838978043206,0.3254048804445022,0.0,0.0,0.0,0.0,0.0,0.0,159.16000366210938,0.012854806416614961,1
2026-04-20,157.0,161.75,154.0399932861328,159.16000366210938,159.16000366210938,12962500,0.0,0.0,0.012854806416614961,22.382189290955537,122.90383402506511,111.39306915774664,68.8850124885762,15.136306794963645,0.029761944721639733,0.30974331845647396,0.0,0.0,0.0,0.0,0.0,0.0,156.5500030517578,-0.01639859606872396,0
2026-04-21,161.22000122070312,163.25,155.39999389648438,156.5500030517578,156.5500030517578,10061200,0.0,0.0,-0.01639859606872396,22.553745719733914,124.95750071207682,112.44468448987887,66.63946330710365,14.874384612584578,-0.03328392804982616,0.3309811205246471,0.0,0.0,0.0,0.0,0.0,0.0,156.13999938964844,-0.002618994916108841,0
2026-04-22,162.86000061035156,167.42999267578125,155.35000610351562,156.13999938964844,156.13999938964844,12899100,0.0,0.0,-0.002618994916108841,22.584064475172838,126.94783401489258,113.46180596457128,66.27397569266333,14.46695942414118,-0.06374050854760249,0.3678492974373724,0.0,0.0,0.0,0.0,0.0,0.0,157.0800018310547,0.006020253907267348,1
2026-04-23,155.89999389648438,165.80999755859375,154.07000732421875,157.0800018310547,157.0800018310547,13968700,0.0,0.0,0.006020253907267348,23.049993802546386,128.45066731770834,114.47668822749209,66.72457519853273,14.057871970696368,-0.049957630880526516,0.36698282851809294,0.0,0.0,0.0,0.0,0.0,0.0,147.16000366210938,-0.06315252134778193,0
2026-04-24,163.6699981689453,165.25,145.80999755859375,147.16000366210938,147.16000366210938,18386600,0.0,0.0,-0.06315252134778193,22.96188422741951,129.75466740926106,115.23681932973489,57.928566716952936,12.785819303144876,-0.06351021869862938,0.278651562643768,0.0,0.0,0.0,0.0,0.0,0.0,144.9600067138672,-0.014949693486645654,0
2026-04-27,148.38999938964844,148.8000030517578,138.55999755859375,144.9600067138672,144.9600067138672,14122100,0.0,0.0,-0.014949693486645654,22.89770835857326,130.8216677347819,115.92781690777363,56.16039221362695,11.467991168273016,-0.08921837535508126,0.36793436863287177,0.0,0.0,0.0,0.0,0.0,0.0,135.50999450683594,-0.06519047854132887,0
2026-04-28,138.39999389648438,141.4600067138672,132.6999969482422,135.50999450683594,135.50999450683594,16041400,0.0,0.0,-0.06519047854132887,22.912739136056558,131.01033401489258,116.38287316650846,49.21180364336015,9.550968252148408,-0.1343980078873951,0.344078505425671,0.0,0.0,0.0,0.0,0.0,0.0,141.19000244140625,0.04191578602922741,1
2026-04-29,140.09500122070312,143.6999969482422,134.22000122070312,141.19000244140625,141.19000244140625,14962700,0.0,0.0,0.04191578602922741,22.8128273570794,131.8390007019043,116.95911885782559,52.97772590166213,8.393290324014828,-0.0957473870032135,0.5303490046848913,0.0,0.0,0.0,0.0,0.0,0.0,138.22999572753906,-0.020964704743139273,0
2026-04-30,145.18499755859375,146.97999572753906,135.0,138.22999572753906,138.22999572753906,12682900,0.0,0.0,-0.020964704743139273,22.700405283256448,132.49466730753582,117.453028682851,50.86119994184038,7.154501778370758,-0.12000258393038155,0.3322088751121228,0.0,0.0,0.0,0.0,0.0,0.0,154.49000549316406,0.1176301111784348,1
2026-05-01,141.3300018310547,156.0,140.0,154.49000549316406,154.49000549316406,15854500,0.0,0.0,0.1176301111784348,22.947512115885687,133.59366760253906,118.31270074517778,60.254724736042164,7.399502964330566,0.0498097421082222,0.5153507613305306,0.0,0.0,0.0,0.0,0.0,0.0,176.4199981689453,0.1419508828792917,1
2026-05-04,160.38499450683594,179.39999389648438,159.6999969482422,176.4199981689453,176.4199981689453,24793300,0.0,0.0,0.1419508828792917,24.02208014174049,135.55366744995118,119.66093948281284,68.89202703353746,9.256531765480162,0.2170253173151142,0.6212093242391026,0.0,0.0,0.0,0.0,0.0,0.0,175.9199981689453,-0.002834145817874778,0
2026-05-05,171.64999389648438,179.9600067138672,168.7100067138672,175.9199981689453,175.9199981689453,11763200,0.0,0.0,-0.002834145817874778,24.760152233599495,137.6126673380534,120.96582125645024,68.52637619156187,10.56609527902495,0.2982068135208349,0.5631775078888712,0.0,0.0,0.0,0.0,0.0,0.0,195.08999633789062,0.10896997708319289,1
2026-05-06,179.59500122070312,195.99000549316406,175.11000061035156,195.08999633789062,195.08999633789062,19331100,0.0,0.0,0.10896997708319289,26.49191617566098,140.28533376057942,122.68446082640074,74.18388513995353,13.000925859763356,0.3817550319743981,0.6617546320464589,0.0,0.0,0.0,0.0,0.0,0.0,184.77000427246094,-0.052898622477575596,0
2026-05-07,190.00999450683594,197.88999938964844,177.0,184.77000427246094,184.77000427246094,19203400,0.0,0.0,-0.052898622477575596,27.25047578806693,142.60800069173177,124.12347547572202,67.1826070495529,13.937150727090938,0.3366853069767539,0.47816003417968744,0.0,0.0,0.0,0.0,0.0,0.0,177.0500030517578,-0.04178168015474659,0
2026-05-08,183.6999969482422,188.25,176.5,177.0500030517578,177.0500030517578,12929600,0.0,0.0,-0.04178168015474659,27.04438292684662,144.97733408610026,125.3497886819769,62.4355709912583,13.89599175679757,0.14602884818715345,0.29868701440468626,0.0,0.0,0.0,0.0,0.0,0.0,186.10000610351562,0.05111552045052603,1
2026-05-11,179.89999389648438,196.45599365234375,178.5500030517578,186.10000610351562,186.10000610351562,14061600,0.0,0.0,0.05111552045052603,26.722934817444038,147.82000096638998,126.75691314964422,65.51201840422834,14.42732338526298,0.054869108009515166,0.2837139031281095,0.0,0.0,0.0,0.0,0.0,0.0,179.11000061035156,-0.03756047965563181,0
2026-05-12,180.4199981689453,185.61000061035156,172.25,179.11000061035156,179.11000061035156,11723200,0.0,0.0,-0.03756047965563181,25.15473629153964,150.71500091552736,127.96914857342108,61.333845811536975,14.121587631639983,0.018133256449575086,0.15883801397221742,0.0,0.0,0.0,0.0,0.0,0.0,207.27000427246094,0.15722183890429786,1
2026-05-13,203.84500122070312,217.33999633789062,195.0,207.27000427246094,207.27000427246094,38770000,0.0,0.0,0.15722183890429786,25.587318016652763,154.16533432006835,129.80478125265014,69.71392711637658,15.967503357469553,0.06243276520173224,0.27991849541595615,0.0,0.0,0.0,0.0,0.0,0.0,221.14999389648438,0.06696574196900151,1
2026-05-14,213.375,233.72999572753906,207.75,221.14999389648438,221.14999389648438,29737800,0.0,0.0,0.06696574196900151,26.440235997112456,158.13866755167643,131.9185627820566,72.83863848614457,18.339003416289813,0.19689337437248566,0.32607776117328613,0.0,0.0,0.0,0.0,0.0,0.0,219.94000244140625,-0.005471361015024434,0
2026-05-15,217.61000061035156,228.7899932861328,211.8000030517578,219.94000244140625,219.94000244140625,22919800,0.0,0.0,-0.005471361015024434,27.068866072156727,161.84266764322916,133.95481826413476,72.13989097911212,19.89150125608535,0.24224794493287982,0.330228664042876,0.0,0.0,0.0,0.0,0.0,0.0,199.86000061035156,-0.09129763393725598,0
2026-05-18,217.47000122070312,218.07000732421875,190.0800018310547,199.86000061035156,199.86000061035156,21056500,0.0,0.0,-0.09129763393725598,26.267448749520415,164.75333429972332,135.4789969186406,61.5819751700634,19.279338434575095,0.07393871066926305,0.2718594971785222,0.0,0.0,0.0,0.0,0.0,0.0,197.72999572753906,-0.010657484620772983,0
2026-05-19,191.0,202.80999755859375,183.0,197.72999572753906,197.72999572753906,16832900,0.0,0.0,-0.010657484620772983,25.352284935657895,167.43100077311198,136.91825306069876,60.56933063938025,18.410101208442967,0.10395843366498969,0.24233470204808683,0.0,0.0,0.0,0.0,0.0,0.0,191.82000732421875,-0.029889184903761135,0
2026-05-20,203.97000122070312,204.25,190.63999938964844,191.82000732421875,191.82000732421875,13064000,0.0,0.0,-0.029889184903761135,24.41382844455632,169.65833435058593,138.18723758662875,57.73261782355136,17.047821102137902,-0.0745404382195739,0.22529545566856446,0.0,0.0,0.0,0.0,0.0,0.0,219.92999267578125,0.14654355269651487,1
2026-05-21,211.74000549316406,226.80999755859375,208.8000030517578,219.92999267578125,219.92999267578125,23027700,0.0,0.0,0.14654355269651487,25.23579297156798,172.44500071207682,140.07610087116268,65.9105159875615,18.028622458836793,-0.005516623352357808,0.4085435733027285,0.0,0.0,0.0,0.0,0.0,0.0,214.77000427246094,-0.023461958692133078,0
2026-05-22,219.25999450683594,221.9199981689453,210.72999572753906,214.77000427246094,214.77000427246094,10606700,0.0,0.0,-0.023461958692133078,25.82610356957946,174.77166748046875,141.80162209026582,63.48243744773551,18.179979176682593,-0.023506402253144598,0.36726509911461536,0.0,0.0,0.0,0.0,0.0,0.0,208.05999755859375,-0.031242755414553902,0
2026-05-26,220.6750030517578,221.00999450683594,205.66000366210938,208.05999755859375,208.05999755859375,11287000,0.0,0.0,-0.031242755414553902,26.226358238413724,176.55500081380208,143.33187251578298,60.36804018904941,17.55611305905461,0.04102870470929787,0.41383522955269436,0.0,0.0,0.0,0.0,0.0,0.0,208.3699951171875,0.0014899431040626965,1
2026-05-27,207.78500366210938,209.63999938964844,198.30999755859375,208.3699951171875,208.3699951171875,13981100,0.0,0.0,0.0014899431040626965,26.69984610021227,178.10266723632813,144.83355777492383,60.46454016644793,16.8919885492447,0.05381075011152969,0.43743091519362065,0.0,0.0,0.0,0.0,0.0,0.0,226.33999633789062,0.08624082949465328,1
2026-05-28,230.3800048828125,232.88999938964844,219.00999450683594,226.33999633789062,226.33999633789062,26016700,0.0,0.0,0.08624082949465328,28.010894560714753,180.0883336385091,146.7150160536185,65.68115573528544,17.612666155469725,0.17996031537693225,0.6702826766513719,0.0,0.0,0.0,0.0,0.0,0.0,231.08999633789062,0.02098612740502559,1
2026-05-29,227.86000061035156,233.60000610351562,210.39999389648438,231.08999633789062,231.08999633789062,23748700,0.0,0.0,0.02098612740502559,29.35704713040525,182.28000030517578,148.66221628312974,66.92352705813654,18.355502842335824,0.05074343670152048,0.6367305924071558,0.0,0.0,0.0,0.0,0.0,0.0,264.510009765625,0.1446190400162064,1
2026-06-01,244.08999633789062,274.7980041503906,238.0,264.510009765625,264.510009765625,24248900,0.0,0.0,0.1446190400162064,32.55696746015692,185.85900065104167,151.33510813205913,74.04329732478708,21.394301855143226,0.23159661267251752,0.9135500104260483,0.0,0.0,0.0,0.0,0.0,0.0,260.5799865722656,-0.014857748471756027,0
2026-06-02,272.1000061035156,278.8399963378906,259.75,260.5799865722656,260.5799865722656,14040400,0.0,0.0,-0.014857748471756027,34.872303986703805,189.2396667480469,153.85506891366836,72.07846500425933,23.217811461090236,0.2524271346243827,0.6867109670974534,0.0,0.0,0.0,0.0,0.0,0.0,251.67999267578125,-0.034154556585703766,0
2026-06-03,260.2149963378906,267.4599914550781,247.50999450683594,251.67999267578125,251.67999267578125,11532600,0.0,0.0,-0.034154556585703766,36.10080379279037,192.410666402181,156.11109240655975,67.69729280427039,23.671925611202767,0.2078514113043779,0.42659559736966224,0.0,0.0,0.0,0.0,0.0,0.0,259.6700134277344,0.03174674580607606,1
2026-06-04,239.74000549316406,264.4700012207031,234.69000244140625,259.6700134277344,259.6700134277344,12304800,0.0,0.0,0.03174674580607606,37.43764901528562,195.86166687011718,158.49882283381288,69.49023597555043,24.39532808952424,0.14725641790718758,0.4760687592684003,0.0,0.0,0.0,0.0,0.0,0.0,227.80999755859375,-0.12269424354617364,0
2026-06-05,246.86000061035156,250.75,216.69000244140625,227.80999755859375,227.80999755859375,20874000,0.0,0.0,-0.12269424354617364,37.1370573813156,198.21933339436848,160.09656587336232,56.11530137212888,22.142547248624993,-0.014193599166019255,0.16771747314010388,0.0,0.0,0.0,0.0,0.0,0.0,218.0,-0.04306219070157613,0
2026-06-08,240.39999389648438,240.39999389648438,217.6999969482422,218.0,218.0,14008400,0.0,0.0,-0.04306219070157613,36.013700783685394,200.5806666056315,161.43105814499577,52.74873249616262,19.342647385712127,-0.17583459244826394,0.17984518568575814,0.0,0.0,0.0,0.0,0.0,0.0,220.1199951171875,0.009724748243979286,1
2026-06-09,230.0,237.65499877929688,200.3000030517578,220.1199951171875,220.1199951171875,22699200,0.0,0.0,0.009724748243979286,34.59740843225946,203.08599955240885,162.7833740940176,53.39938410155655,17.097681036530787,-0.15526899048272658,0.2432645655071739,0.0,0.0,0.0,0.0,0.0,0.0,211.69000244140625,-0.038297259961746266,0
2026-06-10,215.4929962158203,230.99000549316406,211.3699951171875,211.69000244140625,211.69000244140625,15356600,0.0,0.0,-0.038297259961746266,32.17758128905201,205.62533315022787,163.91005751770996,50.42589935150992,14.471480851081054,-0.1588922099417367,0.13750669263093163,0.0,0.0,0.0,0.0,0.0,0.0,222.24000549316406,0.04983703968106834,1
2026-06-11,205.38999938964844,228.49000549316406,205.0,222.24000549316406,222.24000549316406,14297100,0.0,0.0,0.04983703968106834,29.903102586392933,208.3269999186198,165.25356486697677,53.88661963519721,13.09059512756599,-0.1441445141873765,0.2408017683872412,0.0,0.0,0.0,0.0,0.0,0.0,232.36000061035156,0.045536333995000566,1
2026-06-12,234.64999389648438,243.58999633789062,223.5,232.36000061035156,232.36000061035156,17131300,0.0,0.0,0.045536333995000566,27.101544246743455,211.46466674804688,166.79892206757262,56.988390748017174,12.666817089971545,0.019972797947936938,0.1210498182115598,0.0,0.0,0.0,0.0,0.0,0.0,260.07000732421875,0.11925463350438936,1
2026-06-15,251.9600067138672,262.8949890136719,245.24000549316406,260.07000732421875,260.07000732421875,16699200,0.0,0.0,0.11925463350438936,26.29088815368855,214.98400014241537,168.94640596584227,64.10752530824524,14.400930934102377,0.19298168497348045,0.1759892132122418,0.0,0.0,0.0,0.0,0.0,0.0,265.1000061035156,0.01934094142976739,1
2026-06-16,255.47000122070312,277.3450012207031,253.39999389648438,265.1000061035156,265.1000061035156,14643700,0.0,0.0,0.01934094142976739,26.78613053091488,217.94000040690105,171.1598497577721,65.23247027432276,15.996707427606339,0.20434314003315168,0.2053287403874624,0.0,0.0,0.0,0.0,0.0,0.0,280.9100036621094,0.059637861918495405,1
2026-06-17,265.6499938964844,297.92999267578125,264.2900085449219,280.9100036621094,280.9100036621094,24392300,0.0,0.0,0.059637861918495405,27.940526465468228,221.43966725667318,173.68583022946527,68.56719242491467,18.325857392403435,0.3269875781680458,0.4055338877426178,0.0,0.0,0.0,0.0,0.0,0.0,286.69000244140625,0.02057598057721477,1
2026-06-18,298.20001220703125,298.79998779296875,275.57501220703125,286.69000244140625,286.69000244140625,36625500,0.0,0.0,0.02057598057721477,29.898179664023584,224.49300079345704,176.28624742205895,69.7109959740591,20.402930829924514,0.2900017789561502,0.44990648174821746,0.0,0.0,0.0,0.0,0.0,0.0,283.6099853515625,-0.010743371110310096,0
2026-06-22,289.9599914550781,299.8599853515625,278.0,283.6099853515625,283.6099853515625,14697600,0.0,0.0,-0.010743371110310096,30.80214387490704,227.78766682942708,178.75552433431395,68.28504714014849,21.552056167482846,0.2205628533593995,0.4785213977820266,0.0,0.0,0.0,0.0,0.0,0.0,275.25,-0.029477048705458975,0
2026-06-23,257.75,295.2300109863281,251.0,275.25,275.25,18767700,0.0,0.0,-0.029477048705458975,30.440054818048345,231.06100006103514,180.9752720946896,64.43252720951159,21.53986714558789,0.05836887087428333,0.2515346208635172,0.0,0.0,0.0,0.0,0.0,0.0,259.6600036621094,-0.0566394054055972,0
2026-06-24,275.1000061035156,276.1520080566406,249.2100067138672,259.6600036621094,259.6600036621094,15286300,0.0,0.0,-0.0566394054055972,29.64581386029973,233.51299997965495,182.78503002729408,57.87506288368035,20.04120233913656,-0.020520567016818703,0.2090142873615639,0.0,0.0,0.0,0.0,0.0,0.0,256.6300048828125,-0.011669100887943262,0
2026-06-25,272.57000732421875,275.5199890136719,252.55999755859375,256.6300048828125,256.6300048828125,14495500,0.0,0.0,-0.011669100887943262,28.077326708010688,236.0970001220703,184.4832011450849,56.66794588692383,18.396935681156606,-0.08643337176593358,0.2334423142081432,0.0,0.0,0.0,0.0,0.0,0.0,240.3000030517578,-0.06363247290008667,0
2026-06-26,244.85000610351562,248.8000030517578,234.39999389648438,240.3000030517578,240.3000030517578,13155000,0.0,0.0,-0.06363247290008667,27.55061517154368,237.1980000813802,185.76658784157578,50.54871962244708,15.596362675633372,-0.16181240711081168,0.1532370719527676,0.0,0.0,0.0,0.0,0.0,0.0,261.1499938964844,0.08676650262145746,1
2026-06-29,249.375,263.79998779296875,234.5,261.1499938964844,261.1499938964844,14299200,0.0,0.0,0.08676650262145746,27.71460567596909,238.53133341471354,187.49960148583867,56.94191620448265,14.887692352074765,-0.07919323230892861,0.1537951671017428,0.0,0.0,0.0,0.0,0.0,0.0,276.1700134277344,0.05751491434919842,1
2026-06-30,258.260009765625,290.6000061035156,255.8000030517578,276.1700134277344,276.1700134277344,12870300,0.0,0.0,0.05751491434919842,28.308960751887543,240.40566711425782,189.5377701449269,60.86686890830453,15.36098419961914,0.0033424647692439358,0.19507558874997577,0.0,0.0,0.0,0.0,0.0,0.0,229.17999267578125,-0.17014888824723562,0
2026-07-01,240.2740020751953,246.49000549316406,228.1699981689453,229.17999267578125,229.17999267578125,30684800,0.0,0.0,-0.17014888824723562,27.350805197271775,241.38300018310548,190.44884916431275,46.56584732989871,11.808251265777386,-0.11738431239487768,-0.13356778868651775,0.0,0.0,0.0,0.0,0.0,0.0,215.6199951171875,-0.059167457858229966,0
2026-07-02,233.0,237.25999450683594,207.2989959716797,215.6199951171875,215.6199951171875,24804700,0.0,0.0,-0.059167457858229966,26.54950420516203,241.97933349609374,191.02726363781613,43.397114575571976,7.8084948740103926,-0.15980208465628098,-0.17253816014995282,0.0,0.0,0.0,0.0,0.0,0.0,213.02000427246094,-0.012058208438941342,0
2026-07-06,216.25,224.97000122070312,206.2100067138672,213.02000427246094,213.02000427246094,14918900,0.0,0.0,-0.012058208438941342,25.426779563872795,242.68600006103514,191.53257033175063,42.79578032160407,4.378390227616336,-0.11352475419411912,-0.15360771427358877,0.0,0.0,0.0,0.0,0.0,0.0,195.19000244140625,-0.08370106785017906,0
2026-07-07,202.32000732421875,207.52000427246094,193.67999267578125,195.19000244140625,195.19000244140625,17160800,0.0,0.0,-0.08370106785017906,26.56595184873059,241.86133371988933,191.61659230886852,38.82288479903746,0.21875378904550757,-0.2525751215649027,-0.24831519872152197,0.0,0.0,0.0,0.0,0.0,0.0,216.47999572753906,0.10907317495691826,1
2026-07-08,192.6699981689453,218.49000549316406,192.6699981689453,216.47999572753906,216.47999572753906,17925700,0.0,0.0,0.10907317495691826,26.50759087719516,241.9183334350586,192.1877019363575,45.34709930969466,-1.3443665065426558,-0.21613504290108032,-0.04973443638328723,0.0,0.0,0.0,0.0,0.0,0.0,216.1999969482422,-0.00129341641178371,0
2026-07-09,229.1840057373047,229.49899291992188,211.50999450683594,216.1999969482422,216.1999969482422,13994700,0.0,0.0,-0.00129341641178371,26.188807901398043,242.18966674804688,192.7391900827707,45.27870837106265,-2.5760490737246187,-0.05663668794117527,-0.008256894732833975,0.0,0.0,0.0,0.0,0.0,0.0,219.64999389648438,0.015957432918318304,1
2026-07-10,213.03199768066406,224.47999572753906,207.44000244140625,219.64999389648438,219.64999389648438,11490500,0.0,0.0,0.015957432918318304,25.76403635084874,242.56566670735677,193.35716960485578,46.352320114327476,-3.23647242167155,0.018690283232344118,-0.002135204575363092,0.0,0.0,0.0,0.0,0.0,0.0,210.50999450683594,-0.04161165328306771,0
2026-07-13,212.69000244140625,219.0,204.6999969482422,210.50999450683594,210.50999450683594,10842300,0.0,0.0,-0.04161165328306771,26.265043163851686,242.03799997965496,193.7510181410811,43.89523376693331,-4.446132005457514,-0.011782976787544364,-0.005574226089854806,0.0,0.0,0.0,0.0,0.0,0.0,194.08999633789062,-0.07800103841821204,0
2026-07-14,217.0399932861328,222.75,193.0,194.08999633789062,194.08999633789062,17928500,0.0,0.0,-0.07800103841821204,27.6300942974716,240.8046666463216,193.75880052676303,39.81225313854484,-6.653060228391325,-0.00563556580642921,-0.12666490487528048,0.0,0.0,0.0,0.0,0.0,0.0,199.50999450683594,0.027925180437994523,1
2026-07-15,197.4199981689453,203.25,187.24000549316406,199.50999450683594,199.50999450683594,18844400,0.0,0.0,0.027925180437994523,28.24871951384026,238.63799947102865,193.89082292317582,41.73867341664797,-7.873952170450508,-0.07839062063758306,-0.14137547778114512,0.0,0.0,0.0,0.0,0.0,0.0,171.77000427246094,-0.13904060447169486,0
2026-07-16,190.41000366210938,193.10000610351562,169.2310028076172,171.77000427246094,171.77000427246094,28410900,0.0,0.0,-0.13904060447169486,30.43856750241061,235.67766672770182,193.38308385529461,35.47955746502406,-10.953636506481757,-0.2055041318359394,-0.33952397648713784,0.0,0.0,0.0,0.0,0.0,0.0,177.7100067138672,0.034581139277287454,1
2026-07-17,165.0749969482422,186.77000427246094,164.30999755859375,177.7100067138672,177.7100067138672,24912200,0.0,0.0,0.034581139277287454,32.050862183243886,233.21200052897134,193.02338040798935,37.63617005840695,-12.767820489454124,-0.1909400789803002,-0.32964917909328373,0.0,0.0,0.0,0.0,0.0,0.0,182.6199951171875,0.027629217364365743,1
2026-07-20,186.96499633789062,194.33999633789062,179.0800018310547,182.6199951171875,182.6199951171875,16901600,0.0,0.0,0.027629217364365743,32.93259030495991,230.64366658528647,192.7846448656723,39.43816009958611,-13.652007492492885,-0.1324877683598189,-0.3498985698748889,0.0,0.0,0.0,0.0,0.0,0.0,216.9199981689453,0.1878217280081924,1
2026-07-21,193.0500030517578,217.6199951171875,192.1199951171875,216.9199981689453,216.9199981689453,25632600,0.0,0.0,0.1878217280081924,33.024790033908126,230.28066660563152,193.33844011590296,50.25227968045144,-11.45298558484751,0.11762585533419267,-0.24336392506997362,0.0,0.0,0.0,0.0,0.0,0.0,218.16000366210938,0.005716418512037302,1
2026-07-22,211.0,228.6649932861328,209.5240020751953,218.16000366210938,218.16000366210938,16921100,0.0,0.0,0.005716418512037302,33.02275119142246,230.28600006103517,193.90792072894797,50.595735342350984,-9.500669001512875,0.09347907207041906,-0.23077460269363026,0.0,0.0,0.0,0.0,0.0,0.0,220.97000122070312,0.01288044330502447,1
2026-07-23,214.28500366210938,230.3000030517578,214.22000122070312,220.97000122070312,220.97000122070312,15309800,0.0,0.0,0.01288044330502447,33.01409149787027,230.314333597819,194.52874156343302,51.414337049510905,-7.638647155177551,0.2864295029660786,-0.19720253870770887,0.0,0.0,0.0,0.0,0.0,0.0,187.77000427246094,-0.1502466251746195,0
2026-07-24,218.0,218.53900146484375,186.41000366210938,187.77000427246094,187.77000427246094,24095300,0.0,0.0,-0.1502466251746195,33.75983071219717,229.51700032552083,194.3737075513895,42.46218705602099,-8.741180825228412,0.05660906633576057,-0.27686204411826754,0.0,0.0,0.0,0.0,0.0,0.0,187.8800048828125,0.0005858263186273582,1
2026-07-27,196.72500610351562,199.88999938964844,180.8300018310547,187.8800048828125,187.8800048828125,18169100,0.0,0.0,0.0005858263186273582,34.58791397581085,228.37166697184244,194.22476762331044,42.49791174539566,-9.49659968241707,0.028803033108448117,-0.267895408533363,0.0,0.0,0.0,0.0,0.0,0.0,169.69000244140625,-0.0968171277872385,0
2026-07-28,178.8699951171875,180.07000732421875,161.44000244140625,169.69000244140625,169.69000244140625,28902400,0.0,0.0,-0.0968171277872385,36.19397136276236,226.2826670328776,193.6620909057719,38.26675518706842,-11.431283031011361,-0.2177300208658245,-0.29384103085151847,0.0,0.0,0.0,0.0,0.0,0.0,148.22000122070312,-0.12652484478640214,0
2026-07-29,170.4499969482422,172.0,145.8000030517578,148.22000122070312,148.22000122070312,39775900,0.0,0.0,-0.12652484478640214,38.29346060502099,222.55433349609376,192.6200264336756,33.96797571544536,-14.529496201720974,-0.3205903981819268,-0.4324334494166018,0.0,0.0,0.0,0.0,0.0,0.0,188.42999267578125,0.27128586644122676,1
2026-07-30,172.17999267578125,195.88800048828125,169.0800018310547,188.42999267578125,188.42999267578125,42302400,0.0,0.0,0.27128586644122676,37.91263913306052,219.99866638183593,192.5239506342924,46.16547975203881,-13.583658242735396,-0.14725984688039695,-0.3177029238726967,0.0,0.0,0.0,0.0,0.0,0.0,190.41000366210938,0.010507939623682905,1
2026-07-31,200.93499755859375,204.5659942626953,182.5,190.41000366210938,190.41000366210938,25703400,0.0,0.0,0.010507939623682905,36.4719862236823,216.98199971516928,192.47548301631295,46.687709972313755,-12.529867988293347,0.014059750383867087,-0.16916829676541356,0.0,0.0,0.0,0.0,0.0,0.0,212.5800018310547,0.1164329485980522,1
2026-08-03,184.0850067138672,221.6699981689453,176.25,212.5800018310547,212.5800018310547,28630300,0.0,0.0,0.1164329485980522,34.014734702141745,214.51166636149088,192.9363899744809,52.270724240816996,-9.792911462210157,0.1314668741021614,-0.014098846836911427,0.0,0.0,0.0,0.0,0.0,0.0,225.74000549316406,0.06190612263033146,1
2026-08-04,216.41000366210938,229.47000122070312,215.5,225.74000549316406,225.74000549316406,21356700,0.0,0.0,0.06190612263033146,31.509675519490585,212.5826670328776,193.68836628647642,55.26546583936574,-6.487171311039816,0.33030822231917756,0.0597127075654067,0.0,0.0,0.0,0.0,0.0,0.0,218.99000549316406,-0.029901656045651204,0
2026-08-05,219.9499969482422,228.02000427246094,214.74000549316406,218.99000549316406,218.99000549316406,15769000,0.0,0.0,-0.029901656045651204,29.24408753752252,210.70733388264975,194.26832198812076,53.414221020893244,-4.361737616407339,0.4774659539172632,0.12193249015867136,0.0,0.0,0.0,0.0,0.0,0.0,189.8800048828125,-0.13292844367392942,0
2026-08-06,205.4199981689453,215.50999450683594,189.1699981689453,189.8800048828125,189.8800048828125,26723800,0.0,0.0,-0.13292844367392942,27.963269320464114,208.38133392333984,194.16774266351123,46.22316280592457,-4.968970666550604,0.007695230395334152,-0.12287505252081221,0.0,0.0,0.0,0.0,0.0,0.0,187.97000122070312,-0.01005900364963741,0
2026-08-07,197.36500549316406,197.4199981689453,180.63099670410156,187.97000122070312,187.97000122070312,22822900,0.0,0.0,-0.01005900364963741,26.657428857069362,206.09266713460286,194.02570303504544,45.78759039554422,-5.540461574420306,-0.01281446559780619,-0.13057352509721476,0.0,0.0,0.0,0.0,0.0,0.0,184.11000061035156,-0.020535194899633957,0
2026-08-10,186.0800018310547,196.1300048828125,183.11000061035156,184.11000061035156,184.11000061035156,16165200,0.0,0.0,-0.020535194899633957,26.140066223330862,204.21966705322265,193.79847301179865,44.867417089442874,-6.232991974580756,-0.13392605595764984,-0.16180284212929197,0.0,0.0,0.0,0.0,0.0,0.0,193.22999572753906,0.04953557702978317,1
2026-08-11,187.5,195.60000610351562,187.30999755859375,193.22999572753906,193.22999572753906,22528700,0.0,0.0,0.04953557702978317,23.883141285549844,201.9556671142578,193.78544667586897,47.54944824375626,-5.9770205468444715,-0.14401527852629326,-0.08208635803624864,0.0,0.0,0.0,0.0,0.0,0.0,259.20001220703125,0.3414067067129276,1
2026-08-12,226.0,259.44000244140625,216.11000061035156,259.20001220703125,259.20001220703125,63538200,0.0,0.0,0.3414067067129276,22.206922789782965,201.39000040690104,195.28427298488745,61.96365932813212,-0.4457935205178387,0.1836157162666603,0.3354630176600695,3.0,2.0,0.75165,5102.0,1097.0,0.7741666666666668,255.0399932861328,-0.016049454957493214,0
2026-08-13,255.47000122070312,275.9599914550781,247.3800048828125,255.0399932861328,255.0399932861328,36239100,0.0,0.0,-0.016049454957493214,23.76974454661961,202.2520004272461,196.65334016867678,60.828437138306185,3.5610158143446142,0.3431640337461275,0.27833191473219254,0.0,0.0,0.0,0.0,0.0,0.0,277.67999267578125,0.08877038890229394,1
