Date,Open,High,Low,Close,Adj Close,Volume,Dividends,Stock Splits,Daily Return,30-Day Rolling STD,30-Day Rolling SMA,30-Day Rolling EWMA,RSI,MACD,5D Return,21D Return,mentions,post_count,mean_sentiment,score_sum,comment_sum,weighted_sentiment,next_close,next_return,target_direction
2025-07-08,159.3300018310547,160.22000122070312,158.38999938964844,160.0,159.97341918945312,138133000,0.0,0.0,0.011122310703610028,8.26345572960508,145.93166758219402,147.47838300732124,77.41061863101677,5.653405293338665,0.012722288986330321,0.14293873649296374,0.0,0.0,0.0,0.0,0.0,0.0,162.8800048828125,0.018000030517578036,1
2025-07-09,161.22000122070312,164.4199981689453,161.16000366210938,162.8800048828125,162.85293579101562,183656400,0.0,0.0,0.018000030517578036,8.345677249641108,146.98466796875,148.16621985168396,79.25041668196164,5.899545234049242,0.062491856753716046,0.14930852017956542,0.0,0.0,0.0,0.0,0.0,0.0,164.10000610351562,0.007490184087241891,1
2025-07-10,164.32000732421875,164.5,161.61000061035156,164.10000610351562,164.07273864746094,167704100,0.0,0.0,0.007490184087241891,8.61760705653491,147.93800150553386,148.86262755852616,79.99374939521516,6.122480666923593,0.043561247081180365,0.150529345058519,0.0,0.0,0.0,0.0,0.0,0.0,164.9199981689453,0.004996904539494196,1
2025-07-11,163.72000122070312,167.88999938964844,163.47000122070312,164.9199981689453,164.89259338378906,193633300,0.0,0.0,0.004996904539494196,8.787637689177048,148.94166819254556,149.55009183567046,80.49940610269059,6.292785792863128,0.03501946754926455,0.14559593274219473,0.0,0.0,0.0,0.0,0.0,0.0,164.07000732421875,-0.005153958611228138,0
2025-07-14,165.3699951171875,165.49000549316406,162.02000427246094,164.07000732421875,164.04273986816406,136975800,0.0,0.0,-0.005153958611228138,9.006879644643643,149.77100168863933,150.15956014610381,78.29044479094838,6.28669753875937,0.03684278076763925,0.14870829112141037,0.0,0.0,0.0,0.0,0.0,0.0,170.6999969482422,0.04040951623121414,1
2025-07-15,171.19000244140625,172.39999389648438,169.1999969482422,170.6999969482422,170.671630859375,230627400,0.0,0.0,0.04040951623121414,9.34784219550567,150.9566680908203,151.00555001665666,82.35718627777877,6.739172323486116,0.06687498092651367,0.17724135826373932,0.0,0.0,0.0,0.0,0.0,0.0,171.3699951171875,0.003925003989006859,1
2025-07-16,171.05999755859375,171.75,168.89999389648438,171.3699951171875,171.34152221679688,158831500,0.0,0.0,0.003925003989006859,9.698826708636851,152.08966776529948,151.829180634903,82.70967422148716,7.070322822735022,0.05212420174276944,0.20708595931319218,0.0,0.0,0.0,0.0,0.0,0.0,173.0,0.009511611888054494,1
2025-07-17,172.02000427246094,174.16000366210938,170.8300018310547,173.0,172.97125244140625,160841100,0.0,0.0,0.009511611888054494,10.193602927780889,153.1490010579427,152.67061170890193,83.56971960020834,7.379226619661722,0.054235183214254024,0.19565966605092977,0.0,0.0,0.0,0.0,0.0,0.0,172.41000366210938,-0.003410383456015187,0
2025-07-18,173.63999938964844,174.25,171.25999450683594,172.41000366210938,172.38136291503906,146456400,0.0,0.0,-0.003410383456015187,10.54920225741253,154.16533457438152,153.44210889179678,81.98017712772415,7.490086278394614,0.04541599306526334,0.19629482031218903,0.0,0.0,0.0,0.0,0.0,0.0,171.3800048828125,-0.005974124223762978,0
2025-07-21,172.75,173.3800048828125,171.0,171.3800048828125,171.35153198242188,123126100,0.0,0.0,-0.005974124223762978,10.650958993535436,155.2116678873698,154.13198965333422,79.14979506136834,7.40941988300338,0.044554136845672554,0.17803141267463363,0.0,0.0,0.0,0.0,0.0,0.0,167.02999877929688,-0.025382226511722283,0
2025-07-22,171.33999633789062,171.38999938964844,164.5800018310547,167.02999877929688,167.00225830078125,193114300,0.0,0.0,-0.025382226511722283,10.54733104561822,156.05533447265626,154.6204105503303,68.4079127330827,6.914772848350822,-0.02149969674608776,0.1611400187157499,0.0,0.0,0.0,0.0,0.0,0.0,170.77999877929688,0.022451056860480545,1
2025-07-23,169.52999877929688,171.25999450683594,167.97000122070312,170.77999877929688,170.75161743164062,154082200,0.0,0.0,0.022451056860480545,10.563929790366922,156.99366760253906,155.2232808212828,71.94298390539561,6.747573344297109,-0.0034428216998382277,0.18457377365829397,0.0,0.0,0.0,0.0,0.0,0.0,173.74000549316406,0.01733227974601692,1
2025-07-24,172.44000244140625,173.8300018310547,171.3000030517578,173.74000549316406,173.7111358642578,128984600,0.0,0.0,0.01733227974601692,10.695315880190355,157.98633422851563,155.90423786555382,74.37993175585059,6.775807050839319,0.004277488399792251,0.17471272929710313,0.0,0.0,0.0,0.0,0.0,0.0,173.5,-0.001381406041071509,0
2025-07-25,173.61000061035156,174.72000122070312,172.9600067138672,173.5,173.47117614746094,122316800,0.0,0.0,-0.001381406041071509,10.662386557381843,159.0086675008138,156.54243290631703,73.82005519149773,6.701564564477934,0.0063221177120720284,0.12436007222487011,0.0,0.0,0.0,0.0,0.0,0.0,176.75,0.018731988472622474,1
2025-07-28,174.02000427246094,177.0,173.97000122070312,176.75,176.7206268310547,140023500,0.0,0.0,0.018731988472622474,10.798815637864575,160.06700083414714,157.26564504769308,76.40957448162136,6.826285527420168,0.031333848548198207,0.140175429806767,0.0,0.0,0.0,0.0,0.0,0.0,175.50999450683594,-0.007015589777448761,0
2025-07-29,177.9600067138672,179.3800048828125,175.02000427246094,175.50999450683594,175.48085021972656,154077500,0.0,0.0,-0.007015589777448761,10.594899732345175,161.18500061035155,157.91024819276316,73.42541674385365,6.747291136795752,0.050769297668163293,0.11258316644586963,0.0,0.0,0.0,0.0,0.0,0.0,179.27000427246094,0.021423337036675427,1
2025-07-30,176.50999450683594,179.88999938964844,176.0399932861328,179.27000427246094,179.24021911621094,174312200,0.0,0.0,0.021423337036675427,10.619481585381532,162.3376673380534,158.655613004139,76.43122364330478,6.908452536991177,0.04971311367753262,0.13469205670872397,0.0,0.0,0.0,0.0,0.0,0.0,177.8699951171875,-0.007809500317440987,0
2025-07-31,182.89999389648438,183.3000030517578,175.92999267578125,177.8699951171875,177.84043884277344,221685400,0.0,0.0,-0.007809500317440987,10.408599164114621,163.4626673380534,159.31812629466785,73.11511779468665,6.844308145418864,0.023771091823672874,0.16027391765370202,0.0,0.0,0.0,0.0,0.0,0.0,173.72000122070312,-0.023331613034284993,0
2025-08-01,174.08999633789062,176.5399932861328,170.88999938964844,173.72000122070312,173.69113159179688,204529000,0.0,0.0,-0.023331613034284993,9.994968245573139,164.40400085449218,159.80899031062773,64.22040593203876,6.385001110189194,0.001268018563130413,0.10473768661814398,0.0,0.0,0.0,0.0,0.0,0.0,180.0,0.036150119359707134,1
2025-08-04,175.16000366210938,180.1999969482422,174.52000427246094,180.0,179.9700927734375,148174600,0.0,0.0,0.036150119359707134,9.602963031423,165.60900065104167,160.48951602033355,70.14022024901726,6.453350189082045,0.018387553041018467,0.12965987283129166,0.0,0.0,0.0,0.0,0.0,0.0,178.25999450683594,-0.009666697184244843,0
2025-08-05,179.6199951171875,180.25999450683594,175.89999389648438,178.25999450683594,178.23037719726562,156407600,0.0,0.0,-0.009666697184244843,8.975002244942301,166.74533386230468,161.08202199838897,66.84042044706123,6.294553727915712,0.01566862336089292,0.12651660969852996,0.0,0.0,0.0,0.0,0.0,0.0,179.4199981689453,0.006507369560503795,1
2025-08-06,176.3300018310547,179.89999389648438,176.25,179.4199981689453,179.3901824951172,137192300,0.0,0.0,0.006507369560503795,8.526535756405027,167.7960006713867,161.68709502076862,67.9238390180185,6.190943644743811,0.0008366926586134138,0.12137498855590811,0.0,0.0,0.0,0.0,0.0,0.0,180.77000427246094,0.0075242788835858665,1
2025-08-07,181.57000732421875,183.8800048828125,178.8000030517578,180.77000427246094,180.73995971679688,151878400,0.0,0.0,0.0075242788835858665,8.451621566081807,168.6780008951823,162.31041736765803,69.1856696039788,6.14690838390959,0.01630409419735357,0.10983545464969624,0.0,0.0,0.0,0.0,0.0,0.0,182.6999969482422,0.010676509543432466,1
2025-08-08,181.5500030517578,183.3000030517578,180.39999389648438,182.6999969482422,182.6696319580078,123396700,0.0,0.0,0.010676509543432466,8.420015987247426,169.60066731770834,162.96994158797537,70.94536960083371,6.196317115125623,0.05169235358299584,0.11334546101718934,0.0,0.0,0.0,0.0,0.0,0.0,182.05999755859375,-0.0035030071173440813,0
2025-08-11,182.0500030517578,183.83999633789062,180.25,182.05999755859375,182.0297393798828,138323200,0.0,0.0,-0.0035030071173440813,8.409971098272083,170.41100056966147,163.5816165845161,69.527452636314,6.1133602767032755,0.011444430881076384,0.10392917523616574,0.0,0.0,0.0,0.0,0.0,0.0,183.16000366210938,0.006041997793400977,1
2025-08-12,182.9600067138672,184.47999572753906,179.4600067138672,183.16000366210938,183.1295623779297,145485700,0.0,0.0,0.006041997793400977,8.383561782302413,171.2500005086263,164.20321878245903,70.61452794915476,6.066447453983841,0.027487991171712522,0.11635274873954793,0.0,0.0,0.0,0.0,0.0,0.0,181.58999633789062,-0.008571780371412707,0
2025-08-13,182.6199951171875,183.97000122070312,179.35000610351562,181.58999633789062,181.559814453125,179871700,0.0,0.0,-0.008571780371412707,7.870229336102801,172.19300028483073,164.75036395340504,66.94379758195758,5.835316339619425,0.012094516726624871,0.06379613113262317,0.0,0.0,0.0,0.0,0.0,0.0,182.02000427246094,0.0023680155473442266,1
2025-08-14,179.75,183.02000427246094,179.4600067138672,182.02000427246094,181.98974609375,129554000,0.0,0.0,0.0023680155473442266,7.540922297370942,173.01866709391277,165.28917353657084,67.44298369565217,5.622034004460659,0.0069148640286358365,0.06214628849111348,0.0,0.0,0.0,0.0,0.0,0.0,180.4499969482422,-0.00862546581346435,0
2025-08-15,181.8800048828125,181.89999389648438,178.0399932861328,180.4499969482422,180.42001342773438,156602200,0.0,0.0,-0.00862546581346435,7.197614521766783,173.7223337809245,165.7582669033862,63.6628635934108,5.265620946726671,-0.012315271141670636,0.04306356617481044,0.0,0.0,0.0,0.0,0.0,0.0,182.00999450683594,0.008645040648247893,1
2025-08-18,180.60000610351562,182.94000244140625,180.58999633789062,182.00999450683594,181.979736328125,132008000,0.0,0.0,0.008645040648247893,6.727486271564705,174.51466674804686,166.2570732136081,65.7188986387078,5.050817120449977,-0.0002746515018584583,0.05568117070248846,0.0,0.0,0.0,0.0,0.0,0.0,175.63999938964844,-0.0349980512578294,0
2025-08-19,182.42999267578125,182.5,175.49000549316406,175.63999938964844,175.61080932617188,185229200,0.0,0.0,-0.0349980512578294,6.14466475766639,175.03600006103517,166.54281498699464,52.624932108992894,4.316816596264374,-0.04105702185032556,0.024857010068058294,0.0,0.0,0.0,0.0,0.0,0.0,175.39999389648438,-0.0013664626167051441,0
2025-08-20,175.1699981689453,176.0,168.8000030517578,175.39999389648438,175.370849609375,215142700,0.0,0.0,-0.0013664626167051441,5.699635539210081,175.45333302815754,166.81050794297482,52.20290303531554,3.67340473203447,-0.034087794296158824,0.05011072967944585,0.0,0.0,0.0,0.0,0.0,0.0,174.97999572753906,-0.002394516439910399,0
2025-08-21,174.85000610351562,176.89999389648438,173.80999755859375,174.97999572753906,174.95091247558594,140040900,0.0,0.0,-0.002394516439910399,5.283251752243819,175.81599934895834,167.05560699478784,51.425686875594295,3.093940827983687,-0.03867711449112965,0.024593025988189243,0.0,0.0,0.0,0.0,0.0,0.0,177.99000549316406,0.017202022168933517,1
2025-08-22,172.61000061035156,178.58999633789062,171.1999969482422,177.99000549316406,177.96043395996094,172789400,0.0,0.0,0.017202022168933517,4.877036319305993,176.2516662597656,167.38132553843866,56.432020391634325,2.844801045965454,-0.013632538080805334,0.024461838756919096,0.0,0.0,0.0,0.0,0.0,0.0,179.80999755859375,0.010225248661501984,1
2025-08-25,178.35000610351562,181.91000366210938,176.57000732421875,179.80999755859375,179.78012084960938,163012800,0.0,0.0,0.010225248661501984,4.338240858559405,176.77633260091145,167.7490013839014,59.17206006391118,2.7623712271425234,-0.012087231551229816,0.03636886200918599,0.0,0.0,0.0,0.0,0.0,0.0,181.77000427246094,0.010900432347920486,1
2025-08-26,180.05999755859375,182.38999938964844,178.80999755859375,181.77000427246094,181.7397918701172,168688200,0.0,0.0,0.010900432347920486,4.273897296998391,177.14533284505208,168.16100487883634,61.947580645552605,2.8226632582063473,0.0349009616494782,0.028401721484927478,0.0,0.0,0.0,0.0,0.0,0.0,181.60000610351562,-0.0009352377452249705,0
2025-08-27,181.97999572753906,182.49000549316406,179.10000610351562,181.60000610351562,181.56982421875,235518900,0.0,0.0,-0.0009352377452249705,4.204762880392652,177.48633321126303,168.55333869779355,61.55670937659434,2.8241723943295653,0.035347847336245186,0.034698944717034275,0.0,0.0,0.0,0.0,0.0,0.0,180.1699981689453,-0.007874492767115715,0
2025-08-28,180.82000732421875,184.47000122070312,176.41000366210938,180.1699981689453,180.1400604248047,281787800,0.0,0.0,-0.007874492767115715,4.1443028544279255,177.72533315022787,168.89033054028147,58.228403956682264,2.6790957581147836,0.02966054730900547,0.005020326184164814,0.0,0.0,0.0,0.0,0.0,0.0,174.17999267578125,-0.033246409247044806,0
2025-08-29,178.11000061035156,178.14999389648438,173.14999389648438,174.17999267578125,174.1510467529297,243257900,0.0,0.0,-0.033246409247044806,4.078092949914948,177.78433278401693,169.04283937014904,46.8109622727609,2.057065525066008,-0.021405768300451822,-0.02074550257324248,0.0,0.0,0.0,0.0,0.0,0.0,170.77999877929688,-0.019520002522982804,0
2025-09-02,170.0,172.3800048828125,167.22000122070312,170.77999877929688,170.75161743164062,231164900,0.0,0.0,-0.019520002522982804,4.111915821104454,177.76433258056642,169.09262596642077,41.800776129404085,1.2750529743815662,-0.05021967021802731,-0.01692379933656063,0.0,0.0,0.0,0.0,0.0,0.0,170.6199951171875,-0.0009368993046788843,0
2025-09-03,171.05999755859375,172.41000366210938,168.8800048828125,170.6199951171875,170.59165954589844,164424900,0.0,0.0,-0.0009368993046788843,3.8314206109948006,177.88399912516277,169.1361467415683,41.57525993480518,0.6350707354220049,-0.061341304358228044,-0.05211113823784719,0.0,0.0,0.0,0.0,0.0,0.0,171.66000366210938,0.006095466971544283,1
2025-09-04,170.57000732421875,171.86000061035156,169.41000366210938,171.66000366210938,171.63148498535156,141670100,0.0,0.0,0.006095466971544283,3.7781550781527526,177.9133326212565,169.2076570727557,43.701356509971475,0.20938652061357743,-0.05473569442360182,-0.037024520633391234,0.0,0.0,0.0,0.0,0.0,0.0,167.02000427246094,-0.027030171796929903,0
2025-09-05,168.02999877929688,169.02999877929688,164.07000732421875,167.02000427246094,166.9922637939453,224441400,0.0,0.0,-0.027030171796929903,4.208783429318596,177.6893325805664,169.14601132944276,37.197567564186755,-0.49665532572524285,-0.07298659060957324,-0.06911154845073797,0.0,0.0,0.0,0.0,0.0,0.0,168.30999755859375,0.007723585517507514,1
2025-09-08,167.5500030517578,170.9600067138672,167.35000610351562,168.30999755859375,168.2820281982422,163769100,0.0,0.0,0.007723585517507514,4.484553673372399,177.5163324991862,169.12257845120135,39.87654857457352,-0.9412566773735875,-0.03370074270306067,-0.06892740177782575,0.0,0.0,0.0,0.0,0.0,0.0,170.75999450683594,0.014556455253879275,1
2025-09-09,169.08999633789062,170.97999572753906,166.74000549316406,170.75999450683594,170.7316131591797,157548400,0.0,0.0,0.014556455253879275,4.650140004833401,177.31666564941406,169.16823713702516,44.70125836866045,-1.0834231458721888,-0.00011713474999375251,-0.06535305222138987,0.0,0.0,0.0,0.0,0.0,0.0,177.3300018310547,0.0384750968351415,1
2025-09-10,176.63999938964844,179.2899932861328,175.47000122070312,177.3300018310547,177.300537109375,226852000,0.0,0.0,0.0384750968351415,4.63761220846244,177.37733256022136,169.39468233382516,55.105402657389796,-0.6583572802753395,0.039327200245542926,-0.02598042288788216,0.0,0.0,0.0,0.0,0.0,0.0,177.1699981689453,-0.00090229324117308,0
2025-09-11,179.67999267578125,180.27999877929688,176.47999572753906,177.1699981689453,177.1505584716797,151159300,0.01,0.0,-0.00090229324117308,4.623887539540865,177.30733235677084,169.60935277365095,54.83482227234722,-0.3305896460269935,0.03209830123085422,-0.032703676421705685,0.0,0.0,0.0,0.0,0.0,0.0,177.82000732421875,0.003668844397986648,1
2025-09-12,177.77000427246094,178.60000610351562,176.4499969482422,177.82000732421875,177.80047607421875,124911000,0.0,0.0,0.003668844397986648,4.623686789591169,177.3056660970052,169.83496658200755,55.784659823795074,-0.018171656425693072,0.0646629312387017,-0.020760995042132913,0.0,0.0,0.0,0.0,0.0,0.0,177.75,-0.00039369767931174415,0
2025-09-15,175.6699981689453,178.85000610351562,174.50999450683594,177.75,177.73048400878906,147061600,0.0,0.0,-0.00039369767931174415,4.574196682161381,177.43999938964845,170.05145316496748,55.648918827919324,0.22122272730064196,0.056086997672968986,-0.023458983475625472,0.0,0.0,0.0,0.0,0.0,0.0,174.8800048828125,-0.016146245385021074,0
2025-09-16,177.0,177.5,174.3800048828125,174.8800048828125,174.86080932617188,140737800,0.0,0.0,-0.016146245385021074,4.57090174612509,177.2693328857422,170.18292729329394,50.250585120584255,0.17731589349520505,0.024127491851211325,-0.030867232804815736,0.0,0.0,0.0,0.0,0.0,0.0,170.2899932861328,-0.026246634655319623,0
2025-09-17,172.63999938964844,173.1999969482422,168.41000366210938,170.2899932861328,170.27130126953125,211843800,0.0,0.0,-0.026246634655319623,4.739829573636251,177.00366617838543,170.18582980013298,43.056734805309404,-0.22525951270853284,-0.03970004213742129,-0.0643920750201602,0.0,0.0,0.0,0.0,0.0,0.0,176.24000549316406,0.03494046885675561,1
2025-09-18,173.97999572753906,177.10000610351562,172.9600067138672,176.24000549316406,176.2206573486328,191763300,0.0,0.0,0.03494046885675561,4.719442493859915,176.89766642252604,170.34925779727456,52.541435473337714,-0.06345568609401653,-0.005249154401945844,0.0034161131040801873,0.0,0.0,0.0,0.0,0.0,0.0,176.6699981689453,0.0024398131092768782,1
2025-09-19,175.77000427246094,178.0800018310547,175.17999267578125,176.6699981689453,176.6505889892578,237182100,0.0,0.0,0.0024398131092768782,4.662460071163748,176.76099955240886,170.5191756332228,53.14877300054306,0.0983382454878381,-0.006467265256471566,0.007240617540787753,0.0,0.0,0.0,0.0,0.0,0.0,183.61000061035156,0.03928229191902566,1
2025-09-22,175.3000030517578,184.5500030517578,174.7100067138672,183.61000061035156,183.58984375,269637000,0.0,0.0,0.03928229191902566,4.705195240953217,176.7913330078125,170.86967393151073,61.673780180968,0.7775976374036304,0.03296765462926343,0.0493199513860445,0.0,0.0,0.0,0.0,0.0,0.0,178.42999267578125,-0.028212014146021813,0
2025-09-23,181.97000122070312,182.4199981689453,176.2100067138672,178.42999267578125,178.410400390625,192559600,0.0,0.0,-0.028212014146021813,4.610760104836865,176.6703328450521,171.07130326002496,53.80429669696188,0.8876994039542012,0.02029956366565533,0.00247197690341161,0.0,0.0,0.0,0.0,0.0,0.0,176.97000122070312,-0.008182432970958109,0
2025-09-24,179.77000427246094,179.77999877929688,175.39999389648438,176.97000122070312,176.9505615234375,143564100,0.0,0.0,-0.008182432970958109,4.445885052367517,176.46399943033853,171.2280180013351,51.79814202209562,0.8473786844197377,0.039227248798736625,-0.015794429544804256,0.0,0.0,0.0,0.0,0.0,0.0,177.69000244140625,0.004068493053832389,1
2025-09-25,174.47999572753906,180.25999450683594,173.1300048828125,177.69000244140625,177.67050170898438,191586700,0.0,0.0,0.004068493053832389,4.346743385574006,176.33399963378906,171.39906037317647,52.73411402954788,0.8635676347617505,0.008227399586062889,-0.02244595772215008,0.0,0.0,0.0,0.0,0.0,0.0,178.19000244140625,0.0028138893192084513,1
2025-09-26,178.1699981689453,179.77000427246094,174.92999267578125,178.19000244140625,178.17044067382812,148573700,0.0,0.0,0.0028138893192084513,4.228622901342265,176.20633290608723,171.57815998010864,53.41067502187817,0.9062960985936286,0.00860363552507315,-0.018777552574340772,0.0,0.0,0.0,0.0,0.0,0.0,181.85000610351562,0.02053989343938012,1
2025-09-29,180.42999267578125,184.0,180.32000732421875,181.85000610351562,181.83004760742188,193063500,0.0,0.0,0.02053989343938012,4.284427801814204,176.25299987792968,171.84810873829468,58.13467432268725,1.221410758703172,-0.00958550460751273,0.009324570969884594,0.0,0.0,0.0,0.0,0.0,0.0,186.5800018310547,0.026010423804146532,1
2025-09-30,182.0800018310547,187.35000610351562,181.47999572753906,186.5800018310547,186.55950927734375,236981000,0.0,0.0,0.026010423804146532,4.568034145569613,176.40533345540365,172.23394211741294,63.312061333418136,1.831697849490638,0.04567622871611343,0.07119077779705063,0.0,0.0,0.0,0.0,0.0,0.0,187.24000549316406,0.003537376222704669,1
2025-10-01,185.24000549316406,188.13999938964844,183.89999389648438,187.24000549316406,187.21945190429688,173844900,0.0,0.0,0.003537376222704669,4.973932692922035,176.79200032552083,172.62564378733276,63.98141112145757,2.3416188213073497,0.0580324586179608,0.0963813492886767,0.0,0.0,0.0,0.0,0.0,0.0,188.88999938964844,0.008812186755381202,1
2025-10-02,189.60000610351562,191.0500030517578,188.05999755859375,188.88999938964844,188.8692626953125,136805800,0.0,0.0,0.008812186755381202,5.43239985629477,177.24166717529297,173.04880979274805,65.66777926949975,2.8460678841732374,0.06303110357565234,0.10708008905938882,0.0,0.0,0.0,0.0,0.0,0.0,187.6199951171875,-0.0067235125023275,0
2025-10-03,189.19000244140625,190.36000061035156,185.3800048828125,187.6199951171875,187.59939575195312,137596900,0.0,0.0,-0.0067235125023275,5.732806251724045,177.66300048828126,173.42672190095033,63.21448400005268,3.1075468047502284,0.05292099751153034,0.09297443268435046,0.0,0.0,0.0,0.0,0.0,0.0,185.5399932861328,-0.011086248188821868,0
2025-10-06,185.5,187.22999572753906,183.3300018310547,185.5399932861328,185.51962280273438,157678100,0.0,0.0,-0.011086248188821868,5.910618627256972,177.91466674804687,173.73991708125416,59.30658249528347,3.1110694961181196,0.020291377832105884,0.11088485534619008,0.0,0.0,0.0,0.0,0.0,0.0,185.0399932861328,-0.002694836790410604,0
2025-10-07,186.22999572753906,189.05999755859375,184.0,185.0399932861328,185.01968383789062,140088000,0.0,0.0,-0.002694836790410604,6.044071480266938,178.08899993896483,174.03120826932997,58.37241311155638,3.038489616179959,-0.008253877852977709,0.09939989287751527,0.0,0.0,0.0,0.0,0.0,0.0,189.11000061035156,0.02199528465138445,1
2025-10-08,186.57000732421875,189.60000610351562,186.5399932861328,189.11000061035156,189.0892333984375,130168900,0.0,0.0,0.02199528465138445,6.339558379737383,178.3336664835612,174.41876791085167,63.422988106355604,3.271671324528711,0.009987155855193386,0.10746080284501902,0.0,0.0,0.0,0.0,0.0,0.0,192.57000732421875,0.018296265150970603,1
2025-10-09,192.22999572753906,195.3000030517578,191.05999755859375,192.57000732421875,192.54885864257812,182997200,0.0,0.0,0.018296265150970603,6.831728904329466,178.69933319091797,174.88396498935208,67.07969289383155,3.6930914740616743,0.01948228040902822,0.08594149515479899,0.0,0.0,0.0,0.0,0.0,0.0,183.16000366210938,-0.04886536482426518,0
2025-10-10,193.50999450683594,195.6199951171875,182.0500030517578,183.16000366210938,183.139892578125,268774400,0.0,0.0,-0.04886536482426518,6.875593506649963,178.79900004069012,175.09548121194868,51.886918457102965,3.2305218805752247,-0.02377140801166966,0.03380936702077597,0.0,0.0,0.0,0.0,0.0,0.0,188.32000732421875,0.028172109406748413,1
2025-10-13,187.97000122070312,190.11000061035156,185.9600067138672,188.32000732421875,188.29933166503906,153482800,0.0,0.0,0.028172109406748413,7.030940191963131,179.27033386230468,175.43255317999055,57.56284984037143,3.242918965498262,0.014983368215383708,0.05904847355480869,0.0,0.0,0.0,0.0,0.0,0.0,180.02999877929688,-0.04402085929536681,0
2025-10-14,184.77000427246094,184.8000030517578,179.6999969482422,180.02999877929688,180.01022338867188,205641400,0.0,0.0,-0.04402085929536681,6.846163529575334,179.57866719563802,175.54942517761802,47.80532081382065,2.554364216877275,-0.02707519827396898,0.012826997351881086,0.0,0.0,0.0,0.0,0.0,0.0,179.8300018310547,-0.0011109090129327592,0
2025-10-15,184.8000030517578,184.8699951171875,177.2899932861328,179.8300018310547,179.8102569580078,214450500,0.0,0.0,-0.0011109090129327592,6.6337865265217095,179.8856674194336,175.657961889129,47.595707710525794,1.9698345095010268,-0.04907196208209896,0.02830510527237906,0.0,0.0,0.0,0.0,0.0,0.0,181.80999755859375,0.011010374839450998,1
2025-10-16,182.22999572753906,183.27999877929688,179.77000427246094,181.80999755859375,181.7900390625,179723300,0.0,0.0,0.011010374839450998,6.45625601374891,180.2240005493164,175.8135592001332,49.93611945059613,1.647369759656641,-0.05587583401556928,0.06764933188472355,0.0,0.0,0.0,0.0,0.0,0.0,183.22000122070312,0.007755369237354204,1
2025-10-17,180.17999267578125,184.10000610351562,179.75,183.22000122070312,183.19989013671875,173135200,0.0,0.0,0.007755369237354204,5.973206022346886,180.76400044759114,176.0004247723974,51.5940444352157,1.4884319171872278,0.0003275691056681129,0.039605058499670776,0.0,0.0,0.0,0.0,0.0,0.0,182.63999938964844,-0.0031656032485013474,0
2025-10-20,183.1300048828125,185.1999969482422,181.72999572753906,182.63999938964844,182.6199493408203,128544700,0.0,0.0,-0.0031656032485013474,5.496923071499349,181.24166717529297,176.16754274224374,50.84809589451201,1.30067782710924,-0.03016146831808153,0.03379182250850632,0.0,0.0,0.0,0.0,0.0,0.0,181.16000366210938,-0.008103349389427028,0
2025-10-21,182.7899932861328,182.7899932861328,179.8000030517578,181.16000366210938,181.14010620117188,124240200,0.0,0.0,-0.008103349389427028,5.128704217895741,181.5883341471354,176.29291078964158,48.90506839857706,1.020692167704766,0.006276758820610739,-0.013343483144153234,0.0,0.0,0.0,0.0,0.0,0.0,180.27999877929688,-0.00485761131057294,0
2025-10-22,181.13999938964844,183.44000244140625,176.75999450683594,180.27999877929688,180.2602081298828,162249600,0.0,0.0,-0.00485761131057294,5.072212556300871,181.6866673787435,176.39280553682286,47.736998940719005,0.7194985445543125,0.0025023463474407315,0.010368246255982427,0.0,0.0,0.0,0.0,0.0,0.0,182.16000366210938,0.010428249919804289,1
2025-10-23,180.4199981689453,183.02999877929688,179.7899932861328,182.16000366210938,182.13999938964844,111363700,0.0,0.0,0.010428249919804289,5.000298637972136,181.8530008951823,176.5369808846871,50.45929621533057,0.6252931205490881,0.0019251202255960997,0.029327018170349106,0.0,0.0,0.0,0.0,0.0,0.0,186.25999450683594,0.02250763483915863,1
2025-10-24,183.83999633789062,187.47000122070312,183.5,186.25999450683594,186.23953247070312,131296700,0.0,0.0,0.02250763483915863,5.0029946791433755,182.13433380126952,176.7795247676911,55.859244042727326,0.8714244013715984,0.016592038346680882,0.04823001827722795,0.0,0.0,0.0,0.0,0.0,0.0,191.49000549316406,0.028079089125798262,1
2025-10-27,189.99000549316406,192.0,188.42999267578125,191.49000549316406,191.46897888183594,153452700,0.0,0.0,0.028079089125798262,5.21232624591042,182.592333984375,177.14571177785407,61.60798450054558,1.4715403906533595,0.04845601255524978,0.07463944592588034,0.0,0.0,0.0,0.0,0.0,0.0,201.02999877929688,0.049819797443545255,1
2025-10-28,193.0500030517578,203.14999389648438,191.91000366210938,201.02999877929688,201.0079345703125,297986200,0.0,0.0,0.049819797443545255,6.0044678541859176,183.46400044759113,177.73904368054096,69.42913744689315,2.6859721499171485,0.1096820198472066,0.10547149866392247,0.0,0.0,0.0,0.0,0.0,0.0,207.0399932861328,0.029896008274039154,1
2025-10-29,207.97999572753906,212.19000244140625,204.77999877929688,207.0399932861328,207.01727294921875,308829600,0.0,0.0,0.029896008274039154,6.905294360075479,184.68900044759116,178.46548170428684,73.14128917742498,4.086270415983478,0.14843573712021252,0.10965800865199005,0.0,0.0,0.0,0.0,0.0,0.0,202.88999938964844,-0.020044407027916655,0
2025-10-30,205.14999389648438,206.16000366210938,201.41000366210938,202.88999938964844,202.8677215576172,178864400,0.0,0.0,-0.020044407027916655,7.4718469074409875,185.57733357747395,179.06984187466165,67.08378590610147,4.805749368697832,0.11380102827617078,0.0835825327779951,0.0,0.0,0.0,0.0,0.0,0.0,202.49000549316406,-0.0019714815796129104,0
2025-10-31,206.4499969482422,207.97000122070312,202.07000732421875,202.49000549316406,202.4677734375,179802200,0.0,0.0,-0.0019714815796129104,7.886045753900635,186.43800048828126,179.6482490451825,66.51201540671642,5.28276898527929,0.0871363226939883,0.0719996090182684,0.0,0.0,0.0,0.0,0.0,0.0,206.8800048828125,0.02168007936469052,1
2025-11-03,208.0800018310547,211.33999633789062,205.55999755859375,206.8800048828125,206.85728454589844,180267300,0.0,0.0,0.02168007936469052,8.70063414601434,187.2136672973633,180.3195444525167,69.57683138430278,5.946499189065435,0.08036972660799169,0.10265435596880379,0.0,0.0,0.0,0.0,0.0,0.0,198.69000244140625,-0.03958817792007252,0
2025-11-04,203.0,203.97000122070312,197.92999267578125,198.69000244140625,198.66818237304688,188919300,0.0,0.0,-0.03958817792007252,8.781251705015041,187.88900095621744,180.77157954048198,58.770484220022084,5.745415829878965,-0.011640035577275332,0.07087425693173333,0.0,0.0,0.0,0.0,0.0,0.0,195.2100067138672,-0.017514699706973502,0
2025-11-05,198.77000427246094,202.9199981689453,194.64999389648438,195.2100067138672,195.18858337402344,171350300,0.0,0.0,-0.017514699706973502,8.629307933847514,188.49700113932292,181.1262340629932,54.87075403348744,5.244790566440514,-0.05713865415324071,0.054961164054995404,0.0,0.0,0.0,0.0,0.0,0.0,188.0800018310547,-0.03652479195527836,0
2025-11-06,196.4199981689453,197.6199951171875,186.3800048828125,188.0800018310547,188.05935668945312,223029800,0.0,0.0,-0.03652479195527836,8.385677386644414,188.8433344523112,181.29674728596166,47.86311038606829,4.224017784588426,-0.07299520727067121,-0.005446559018415509,0.0,0.0,0.0,0.0,0.0,0.0,188.14999389648438,0.000372139859359244,1
2025-11-07,184.89999389648438,188.32000732421875,178.91000366210938,188.14999389648438,188.1293487548828,264942300,0.0,0.0,0.000372139859359244,8.14300735689537,189.17533416748046,181.46451362420086,47.93340691923373,3.3817134873928865,-0.07081836736462432,-0.02295276138351421,0.0,0.0,0.0,0.0,0.0,0.0,199.0500030517578,0.0579325512031128,1
2025-11-10,195.11000061035156,199.94000244140625,193.7899932861328,199.0500030517578,199.0281524658203,198897100,0.0,0.0,0.0579325512031128,8.214654315379962,189.74866739908853,181.89429872067643,57.53570969237338,3.552766822633089,-0.03784803579973817,0.08675474487848378,0.0,0.0,0.0,0.0,0.0,0.0,193.16000366210938,-0.02959055161690649,0
2025-11-11,195.16000366210938,195.4199981689453,191.3000030517578,193.16000366210938,193.1387939453125,176483300,0.0,0.0,-0.02959055161690649,8.214976608347767,189.96800079345704,182.16919006628896,51.959324080257886,3.176438096109905,-0.027832295089571413,0.02570091413366349,0.0,0.0,0.0,0.0,0.0,0.0,193.8000030517578,0.003313312163567561,1
2025-11-12,195.72000122070312,195.88999938964844,191.1300048828125,193.8000030517578,193.7787322998047,154935300,0.0,0.0,0.003313312163567561,8.22715690255586,190.1866673787435,182.45254807772736,52.49805967008477,2.8964490098758517,-0.007223009136904102,0.07648727637521069,0.0,0.0,0.0,0.0,0.0,0.0,186.86000061035156,-0.03581012555274732,0
2025-11-13,191.0500030517578,191.44000244140625,183.85000610351562,186.86000061035156,186.8394775390625,207423100,0.0,0.0,-0.03581012555274732,8.246514856393311,190.11900075276694,182.559762271324,46.419115370532204,2.090457946875148,-0.0064866078733825105,0.03909246904140806,0.0,0.0,0.0,0.0,0.0,0.0,190.1699981689453,0.01771378330184148,1
2025-11-14,182.86000061035156,191.00999450683594,180.5800018310547,190.1699981689453,190.1491241455078,186591900,0.0,0.0,0.01771378330184148,8.232999269289982,190.2040008544922,182.74461166783917,49.42696854261166,1.6992059740202308,0.010736137858034178,0.04598207316766123,0.0,0.0,0.0,0.0,0.0,0.0,186.60000610351562,-0.018772635535591387,0
2025-11-17,185.97000122070312,189.0,184.32000732421875,186.60000610351562,186.5795135498047,173628900,0.0,0.0,-0.018772635535591387,8.21454636899774,190.2393346150716,182.83812201328274,46.401432036404735,1.0885196655780476,-0.06254708242835283,0.01844779423803744,0.0,0.0,0.0,0.0,0.0,0.0,181.36000061035156,-0.028081486183109683,0
2025-11-18,183.3800048828125,184.8000030517578,179.64999389648438,181.36000061035156,181.340087890625,213598900,0.0,0.0,-0.028081486183109683,8.321642742292454,190.11666819254557,182.80232167546382,42.30780655656129,0.1796508128928167,-0.06108926707414697,-0.007008315722593195,0.0,0.0,0.0,0.0,0.0,0.0,186.52000427246094,0.028451718376399482,1
2025-11-19,184.7899932861328,187.86000061035156,182.8300018310547,186.52000427246094,186.49951171875,247246400,0.0,0.0,0.028451718376399482,8.345846394159194,190.03033498128255,182.89224044564912,47.24357765425702,-0.12284900249446196,-0.03756449259370043,0.029587108092296033,0.0,0.0,0.0,0.0,0.0,0.0,180.63999938964844,-0.03152479491810023,0
2025-11-20,195.9499969482422,196.0,179.85000610351562,180.63999938964844,180.6201629638672,343504800,0.0,0.0,-0.03152479491810023,8.50339831921611,189.6326680501302,182.837839251974,42.75473353879609,-0.8275105122958166,-0.033286959222874724,0.001996897119975527,0.0,0.0,0.0,0.0,0.0,0.0,178.8800048828125,-0.009743105141622355,0
2025-11-21,181.24000549316406,184.55999755859375,172.92999267578125,178.8800048828125,178.86036682128906,346926200,0.0,0.0,-0.009743105141622355,8.650372673269505,189.49000142415363,182.742366203349,41.48418115151344,-1.5105638437419486,-0.05936789922090069,-0.018006141377670315,0.0,0.0,0.0,0.0,0.0,0.0,182.5500030517578,0.02051653660983299,1
2025-11-24,179.49000549316406,183.5,176.47999572753906,182.5500030517578,182.52996826171875,256618300,0.0,0.0,0.02051653660983299,8.740954734496832,189.29766794840495,182.73773185765953,45.14488598843569,-1.7357417982782977,-0.021704195708927787,-0.01991834835441253,0.0,0.0,0.0,0.0,0.0,0.0,177.82000732421875,-0.02591068555719489,0
2025-11-25,174.91000366210938,178.16000366210938,169.5500030517578,177.82000732421875,177.80047607421875,320600300,0.0,0.0,-0.02591068555719489,8.830606258616381,189.224001566569,182.6194038616915,41.538120905153065,-2.269704335815277,-0.019519151269404844,-0.07138752820931593,0.0,0.0,0.0,0.0,0.0,0.0,180.25999450683594,0.013721668440651813,1
2025-11-26,181.6300048828125,182.91000366210938,178.24000549316406,180.25999450683594,180.24020385742188,183852000,0.0,0.0,0.013721668440651813,8.8151684091321,189.23833465576172,182.5627021146467,44.022589877178405,-2.4675426246076597,-0.03356213608316583,-0.10331793462956507,0.0,0.0,0.0,0.0,0.0,0.0,177.0,-0.018084958427713183,0
2025-11-28,179.00999450683594,179.2899932861328,176.5,177.0,176.98056030273438,121332800,0.0,0.0,-0.018084958427713183,8.996807995111679,189.0780014038086,182.42917744487963,41.48585621850935,-2.8544805309064714,-0.020150572419992074,-0.14509270798041918,0.0,0.0,0.0,0.0,0.0,0.0,179.9199981689453,0.016497164796301256,1
2025-12-01,174.75999450683594,180.3000030517578,173.67999267578125,179.9199981689453,179.90025329589844,188131000,0.0,0.0,0.016497164796301256,9.090586122295688,188.96800130208334,182.3690181996171,44.5670409625473,-2.8921729906730604,0.005813915796872404,-0.11321406323526795,0.0,0.0,0.0,0.0,0.0,0.0,181.4600067138672,0.008559407295434696,1
2025-12-02,181.75999450683594,185.66000366210938,180.0,181.4600067138672,181.44007873535156,182632200,0.0,0.0,0.008559407295434696,9.121410748296661,188.9286682128906,182.34724876560682,46.17676675271371,-2.7658951992636673,-0.005970946697719803,-0.10385697174573305,0.0,0.0,0.0,0.0,0.0,0.0,179.58999633789062,-0.01030535824307155,0
2025-12-03,181.0800018310547,182.4499969482422,179.11000061035156,179.58999633789062,179.57028198242188,165138000,0.0,0.0,-0.01030535824307155,9.171884261946149,188.87633463541667,182.28128990074651,44.48739066440765,-2.7846140513796342,0.009953823758676705,-0.1319122578345855,0.0,0.0,0.0,0.0,0.0,0.0,183.3800048828125,0.021103672933937556,1
2025-12-04,181.6199951171875,184.52000427246094,179.9600067138672,183.3800048828125,183.37008666992188,167364900,0.01,0.0,0.021103672933937556,9.088781797899314,188.97966817220052,182.30754490378678,48.59237249841268,-2.4652094612615656,0.017308390497361437,-0.07705469510529939,0.0,0.0,0.0,0.0,0.0,0.0,182.41000366210938,-0.0052895691726204674,0
2025-12-05,183.88999938964844,184.66000366210938,180.91000366210938,182.41000366210938,182.40013122558594,143971100,0.0,0.0,-0.0052895691726204674,9.082425748695744,188.98800150553384,182.30999068560467,47.62176890195265,-2.2642491594159253,0.030564992441295846,-0.06557042472991492,0.0,0.0,0.0,0.0,0.0,0.0,185.5500030517578,0.01721396484079274,1
2025-12-08,182.63999938964844,188.0,182.39999389648438,185.5500030517578,185.5399627685547,204378100,0.0,0.0,0.01721396484079274,9.09070058221856,188.9643351236979,182.38725301997928,51.03159123151726,-1.8305139384604274,0.03129171265067443,-0.013451716049904583,0.0,0.0,0.0,0.0,0.0,0.0,184.97000122070312,-0.0031258519079242486,0
2025-12-09,185.55999755859375,185.72000122070312,183.32000732421875,184.97000122070312,184.95999145507812,144719700,0.0,0.0,-0.0031258519079242486,9.106161143771915,188.74700164794922,182.44878011701215,50.37918730722096,-1.5161002910328705,0.019343074930944004,-0.016901370071427224,0.0,0.0,0.0,0.0,0.0,0.0,183.77999877929688,-0.006433488855235314,0
2025-12-10,184.97000122070312,185.47999572753906,182.0399932861328,183.77999877929688,183.77005004882812,162785400,0.0,0.0,-0.006433488855235314,8.844681436111195,188.17200164794923,182.4804617350816,48.995193637004355,-1.3474162857698104,0.023330934499953715,-0.07671441365660447,0.0,0.0,0.0,0.0,0.0,0.0,180.92999267578125,-0.015507705530775517,0
2025-12-11,180.27999877929688,181.32000732421875,176.6199951171875,180.92999267578125,180.92019653320312,182136600,0.0,0.0,-0.015507705530775517,8.183971893345607,187.30166829427083,182.44359753593508,45.75337508220991,-1.4272521954792978,-0.013360301787519901,-0.06331544188475902,0.0,0.0,0.0,0.0,0.0,0.0,175.02000427246094,-0.032664503634346365,0
2025-12-12,181.11000061035156,182.82000732421875,174.6199951171875,175.02000427246094,175.01052856445312,204274900,0.0,0.0,-0.032664503634346365,7.931379117497585,186.37266845703124,182.26725807710375,39.86314444238827,-1.9449887814654971,-0.04051312560322862,-0.09690401694308193,0.0,0.0,0.0,0.0,0.0,0.0,176.2899932861328,0.007256250615185866,1
2025-12-15,177.94000244140625,178.4199981689453,175.02999877929688,176.2899932861328,176.28045654296875,164775600,0.0,0.0,0.007256250615185866,7.527665978127362,185.49933471679688,182.12540423161394,41.6029397999799,-2.227148079578143,-0.0499057376088643,-0.056566452369117615,0.0,0.0,0.0,0.0,0.0,0.0,177.72000122070312,0.00811167955658898,1
2025-12-16,176.25999450683594,178.49000549316406,174.89999389648438,177.72000122070312,177.71038818359375,148588100,0.0,0.0,0.00811167955658898,6.481667364896551,184.52733459472657,182.0209473740276,43.582173025492025,-2.308757744805149,-0.03919554496488009,-0.06546772397390321,0.0,0.0,0.0,0.0,0.0,0.0,170.94000244140625,-0.038149891586355955,0
2025-12-17,176.10000610351562,176.1300048828125,170.30999755859375,170.94000244140625,170.93075561523438,222775500,0.0,0.0,-0.038149891586355955,6.369956497320908,183.60233459472656,181.75843487719834,37.15273985170391,-2.887240915114319,-0.06986612484044197,-0.08392284646240611,0.0,0.0,0.0,0.0,0.0,0.0,174.13999938964844,0.018720000599854014,1
2025-12-18,174.52999877929688,176.14999389648438,171.82000732421875,174.13999938964844,174.1305694580078,176096000,0.0,0.0,0.018720000599854014,6.205430295567975,182.9000010172526,181.57810411918047,41.53656070775366,-3.052295028002618,-0.03752829028352522,-0.03981032860831957,0.0,0.0,0.0,0.0,0.0,0.0,180.99000549316406,0.03933620149032113,1
2025-12-19,176.6699981689453,181.4499969482422,176.33999633789062,180.99000549316406,180.98020935058594,324925900,0.0,0.0,0.03933620149032113,6.135969873341567,182.66366780598958,181.56419518854335,49.63532184208971,-2.6003877061616834,0.0341103935262701,-0.029648287865246203,0.0,0.0,0.0,0.0,0.0,0.0,183.69000244140625,0.014917933953784823,1
2025-12-22,183.9199981689453,184.16000366210938,182.35000610351562,183.69000244140625,183.6800537109375,129064400,0.0,0.0,0.014917933953784823,6.051913918781998,182.51500142415364,181.61443124557616,52.432387017431395,-2.001310843250934,0.04197634260081129,0.01688442793436251,0.0,0.0,0.0,0.0,0.0,0.0,189.2100067138672,0.030050651636426062,1
2025-12-23,182.97000122070312,189.3300018310547,182.89999389648438,189.2100067138672,189.19976806640625,174873600,0.0,0.0,0.030050651636426062,5.350905497773042,182.18700154622397,181.7937842847778,57.61500803772383,-1.0687994463780797,0.06465229245016202,0.05774821975112343,0.0,0.0,0.0,0.0,0.0,0.0,188.61000061035156,-0.003171111898024437,0
2025-12-24,187.94000244140625,188.91000366210938,186.58999633789062,188.61000061035156,188.59979248046875,65528500,0.0,0.0,-0.003171111898024437,5.087142538557244,182.03533477783202,181.9546101621911,56.88945229458616,-0.3738830331954546,0.1033695911815733,0.03319637062331671,0.0,0.0,0.0,0.0,0.0,0.0,190.52999877929688,0.010179726222003582,1
2025-12-26,189.9199981689453,192.69000244140625,188.0,190.52999877929688,190.51968383789062,139740300,0.0,0.0,0.010179726222003582,4.856162181973399,181.92633463541668,182.15679044265903,58.682528404163016,0.3279901704754309,0.09411967065059446,0.07147672326828802,0.0,0.0,0.0,0.0,0.0,0.0,188.22000122070312,-0.012124062212741427,0
2025-12-29,187.7100067138672,188.75999450683594,185.91000366210938,188.22000122070312,188.20980834960938,120006100,0.0,0.0,-0.012124062212741427,4.909858305199925,181.97166798909504,182.29963634630363,55.68181868291097,0.6898797393841676,0.03994693357701529,0.04415847640317838,0.0,0.0,0.0,0.0,0.0,0.0,187.5399932861328,-0.003612835671873982,0
2025-12-30,188.24000549316406,188.99000549316406,186.92999267578125,187.5399932861328,187.52984619140625,97687300,0.0,0.0,-0.003612835671873982,4.780194821536234,181.88400115966797,182.4230075117724,54.79357536300514,0.911303928342619,0.020959174661422608,0.05954798466741695,0.0,0.0,0.0,0.0,0.0,0.0,186.5,-0.005545448029029565,0
2025-12-31,189.57000732421875,190.55999755859375,186.49000549316406,186.5,186.4899139404297,120100500,0.0,0.0,-0.005545448029029565,4.776826325995331,181.88066762288412,182.51892277724298,53.39080605672543,0.9914367609308385,-0.014322745191618691,0.036571820242439435,0.0,0.0,0.0,0.0,0.0,0.0,188.85000610351562,0.012600568919654886,1
2026-01-02,189.83999633789062,192.92999267578125,188.25999450683594,188.85000610351562,188.83978271484375,148240500,0.0,0.0,0.012600568919654886,4.941571023945921,182.13033447265624,182.66776565137317,56.12421524590278,1.2303853444535662,0.0012724961157275505,0.04072522383018118,0.0,0.0,0.0,0.0,0.0,0.0,188.1199951171875,-0.0038655597709008616,0
2026-01-05,191.75999450683594,193.6300048828125,186.14999389648438,188.1199951171875,188.1098175048828,183529700,0.0,0.0,-0.0038655597709008616,4.998882987934997,182.1836675008138,182.79586099373583,55.04429798142453,1.3453397930967412,-0.012648945979898074,0.04749707084601784,0.0,0.0,0.0,0.0,0.0,0.0,187.24000549316406,-0.0046778101576882,0
2026-01-06,190.52000427246094,192.1699981689453,186.82000732421875,187.24000549316406,187.22987365722656,176862600,0.0,0.0,-0.0046778101576882,5.073282765880487,182.40366770426434,182.9002040155228,53.70286042887152,1.349873709711602,-0.005206650309123817,0.021049190247422356,0.0,0.0,0.0,0.0,0.0,0.0,189.11000061035156,0.009987155855193386,1
2026-01-07,188.57000732421875,191.3699951171875,186.55999755859375,189.11000061035156,189.09976196289062,153543200,0.0,0.0,0.009987155855193386,5.171133461212991,182.74466756184896,183.04590930016633,56.14848788161556,1.487216147066306,0.008371586757089045,0.03673042494233525,0.0,0.0,0.0,0.0,0.0,0.0,185.0399932861328,-0.021521904241355916,0
2026-01-08,189.11000061035156,189.5500030517578,183.7100067138672,185.0399932861328,185.0299835205078,172457000,0.0,0.0,-0.021521904241355916,5.187857090216514,182.82766723632812,183.09266887672698,49.96236514897004,1.2531993396764278,-0.0078284542298509,-0.002748637872470039,0.0,0.0,0.0,0.0,0.0,0.0,184.86000061035156,-0.0009727230993946678,0
2026-01-09,185.0800018310547,186.33999633789062,183.6699981689453,184.86000061035156,184.84999084472656,131327500,0.0,0.0,-0.0009727230993946678,5.112201919249979,183.0623336791992,183.13408607745197,49.701572752696336,1.0412129741128808,-0.021127907673865742,-0.0005946943267860494,0.0,0.0,0.0,0.0,0.0,0.0,184.94000244140625,0.00043276983009055137,1
2026-01-12,183.22000122070312,187.1199951171875,183.02000427246094,184.94000244140625,184.92999267578125,137968500,0.0,0.0,0.00043276983009055137,5.095116316564493,183.21833394368488,183.17638234450374,49.82693084694805,0.8696430277969682,-0.01690406526855537,0.006311914625173332,0.0,0.0,0.0,0.0,0.0,0.0,185.80999755859375,0.0047042019341549945,1
2026-01-13,185.0,188.11000061035156,183.39999389648438,185.80999755859375,185.79994201660156,160128900,0.0,0.0,0.0047042019341549945,4.976870431473475,183.51200052897136,183.23802828951133,51.24983496834786,0.7947129877205725,-0.007637299148778975,0.026971785112251956,0.0,0.0,0.0,0.0,0.0,0.0,183.13999938964844,-0.014369507583160801,0
2026-01-14,184.32000732421875,184.4600067138672,180.8000030517578,183.13999938964844,183.1300811767578,159586100,0.0,0.0,-0.014369507583160801,4.93124531294361,183.61933390299478,183.23573499406442,46.85780086928449,0.5139592506768054,-0.03156893449016429,0.04639466871767839,0.0,0.0,0.0,0.0,0.0,0.0,187.0500030517578,0.021349807115541353,1
2026-01-15,186.5,189.6999969482422,186.3300018310547,187.0500030517578,187.03988647460938,206188600,0.0,0.0,0.021349807115541353,4.952405979843159,183.8056671142578,183.3249168568825,53.184969722125096,0.6000475351478087,0.010862569382592113,0.06103585101487097,0.0,0.0,0.0,0.0,0.0,0.0,186.22999572753906,-0.004383893669287153,0
2026-01-16,189.0800018310547,190.44000244140625,186.0800018310547,186.22999572753906,186.21990966796875,187967200,0.0,0.0,-0.004383893669287153,4.90565915551905,184.0270004272461,183.39280412426584,51.79226184927346,0.5952437830418376,0.0074109873020891115,0.047884281163534936,0.0,0.0,0.0,0.0,0.0,0.0,178.07000732421875,-0.04381672442960616,0
2026-01-20,181.89999389648438,182.3800048828125,177.61000061035156,178.07000732421875,178.06036376953125,223345300,0.0,0.0,-0.04381672442960616,5.024171076639769,183.8500005086263,183.26848416846644,40.442931536689265,-0.06624249118686976,-0.03714715597759377,0.04171056967930298,0.0,0.0,0.0,0.0,0.0,0.0,183.32000732421875,0.029482786455111043,1
2026-01-21,179.0500030517578,185.3800048828125,178.39999389648438,183.32000732421875,183.31008911132812,200381000,0.0,0.0,0.029482786455111043,5.017920483953085,183.88033396402994,183.26968692945297,48.29356025777544,-0.16494264915877466,-0.013400733367911477,0.05271625110110123,0.0,0.0,0.0,0.0,0.0,0.0,184.83999633789062,0.008291451848916997,1
2026-01-22,184.75,186.1699981689453,183.92999267578125,184.83999633789062,184.82998657226562,139636600,0.0,0.0,0.008291451848916997,5.011444168181354,183.8566670735677,183.30632589952316,50.3347780071493,-0.11913945959420857,0.009282499475307349,0.02127184224474754,0.0,0.0,0.0,0.0,0.0,0.0,187.6699981689453,0.015310549053903832,1
2026-01-23,187.5,189.60000610351562,186.82000732421875,187.6699981689453,187.6598358154297,142748100,0.0,0.0,0.015310549053903832,5.056172699139825,183.94666697184246,183.40809042273395,53.977654133473116,0.14385907669685594,0.0033145956004927424,0.021666915317335222,0.0,0.0,0.0,0.0,0.0,0.0,186.47000122070312,-0.0063941863907406304,0
2026-01-26,187.16000366210938,189.1199951171875,185.99000549316406,186.47000122070312,186.4599151611328,124799600,0.0,0.0,-0.0063941863907406304,5.07692488454545,184.0363337198893,183.4794624522567,52.228306682148556,0.25254638901159865,0.001288758517264954,-0.014481292722047345,0.0,0.0,0.0,0.0,0.0,0.0,188.52000427246094,0.01099374182623336,1
2026-01-27,187.24000549316406,190.0,185.6999969482422,188.52000427246094,188.50979614257812,143711600,0.0,0.0,0.01099374182623336,5.1058232248190665,184.28933410644532,183.59690050329752,54.91637293376936,0.4983552516318923,0.05868476732982608,-0.0004771557054206177,0.0,0.0,0.0,0.0,0.0,0.0,191.52000427246094,0.015913430575061005,1
2026-01-28,191.27000427246094,192.35000610351562,189.83999633789062,191.52000427246094,191.5096435546875,148552700,0.0,0.0,0.015913430575061005,4.9594931914616085,184.8393341064453,183.78141385890495,58.588686594270605,0.9245775200480466,0.044730507422137133,0.005196060985182882,0.0,0.0,0.0,0.0,0.0,0.0,192.50999450683594,0.005169121826911649,1
2026-01-29,191.33999633789062,193.47999572753906,186.05999755859375,192.50999450683594,192.49957275390625,171764400,0.0,0.0,0.005169121826911649,4.878802837297373,185.38000081380207,183.98459415045247,59.75372684311484,1.3269494297253743,0.04149533824337692,0.02279244107060885,0.0,0.0,0.0,0.0,0.0,0.0,191.1300048828125,-0.00716840508753136,0
2026-01-30,191.2100067138672,194.49000549316406,189.47000122070312,191.1300048828125,191.11965942382812,179489500,0.0,0.0,-0.00716840508753136,4.76579579194406,185.8270009358724,184.15084932147684,57.33240950190374,1.5169915037131432,0.018436653421568305,0.019142645436711403,0.0,0.0,0.0,0.0,0.0,0.0,185.61000061035156,-0.028880888041861397,0
2026-02-02,187.1999969482422,190.3000030517578,184.8800048828125,185.61000061035156,185.59996032714844,165794100,0.0,0.0,-0.028880888041861397,3.850312182339333,186.31600087483724,184.18478548317898,48.811981195581644,1.208254992895121,-0.004612005173602607,-0.004772114689803986,0.0,0.0,0.0,0.0,0.0,0.0,180.33999633789062,-0.028392889688762968,0
2026-02-03,186.24000549316406,186.27000427246094,176.22999572753906,180.33999633789062,180.33023071289062,204019600,0.0,0.0,-0.028392889688762968,3.301506965891098,186.52266743977864,184.09540274124325,42.342183265554155,0.5321989243040832,-0.04339066279007742,-0.04506226894671295,0.0,0.0,0.0,0.0,0.0,0.0,174.19000244140625,-0.03410221815110581,0
2026-02-04,179.4600067138672,179.5800018310547,171.91000366210938,174.19000244140625,174.18057250976562,207014100,0.0,0.0,-0.03410221815110581,3.877616767884362,186.2960006713867,183.86521820845,36.29611764913804,-0.49413738242330396,-0.09048664079184443,-0.07404844268204291,0.0,0.0,0.0,0.0,0.0,0.0,171.8800048828125,-0.013261367048724715,0
2026-02-05,174.92999267578125,176.82000732421875,171.02999877929688,171.8800048828125,171.87069702148438,206312900,0.0,0.0,-0.013261367048724715,4.6698665289542,185.90233408610027,183.58681326034485,34.3141594394549,-1.4768891387222993,-0.10716321340547785,-0.08203375432453908,0.0,0.0,0.0,0.0,0.0,0.0,185.41000366210938,0.07871770069195438,1
2026-02-06,176.69000244140625,187.0,174.60000610351562,185.41000366210938,185.39996337890625,231346200,0.0,0.0,0.07871770069195438,4.62840668748015,185.77566731770833,183.62914774696893,51.142361288822265,-1.1507045535571194,-0.029927280252047384,-0.01956531614563195,0.0,0.0,0.0,0.0,0.0,0.0,190.0399932861328,0.024971627919608386,1
2026-02-09,184.25999450683594,193.66000366210938,183.9499969482422,190.0399932861328,190.0297088623047,196387400,0.0,0.0,0.024971627919608386,4.665815424142143,185.82333374023438,183.7779510587008,55.35722979678827,-0.5126894862998199,0.023867208993124667,0.027021185589151786,0.0,0.0,0.0,0.0,0.0,0.0,188.5399932861328,-0.007893075420927542,0
2026-02-10,191.3800048828125,192.47999572753906,188.1199951171875,188.5399932861328,188.52978515625,136764800,0.0,0.0,-0.007893075420927542,4.61041068119493,185.7570002237956,183.88844268515618,53.739734603675025,-0.12663563604070305,0.04546965240521805,0.019906916929736118,0.0,0.0,0.0,0.0,0.0,0.0,190.0500030517578,0.008008962657240382,1
2026-02-11,192.4499969482422,193.25999450683594,188.77000427246094,190.0500030517578,190.0397186279297,144192700,0.0,0.0,0.008008962657240382,4.656003103061193,185.81800028483073,184.03135492022219,55.16012023246568,0.2977279673864075,0.0910500050982348,0.02763058582726341,0.0,0.0,0.0,0.0,0.0,0.0,186.94000244140625,-0.01636411765541823,0
2026-02-12,193.02999877929688,193.61000061035156,186.50999450683594,186.94000244140625,186.9298858642578,189932500,0.0,0.0,-0.01636411765541823,4.64963554850894,185.79800059000652,184.0987946822088,51.64309250601647,0.37872244597062377,0.08761925256437841,0.006081507441256795,0.0,0.0,0.0,0.0,0.0,0.0,182.80999755859375,-0.02209267587929442,0
2026-02-13,187.47999572753906,187.5,181.58999633789062,182.80999755859375,182.80010986328125,161888000,0.0,0.0,-0.02209267587929442,4.679138218725889,185.6750005086263,184.06892302710284,47.32751369583742,0.10840465425562229,-0.014023008749052601,-0.0018019101897700507,0.0,0.0,0.0,0.0,0.0,0.0,184.97000122070312,0.01181556638562431,1
2026-02-17,181.75,187.14999389648438,179.17999267578125,184.97000122070312,184.95999145507812,162276900,0.0,0.0,0.01181556638562431,4.641827258000348,185.54566701253256,184.08980110354744,49.69520354846894,0.06768981437076604,-0.02667855317062695,-0.011120030992349927,0.0,0.0,0.0,0.0,0.0,0.0,187.97999572753906,0.016272879315410993,1
2026-02-18,188.75,190.3699951171875,186.75999450683594,187.97999572753906,187.96981811523438,164749100,0.0,0.0,0.016272879315410993,4.639219562320087,185.54100036621094,184.17990758006295,52.874238302220505,0.2751328513097633,-0.0029701791584552106,0.0093969824418636,0.0,0.0,0.0,0.0,0.0,0.0,187.89999389648438,-0.00042558693942440495,0
2026-02-19,187.05999755859375,188.42999267578125,185.66000366210938,187.89999389648438,187.88983154296875,126554500,0.0,0.0,-0.00042558693942440495,4.649108549476675,185.56299997965496,184.26604615623876,52.778768935183656,0.42814211764437005,-0.01131286040909929,0.0552029323746126,0.0,0.0,0.0,0.0,0.0,0.0,189.82000732421875,0.010218272964884312,1
2026-02-20,186.57000732421875,190.3300018310547,185.94000244140625,189.82000732421875,189.8097381591797,178422300,0.0,0.0,0.010218272964884312,4.669549905379569,185.5866668701172,184.3946076014999,54.88418414852113,0.6963055243338658,0.0154060385428485,0.03545712273785884,0.0,0.0,0.0,0.0,0.0,0.0,191.5500030517578,0.009113874516842646,1
2026-02-23,191.39999389648438,193.9499969482422,189.5800018310547,191.5500030517578,191.53964233398438,171584800,0.0,0.0,0.009113874516842646,4.792904401356141,185.803667195638,184.560187628089,56.75512701519118,1.036475310981615,0.04780923149655836,0.03630170334780347,0.0,0.0,0.0,0.0,0.0,0.0,192.85000610351562,0.006786755578419568,1
2026-02-24,191.49000549316406,193.77000427246094,187.39999389648438,192.85000610351562,192.83956909179688,175123600,0.0,0.0,0.006786755578419568,4.957816623644047,186.07000071207682,184.75196122758192,58.159281428573486,1.3948823637834096,0.0426015290631383,0.027601683727343174,0.0,0.0,0.0,0.0,0.0,0.0,195.55999755859375,0.014052327556699717,1
2026-02-25,194.4499969482422,197.6300048828125,193.7899932861328,195.55999755859375,195.54940795898438,250637100,0.0,0.0,0.014052327556699717,5.245168851195419,186.42400054931642,185.00191696226622,61.00198136001627,1.8759711695029182,0.04032344932085885,0.04874776788965551,0.0,0.0,0.0,0.0,0.0,0.0,184.88999938964844,-0.05456125128938172,0
2026-02-26,194.27000427246094,194.2899932861328,184.32000732421875,184.88999938964844,184.87998962402344,360807900,0.0,0.0,-0.05456125128938172,5.251568037470224,186.3933339436849,184.99932940452618,47.358848081599916,1.3803460645581254,-0.016019130413033267,-0.01925527689658968,0.0,0.0,0.0,0.0,0.0,0.0,177.19000244140625,-0.04164636796831145,0
2026-02-27,181.25,182.58999633789062,176.3800048828125,177.19000244140625,177.180419921875,311636500,0.0,0.0,-0.04164636796831145,5.485803249928104,186.19500071207682,184.81882670097758,40.34617711000308,0.36206058686914844,-0.06653674215300198,-0.07482248074028075,0.0,0.0,0.0,0.0,0.0,0.0,182.47999572753906,0.02985491965260345,1
2026-03-02,175.00999450683594,183.4600067138672,174.63999938964844,182.47999572753906,182.47012329101562,209095300,0.0,0.0,0.02985491965260345,5.524556930526524,186.04266713460285,184.76478237680914,46.23625570999077,-0.01787370572409941,-0.0473505986933761,-0.05210118469428726,0.0,0.0,0.0,0.0,0.0,0.0,180.0500030517578,-0.013316488013346284,0
2026-03-03,178.49000549316406,180.89999389648438,176.9199981689453,180.0500030517578,180.04025268554688,178099400,0.0,0.0,-0.013316488013346284,5.63151539263143,185.8366673787435,184.65586516404738,44.08303369755494,-0.5091849039067426,-0.06637284234716168,-0.05797102259191678,0.0,0.0,0.0,0.0,0.0,0.0,183.0399932861328,0.016606443675068805,1
2026-03-04,180.44000244140625,184.6999969482422,180.05999755859375,183.0399932861328,183.03009033203125,177731200,0.0,0.0,0.016606443675068805,5.465824926860418,186.00233357747396,184.6185462800379,47.33310830450219,-0.6497949133714656,-0.06402129489038111,-0.01384627614766254,0.0,0.0,0.0,0.0,0.0,0.0,183.33999633789062,0.001639002746732121,1
2026-03-05,181.1699981689453,184.05999755859375,177.8800048828125,183.33999633789062,183.330078125,198779700,0.0,0.0,0.001639002746732121,5.465487875914405,186.00299987792968,184.58902544634216,47.661815318017695,-0.7286225130867763,-0.008383379614228081,0.01663524487590151,0.0,0.0,0.0,0.0,0.0,0.0,177.82000732421875,-0.03010793675101142,0
2026-03-06,179.83999633789062,182.75999450683594,176.82000732421875,177.82000732421875,177.8103790283203,189021900,0.0,0.0,-0.03010793675101142,5.663681296352059,185.7690002441406,184.43277245076237,42.41615887145532,-1.2224196420104079,0.0035555328976353273,0.020839341132873335,0.0,0.0,0.0,0.0,0.0,0.0,182.64999389648438,0.027162222322143492,1
2026-03-09,176.8300018310547,182.91000366210938,175.55999755859375,182.64999389648438,182.64010620117188,177213600,0.0,0.0,0.027162222322143492,5.679714908144659,185.60166676839194,184.39162960488125,47.8270303108026,-1.210068952160043,0.0009315989309817141,0.06265992964693501,0.0,0.0,0.0,0.0,0.0,0.0,184.77000427246094,0.011606955635476535,1
2026-03-10,182.39999389648438,186.44000244140625,182.00999450683594,184.77000427246094,184.760009765625,179118500,0.0,0.0,0.011606955635476535,5.679233212250727,185.5450002034505,184.40035963360612,50.04581523604725,-1.0174848893542219,0.026214946629833147,-0.003451806143182967,0.0,0.0,0.0,0.0,0.0,0.0,186.02999877929688,0.006819258958169261,1
2026-03-11,185.91000366210938,187.6199951171875,184.4499969482422,186.02999877929688,186.02999877929688,145280400,0.01,0.0,0.006819258958169261,5.652387075816601,185.46200002034504,184.43795065658082,51.369527186596805,-0.754492288156456,0.016335257882631238,-0.021100792719974004,0.0,0.0,0.0,0.0,0.0,0.0,183.13999938964844,-0.015535125563684415,0
2026-03-12,184.0500030517578,184.94000244140625,181.75,183.13999938964844,183.13999938964844,155762700,0.0,0.0,-0.015535125563684415,5.548800321846527,185.1826665242513,184.4080175021431,48.21375016436073,-0.7703870130229689,-0.0010908527993728212,-0.028641105806603173,0.0,0.0,0.0,0.0,0.0,0.0,180.25,-0.015780274103308733,0
2026-03-13,184.9199981689453,186.08999633789062,179.94000244140625,180.25,180.25,160988400,0.0,0.0,-0.015780274103308733,5.4409608056549,184.7740000406901,184.3121472013615,45.221936247584296,-1.0046020677134209,0.013665462690880759,-0.051565392761866446,0.0,0.0,0.0,0.0,0.0,0.0,183.22000122070312,0.01647712189016981,1
2026-03-16,182.97000122070312,188.8800048828125,181.41000366210938,183.22000122070312,183.22000122070312,217307400,0.0,0.0,0.01647712189016981,5.312470980647598,184.5103332519531,184.28697133836832,48.74213919663795,-0.9397322602756049,0.003120762897708129,-0.019899439243182382,0.0,0.0,0.0,0.0,0.0,0.0,181.92999267578125,-0.00704076266961684,0
2026-03-17,185.05999755859375,185.39999389648438,181.67999267578125,181.92999267578125,181.92999267578125,182497800,0.0,0.0,-0.00704076266961684,5.328665368248719,184.38766632080078,184.23265038388487,47.31973198962574,-0.9811058020742394,-0.015370522979973655,-0.00481376781666687,0.0,0.0,0.0,0.0,0.0,0.0,180.39999389648438,-0.00840982158463277,0
2026-03-18,182.47999572753906,183.3800048828125,180.3300018310547,180.39999389648438,180.39999389648438,156683100,0.0,0.0,-0.00840982158463277,5.327104870310506,184.38966623942056,184.1443379563231,45.619330614128245,-1.1243914619222153,-0.030263962370347897,-0.024706748629827247,0.0,0.0,0.0,0.0,0.0,0.0,178.55999755859375,-0.010199536586162128,0
2026-03-19,178.00999450683594,179.97999572753906,175.7899932861328,178.55999755859375,178.55999755859375,170968500,0.0,0.0,-0.010199536586162128,5.093195853645545,184.53533274332682,184.01568906002862,43.590652700467295,-1.3706190632653374,-0.025008200536848713,-0.05011170541039267,0.0,0.0,0.0,0.0,0.0,0.0,172.6999969482422,-0.03281810422532416,0
2026-03-20,178.0,178.25999450683594,171.72000122070312,172.6999969482422,172.6999969482422,241323500,0.0,0.0,-0.03281810422532416,5.024677424300217,184.5626658121745,183.75505595401893,37.82200373818339,-2.015377271829891,-0.041886286001430295,-0.08089407898871992,0.0,0.0,0.0,0.0,0.0,0.0,175.63999938964844,0.01702375502813336,1
2026-03-23,177.25999450683594,178.3699951171875,174.75999450683594,175.63999938964844,175.63999938964844,182836300,0.0,0.0,0.01702375502813336,5.278088544649037,184.23699900309245,183.5681787796306,41.971155996180954,-2.2630323427943893,-0.04137103908172102,-0.07470238851245226,0.0,0.0,0.0,0.0,0.0,0.0,175.1999969482422,-0.002505138026276832,0
2026-03-24,174.8300018310547,176.22000122070312,173.97999572753906,175.1999969482422,175.1999969482422,147667800,0.0,0.0,-0.002505138026276832,5.409251830634912,183.7423324584961,183.37550882525784,41.524554971792725,-2.4663744610377876,-0.036992227771550756,-0.08535633434105327,0.0,0.0,0.0,0.0,0.0,0.0,178.67999267578125,0.019862989658425256,1
2026-03-25,177.10000610351562,181.22000122070312,176.85000610351562,178.67999267578125,178.67999267578125,162602100,0.0,0.0,0.019862989658425256,5.407240473385938,183.41366577148438,183.26741863356366,46.38384435340101,-2.3199747581936094,-0.009534375160179187,-0.07347686273926468,0.0,0.0,0.0,0.0,0.0,0.0,171.24000549316406,-0.04163861365338872,0
2026-03-26,176.07000732421875,176.50999450683594,171.13999938964844,171.24000549316406,171.24000549316406,186152200,0.0,0.0,-0.04163861365338872,5.694136129901368,182.7866658528646,182.99059887853974,38.93458726993529,-2.772338928559293,-0.040994579779984885,-0.12436077096054843,0.0,0.0,0.0,0.0,0.0,0.0,167.52000427246094,-0.02172390271764868,0
2026-03-27,170.0,170.97000122070312,167.00999450683594,167.52000427246094,167.52000427246094,196212700,0.0,0.0,-0.02172390271764868,6.279473791208395,182.13933258056642,182.63459432219608,35.835621749655814,-3.3919139294596334,-0.02999416773199881,-0.09394772661868489,0.0,0.0,0.0,0.0,0.0,0.0,165.1699981689453,-0.014028211816980884,0
2026-03-30,168.77999877929688,169.4499969482422,164.27000427246094,165.1699981689453,165.1699981689453,185627000,0.0,0.0,-0.014028211816980884,6.999157932893932,181.55133260091145,182.23277339334055,33.99483010174828,-4.0261465232721605,-0.059610574226181545,-0.067836808549262,0.0,0.0,0.0,0.0,0.0,0.0,174.39999389648438,0.05588179348466227,1
2026-03-31,166.97000122070312,174.6199951171875,166.9600067138672,174.39999389648438,174.39999389648438,226181300,0.0,0.0,0.05588179348466227,7.0866273359422385,181.1989990234375,182.0525890395139,45.77622322921141,-3.740874434480901,-0.004566227543908896,-0.04427883614771089,0.0,0.0,0.0,0.0,0.0,0.0,175.75,0.0077408609562046315,1
2026-04-01,176.0,177.3699951171875,174.75,175.75,175.75,168132000,0.0,0.0,0.0077408609562046315,7.034673330561596,180.7913324991862,181.9076287621768,47.25903386097326,-3.367046818942498,-0.01639798967922379,-0.023882271473895655,0.0,0.0,0.0,0.0,0.0,0.0,177.38999938964844,0.009331433227018238,1
2026-04-02,172.17999267578125,177.49000549316406,171.3699951171875,177.38999938964844,177.38999938964844,143143200,0.0,0.0,0.009331433227018238,6.9293634024666115,180.44099934895834,181.8037393948052,49.08070892698669,-2.9049648689169203,0.03591446916141261,-0.03086753771702866,0.0,0.0,0.0,0.0,0.0,0.0,177.63999938964844,0.0014093240930164175,1
2026-04-06,177.16000366210938,177.7899932861328,175.75999450683594,177.63999938964844,177.63999938964844,107564300,0.0,0.0,0.0014093240930164175,6.714372031306783,180.03499908447264,181.70800319445465,49.36780719655751,-2.4898868183964,0.06041066654181759,-0.031089762529160514,0.0,0.0,0.0,0.0,0.0,0.0,178.10000610351562,0.0025895446715138437,1
2026-04-07,175.72999572753906,178.22999572753906,173.66000366210938,178.10000610351562,178.10000610351562,132534900,0.0,0.0,0.0025895446715138437,6.3585938652208,179.58666585286457,181.62505777563788,49.927253596789576,-2.09961274672969,0.07828303007756143,0.001574619096637253,0.0,0.0,0.0,0.0,0.0,0.0,182.0800018310547,0.02234697131467711,1
2026-04-08,184.5,185.25999450683594,180.3000030517578,182.0800018310547,182.0800018310547,147732700,0.0,0.0,0.02234697131467711,5.869129815574358,179.22766571044923,181.6355150713139,54.60115620609886,-1.4524227152016351,0.04403674428525961,-0.003120679356566125,0.0,0.0,0.0,0.0,0.0,0.0,183.91000366210938,0.010050537196021558,1
2026-04-09,181.83999633789062,184.0800018310547,180.6199951171875,183.91000366210938,183.91000366210938,116428500,0.0,0.0,0.010050537196021558,5.084150508748279,178.8393325805664,181.68778859945158,56.606798773552235,-0.7828301203282706,0.0464296083192568,-0.004654438439495867,0.0,0.0,0.0,0.0,0.0,0.0,188.6300048828125,0.025664733438725884,1
2026-04-10,184.30999755859375,190.0,184.3000030517578,188.6300048828125,188.6300048828125,160459500,0.0,0.0,0.025664733438725884,5.2797251955166775,178.96399943033853,181.84731563822862,61.34963001175674,0.12722491742437114,0.06336324218861211,0.013976273292353403,0.0,0.0,0.0,0.0,0.0,0.0,189.30999755859375,0.0036049019677633076,1
2026-04-13,186.02999877929688,189.66000366210938,185.74000549316406,189.30999755859375,189.30999755859375,133648200,0.0,0.0,0.0036049019677633076,5.593671245143051,179.3679992675781,182.01877872196653,61.99411621503116,0.8930255745017632,0.06569465328215585,0.033690063282232785,0.0,0.0,0.0,0.0,0.0,0.0,196.50999450683594,0.03803284053190947,1
2026-04-14,190.83999633789062,196.50999450683594,190.77000427246094,196.50999450683594,196.50999450683594,161307000,0.0,0.0,0.03803284053190947,6.3923113800010185,179.83566589355468,182.35168458722447,68.06603054538633,2.057193645581691,0.1033688252240712,0.09020801390755029,0.0,0.0,0.0,0.0,0.0,0.0,198.8699951171875,0.012009570384825752,1
2026-04-15,196.5399932861328,200.39999389648438,195.74000549316406,198.8699951171875,198.8699951171875,185338400,0.0,0.0,0.012009570384825752,7.276416899076905,180.46299896240234,182.7311083537403,69.77080105668242,3.1341094918907686,0.09221217661076042,0.0854164053717732,0.0,0.0,0.0,0.0,0.0,0.0,198.35000610351562,-0.0026147182905368327,0
2026-04-16,197.42999267578125,199.85000610351562,195.80999755859375,198.35000610351562,198.35000610351562,134012900,0.0,0.0,-0.0026147182905368327,7.967459578881207,180.97333272298178,183.08982612581406,68.8980573384137,3.900650025750082,0.07851667747196767,0.09025457092716205,0.0,0.0,0.0,0.0,0.0,0.0,201.67999267578125,0.0167884369538549,1
2026-04-17,199.89999389648438,201.6999969482422,199.27000427246094,201.67999267578125,201.67999267578125,160324400,0.0,0.0,0.0167884369538549,8.813948140679445,181.58466593424478,183.51673058840672,71.36805672280032,4.722404073418886,0.06918299027281538,0.11796008591612028,0.0,0.0,0.0,0.0,0.0,0.0,202.05999755859375,0.0018841972263623497,1
2026-04-20,199.97999572753906,202.1699981689453,197.83999633789062,202.05999755859375,202.05999755859375,119381400,0.0,0.0,0.0018841972263623497,9.53824501212642,182.39266560872395,183.9425052695323,71.64479769163326,5.342725678928872,0.06734985032184437,0.1316084247385172,0.0,0.0,0.0,0.0,0.0,0.0,199.8800048828125,-0.010788838474320439,0
2026-04-21,202.1300048828125,202.75,199.0,199.8800048828125,199.8800048828125,107945300,0.0,0.0,-0.010788838474320439,10.058810618172807,182.96699930826824,184.30840422693834,67.60769933688658,5.593944322454945,0.017149307771515465,0.15738279336922112,0.0,0.0,0.0,0.0,0.0,0.0,202.5,0.013107839969903834,1
2026-04-22,200.99000549316406,202.5,199.0,202.5,202.5,107501000,0.0,0.0,0.013107839969903834,10.670648308986234,183.55799916585286,184.72600413347138,69.80953358598502,5.936021852258648,0.018253155186499948,0.1529264444528038,0.0,0.0,0.0,0.0,0.0,0.0,199.63999938964844,-0.014123459804205263,0
2026-04-23,202.4600067138672,203.8300018310547,197.22000122070312,199.63999938964844,199.63999938964844,113561800,0.0,0.0,-0.014123459804205263,11.061528344096443,184.01166585286458,185.06832501089116,64.6439318546853,5.908236143418577,0.006503621106316304,0.13949773325981485,0.0,0.0,0.0,0.0,0.0,0.0,208.27000427246094,0.04322783464835034,1
2026-04-24,199.9600067138672,210.9499969482422,199.80999755859375,208.27000427246094,208.27000427246094,214134400,0.0,0.0,0.04322783464835034,11.91206499202575,184.84933268229167,185.6008129160006,71.49752545098153,6.507569824940106,0.032675584272128244,0.16560338487572812,0.0,0.0,0.0,0.0,0.0,0.0,216.61000061035156,0.04004415502378422,1
2026-04-27,209.64999389648438,216.8300018310547,207.3800048828125,216.61000061035156,216.61000061035156,187172400,0.0,0.0,0.04004415502378422,13.20728550706366,186.06133270263672,186.31240775115168,76.28234565446765,7.568271763913316,0.07200833033534293,0.2649497410755379,0.0,0.0,0.0,0.0,0.0,0.0,213.1699981689453,-0.01588108781548958,0
2026-04-28,209.49000549316406,214.72999572753906,208.1999969482422,213.1699981689453,213.1699981689453,180275400,0.0,0.0,-0.01588108781548958,14.08771270074317,187.0596659342448,186.92866581123144,70.98875686553768,8.03864178614296,0.06648985872261015,0.27250473216462834,0.0,0.0,0.0,0.0,0.0,0.0,209.25,-0.01838907070702589,0
2026-04-29,212.6999969482422,212.72000122070312,207.5800018310547,209.25,209.25,123711800,0.0,0.0,-0.01838907070702589,14.617731057201793,187.97033284505207,187.44078371444652,65.41775155179837,8.002850447789996,0.03333333333333344,0.2668765654762988,0.0,0.0,0.0,0.0,0.0,0.0,199.57000732421875,-0.04626041900014932,0
2026-04-30,209.92999267578125,210.3000030517578,198.6999969482422,199.57000732421875,199.57000732421875,225239200,0.0,0.0,-0.04626041900014932,14.694189029288662,188.60933329264324,187.71903559258163,54.122504489256194,7.111415078103136,-0.0003505913927253079,0.14432347654022348,0.0,0.0,0.0,0.0,0.0,0.0,198.4499969482422,-0.005612117727474941,0
2026-05-01,201.27999877929688,203.0,197.1199951171875,198.4499969482422,198.4499969482422,128647000,0.0,0.0,-0.005612117727474941,14.673831961883078,189.27233327229817,187.9651857121127,52.9826086721988,6.2426097290899065,-0.04715036790114102,0.12916072232285747,0.0,0.0,0.0,0.0,0.0,0.0,198.47999572753906,0.00015116543088034007,1
2026-05-04,199.5,201.72999572753906,194.74000549316406,198.47999572753906,198.47999572753906,125368100,0.0,0.0,0.00015116543088034007,14.42256863432009,190.1316665649414,188.20635398349665,53.01115486970622,5.493173990985355,-0.08369883584195925,0.11889055984246943,0.0,0.0,0.0,0.0,0.0,0.0,196.5,-0.009975794891980305,0
2026-05-05,199.3000030517578,200.24000549316406,196.02999877929688,196.5,196.5,113406600,0.0,0.0,-0.009975794891980305,14.200955156531853,190.8269999186198,188.39655924865383,50.81808055814439,4.6854605883819715,-0.07820048933778057,0.1061697853814032,0.0,0.0,0.0,0.0,0.0,0.0,207.8300018310547,0.05765904239722497,1
2026-05-06,199.88999938964844,208.27000427246094,198.61000061035156,207.8300018310547,207.8300018310547,188362800,0.0,0.0,0.05765904239722497,14.212373156708143,191.91466674804687,188.84220116842445,60.809318615755245,4.903058945077333,-0.006786132229129382,0.16692866203642542,0.0,0.0,0.0,0.0,0.0,0.0,211.5,0.017658654364679505,1
2026-05-07,208.33999633789062,214.1999969482422,206.5,211.5,211.5,168307900,0.0,0.0,0.017658654364679505,14.420147012959523,193.0086669921875,189.36173543969525,63.40279502598467,5.3104300591553795,0.05977848493235727,0.16157731696555588,0.0,0.0,0.0,0.0,0.0,0.0,215.1999969482422,0.01749407540540049,1
2026-05-08,213.02999877929688,217.8000030517578,212.88999938964844,215.1999969482422,215.1999969482422,136421400,0.0,0.0,0.01749407540540049,14.365239450761843,194.4740000406901,189.95414338773205,65.85600132049012,5.864234192162826,0.08440413332114383,0.1701375273942176,0.0,0.0,0.0,0.0,0.0,0.0,219.44000244140625,0.019702628035742187,1
2026-05-11,214.0399932861328,222.3000030517578,213.88999938964844,219.44000244140625,219.44000244140625,160685800,0.0,0.0,0.019702628035742187,14.131610703102774,196.2046666463216,190.63012264048754,68.46474958219446,6.56953149591493,0.10560261570460616,0.16333561342870473,0.0,0.0,0.0,0.0,0.0,0.0,220.77999877929688,0.006106436032548013,1
2026-05-12,218.5500030517578,223.75,214.9199981689453,220.77999877929688,220.77999877929688,159176600,0.0,0.0,0.006106436032548013,13.555866661271132,198.05833333333334,191.32126574491363,69.26400743112498,7.154142692522072,0.12356233475469147,0.16623528406608723,0.0,0.0,0.0,0.0,0.0,0.0,225.8300018310547,0.02287346263103318,1
2026-05-13,224.92999267578125,227.83999633789062,221.57000732421875,225.8300018310547,225.8300018310547,150405400,0.0,0.0,0.02287346263103318,13.711893230414772,199.77266693115234,192.11226343823333,72.13074954686455,7.9334919624540134,0.08660924717997265,0.14920364431234456,0.0,0.0,0.0,0.0,0.0,0.0,235.74000549316406,0.04388258239276421,1
2026-05-14,229.85000610351562,236.5399932861328,229.3000030517578,235.74000549316406,235.74000549316406,180782900,0.0,0.0,0.04388258239276421,14.442591889787252,201.77233378092447,193.11220230427762,76.71955388580506,9.244224680176302,0.11460995505042115,0.1853975525782574,0.0,0.0,0.0,0.0,0.0,0.0,225.32000732421875,-0.04420122985552177,0
2026-05-15,229.75999450683594,231.5,224.24000549316406,225.32000732421875,225.32000732421875,180977600,0.0,0.0,-0.04420122985552177,14.3027413150117,203.37000071207683,193.85033968883076,64.66334112535698,9.334579808160498,0.047026071187215246,0.13597176904863773,0.0,0.0,0.0,0.0,0.0,0.0,222.32000732421875,-0.013314396868819633,0
2026-05-18,229.8699951171875,230.0,218.3699951171875,222.32000732421875,222.32000732421875,146280900,0.0,0.0,-0.013314396868819633,13.850196326481564,204.85933430989584,194.5027557216583,61.659063559096474,9.059677645661935,0.013124338547077397,0.10234041748314704,3.0,1.0,0.9081,674.0,675.0,0.9081,220.61000061035156,-0.00769164563481417,0
2026-05-19,219.6199951171875,224.47999572753906,217.91000366210938,220.61000061035156,220.61000061035156,140948200,0.0,0.0,-0.00769164563481417,13.176252670409308,206.27633412679037,195.10098849460306,59.94933361384598,8.604643476835605,-0.000769988993048476,0.09180443074279787,1.0,1.0,0.0,3474.0,184.0,0.0,223.47000122070312,0.01296405694410474,1
2026-05-20,223.17999267578125,226.1300048828125,220.5,223.47000122070312,223.47000122070312,184201600,0.0,0.0,0.01296405694410474,12.714166262170137,207.65600077311197,195.75100003697895,61.854474884246926,8.378224806622711,-0.01045034136835854,0.11802079128285592,10.0,6.0,0.4395166666666667,7757.0,2679.0,0.50848,219.50999450683594,-0.017720529342800773,0
2026-05-21,222.2899932861328,227.39999389648438,217.92999267578125,219.50999450683594,219.50999450683594,203381800,0.0,0.0,-0.017720529342800773,12.06626840805229,208.84266713460286,196.2953439003703,57.75770256623523,7.78945494473291,-0.0688470798682439,0.08399997287326388,1.0,1.0,-0.8828,220.0,69.0,-0.8828,215.3300018310547,-0.01904237975665879,0
