Date,Open,High,Low,Close,Adj Close,Volume,Dividends,Stock Splits,Capital Gains,Daily Return,30-Day Rolling STD,30-Day Rolling SMA,30-Day Rolling EWMA,RSI,MACD,5D Return,21D Return,mentions,post_count,mean_sentiment,score_sum,comment_sum,weighted_sentiment,next_close,next_return,target_direction
2025-08-04,625.6699829101562,631.219970703125,625.5800170898438,631.1699829101562,624.2530517578125,73218000,0.0,0.0,0.0,0.01519978873502148,9.266232587779111,623.947334798177,625.4565886401381,67.12571951696444,4.731570590050069,-0.00905896867700784,0.00932285765234564,0.0,0.0,0.0,0.0,0.0,0.0,627.969970703125,-0.0050699689365404366,0
2025-08-05,631.7899780273438,632.6099853515625,627.0399780273438,627.969970703125,621.0880737304688,68051400,0.0,0.0,0.0,-0.0050699689365404366,8.124251114860648,624.8746663411458,625.5688363502078,62.85459418773683,4.205269825140704,-0.011475677597255984,0.011745147440497261,0.0,0.0,0.0,0.0,0.0,0.0,632.780029296875,0.007659695237280717,1
2025-08-06,629.0499877929688,633.4400024414062,628.1300048828125,632.780029296875,625.845458984375,64357500,0.0,0.0,0.0,0.007659695237280717,7.489408082837109,625.7413330078125,625.88401130387,66.3232915755436,4.128710996007612,-0.0026479094310116746,0.020053522105393018,0.0,0.0,0.0,0.0,0.0,0.0,632.25,-0.0008376201402309214,0
2025-08-07,636.239990234375,636.97998046875,629.1099853515625,632.25,625.3212280273438,74205800,0.0,0.0,0.0,-0.0008376201402309214,6.698439651480875,626.5789998372396,626.1565584053521,65.59639028623312,3.9793966304574724,0.00026892625231034195,0.013123742065581201,0.0,0.0,0.0,0.0,0.0,0.0,637.1799926757812,0.007797536853746623,1
2025-08-08,634.0599975585938,637.6500244140625,633.739990234375,637.1799926757812,630.1972045898438,64051600,0.0,0.0,0.0,0.007797536853746623,6.367689856817399,627.422666422526,626.6192631549267,68.99973440731864,4.210338960582135,0.02486653590228416,0.018152160714921317,0.0,0.0,0.0,0.0,0.0,0.0,635.9199829101562,-0.0019774785462639555,0
2025-08-11,637.4600219726562,638.9500122070312,634.6599731445312,635.9199829101562,628.9510498046875,58742300,0.0,0.0,0.0,-0.0019774785462639555,6.093522922703566,628.1230000813802,627.0023277789933,67.17081409201393,4.242782013301394,0.007525706431885437,0.01972353017747186,0.0,0.0,0.0,0.0,0.0,0.0,642.6900024414062,0.010646024206171889,1
2025-08-12,638.2899780273438,642.8499755859375,636.7899780273438,642.6900024414062,635.6469116210938,64730800,0.0,0.0,0.0,0.010646024206171889,6.332441343443073,628.9510009765625,627.6368085673116,71.53635945224482,4.759908105380077,0.02344066185489657,0.02861670740333455,0.0,0.0,0.0,0.0,0.0,0.0,644.8900146484375,0.0034231312120525104,1
2025-08-13,644.9099731445312,646.1900024414062,642.6799926757812,644.8900146484375,637.82275390625,60092800,0.0,0.0,0.0,0.0034231312120525104,6.6032927287274825,629.8590006510417,628.3225346826977,72.80206915489238,5.286319457793184,0.019137748966285617,0.03656733125075662,0.0,0.0,0.0,0.0,0.0,0.0,644.9500122070312,9.303533506632711e-05,1
2025-08-14,642.7899780273438,645.6199951171875,642.3400268554688,644.9500122070312,637.882080078125,59327500,0.0,0.0,0.0,9.303533506632711e-05,6.907522146399183,630.6756673177083,628.9724053625586,72.83754280591549,5.643293177801979,0.020087010212781697,0.03320951343571377,0.0,0.0,0.0,0.0,0.0,0.0,643.4400024414062,-0.002341281862229483,0
2025-08-15,645.989990234375,646.0900268554688,642.52001953125,643.4400024414062,636.388671875,68592500,0.0,0.0,0.0,-0.002341281862229483,7.209287333904144,631.2789998372396,629.528820501512,70.3505839985909,5.738205789920698,0.009824554815879738,0.024520770894925326,0.0,0.0,0.0,0.0,0.0,0.0,643.2999877929688,-0.00021760326977848798,0
2025-08-18,642.8599853515625,644.0,642.1799926757812,643.2999877929688,636.2501220703125,43804900,0.0,0.0,0.0,-0.00021760326977848798,7.24533290448449,632.0329996744791,630.0503060901395,70.11153815199249,5.736005604783145,0.011605241352912632,0.025048552017351122,0.0,0.0,0.0,0.0,0.0,0.0,639.8099975585938,-0.005425136484688009,0
2025-08-19,643.1199951171875,644.1099853515625,638.47998046875,639.8099975585938,632.7984008789062,69750700,0.0,0.0,0.0,-0.005425136484688009,7.030648934531152,632.6819986979167,630.414413625346,64.25110746347978,5.390510448388682,-0.004481172683365453,0.01755805411265321,0.0,0.0,0.0,0.0,0.0,0.0,638.1099853515625,-0.0026570578976855552,0
2025-08-20,639.4000244140625,639.6599731445312,632.9500122070312,638.1099853515625,631.1170043945312,88890300,0.0,0.0,0.0,-0.0026570578976855552,6.90330948205119,633.150331624349,630.6974201434814,61.55215156158442,4.922779532152504,-0.010513466083935441,0.014709156593623707,0.0,0.0,0.0,0.0,0.0,0.0,635.5499877929688,-0.004011843753210287,0
2025-08-21,636.280029296875,637.969970703125,633.8099975585938,635.5499877929688,628.5850830078125,54805800,0.0,0.0,0.0,-0.004011843753210287,6.774403439985172,633.4746643066406,630.8734218753308,57.62651811516287,4.296007304989416,-0.014574810816570749,0.002112810857426428,0.0,0.0,0.0,0.0,0.0,0.0,645.3099975585938,0.015356793254796441,1
2025-08-22,637.760009765625,646.5,637.25,645.3099975585938,638.2382202148438,84083200,0.0,0.0,0.0,0.015356793254796441,6.84347777054856,634.1976643880208,631.3900949990981,66.41970652221879,4.534565372646739,0.002906246285733216,0.017165308378976007,0.0,0.0,0.0,0.0,0.0,0.0,642.469970703125,-0.0044010272058598865,0
2025-08-25,644.0399780273438,645.2899780273438,642.3499755859375,642.469970703125,635.42919921875,51274300,0.0,0.0,0.0,-0.0044010272058598865,6.767236978669939,634.7863301595052,631.7815653960994,62.36420564623132,4.44323903407701,-0.001290248881694156,0.008428810740808368,0.0,0.0,0.0,0.0,0.0,0.0,645.1599731445312,0.004186969919329098,1
2025-08-26,642.2000122070312,645.510009765625,641.5700073242188,645.1599731445312,638.0897827148438,51581600,0.0,0.0,0.0,0.004186969919329098,6.5865291382342495,635.553662109375,632.2484150328983,64.57080622443817,4.535638946089648,0.008361819300029882,0.012905408157154019,0.0,0.0,0.0,0.0,0.0,0.0,646.6300048828125,0.0022785538462906096,1
2025-08-27,644.5700073242188,647.3699951171875,644.4199829101562,646.6300048828125,639.5436401367188,48341100,0.0,0.0,0.0,0.0022785538462906096,6.527345935406479,636.3006632486979,632.7442932952563,65.75251390798358,4.673611335522537,0.013351960832513665,0.01789817545949779,0.0,0.0,0.0,0.0,0.0,0.0,648.9199829101562,0.003541403909580021,1
2025-08-28,647.239990234375,649.47998046875,645.3400268554688,648.9199829101562,641.8085327148438,61519500,0.0,0.0,0.0,0.003541403909580021,6.726317139181264,636.9966634114584,633.2956148423513,67.56728314027396,4.91112514326494,0.021036889896916877,0.022790972538413445,0.0,0.0,0.0,0.0,0.0,0.0,645.0499877929688,-0.0059637477949624484,0
2025-08-29,647.469970703125,647.8400268554688,643.1400146484375,645.0499877929688,637.98095703125,74522200,0.0,0.0,0.0,-0.0059637477949624484,6.638618473550622,637.5789957682292,633.6917888384728,61.62425013095022,4.732526662566556,-0.00040292226466143166,0.020519507582030583,0.0,0.0,0.0,0.0,0.0,0.0,640.27001953125,-0.007410229210411012,0
2025-09-02,637.5,640.489990234375,634.9199829101562,640.27001953125,633.2533569335938,81983500,0.0,0.0,0.0,-0.007410229210411012,6.441518387878193,637.9623291015625,633.9111211999204,55.169625362920975,4.157359140713538,-0.0034242085578993775,0.02983666232748816,0.0,0.0,0.0,0.0,0.0,0.0,643.739990234375,0.005419542688669621,1
2025-09-03,642.6699829101562,644.2100219726562,640.4600219726562,643.739990234375,636.685302734375,70820900,0.0,0.0,0.0,0.005419542688669621,6.287507692950718,638.458329264323,634.2354308967997,58.56272070912022,3.936158783491578,-0.0022009780043160676,0.019915407361835946,0.0,0.0,0.0,0.0,0.0,0.0,649.1199951171875,0.008357419089116691,1
2025-09-04,644.4199829101562,649.1500244140625,643.510009765625,649.1199951171875,642.00634765625,65219200,0.0,0.0,0.0,0.008357419089116691,6.524919334384596,638.9553283691406,634.7216188977962,63.21186487491283,4.147171328644504,0.0038507186730782905,0.03367999331302629,0.0,0.0,0.0,0.0,0.0,0.0,647.239990234375,-0.002896236284437803,0
2025-09-05,651.47998046875,652.2100219726562,643.3300170898438,647.239990234375,640.14697265625,85178900,0.0,0.0,0.0,-0.002896236284437803,6.6364989770063865,639.3826619466146,635.1265399047631,60.65103352655214,4.115261436575338,-0.0025889057511330194,0.02285148119097169,0.0,0.0,0.0,0.0,0.0,0.0,648.8300170898438,0.002456626412859597,1
2025-09-08,648.6199951171875,649.8400268554688,647.22998046875,648.8300170898438,641.7195434570312,63133100,0.0,0.0,0.0,0.002456626412859597,6.839807017864868,639.7736633300781,635.565620563965,62.05129612114062,4.170202991811379,0.005860056380759371,0.026223830905249157,0.0,0.0,0.0,0.0,0.0,0.0,650.3300170898438,0.002311853583358836,1
2025-09-09,648.969970703125,650.8599853515625,647.219970703125,650.3300170898438,643.203125,66133900,0.0,0.0,0.0,0.002311853583358836,7.081146399168365,640.2199971516927,636.0343814121093,63.375395506864905,4.285382808684972,0.015712117156381655,0.020637848904891287,0.0,0.0,0.0,0.0,0.0,0.0,652.2100219726562,0.0028908474672986184,1
2025-09-10,653.6199951171875,654.5499877929688,650.6300048828125,652.2100219726562,645.0625610351562,78034500,0.0,0.0,0.0,0.0028908474672986184,7.343115124012731,640.7849975585938,636.5434132664276,65.02265811500708,4.476759034110273,0.013157535444081159,0.025616491854764556,0.0,0.0,0.0,0.0,0.0,0.0,657.6300048828125,0.008310180352278485,1
2025-09-11,654.1799926757812,658.3300170898438,653.5900268554688,657.6300048828125,650.4231567382812,69934400,0.0,0.0,0.0,0.008310180352278485,7.85553367590641,641.5573303222657,637.201311023955,69.30846094448528,5.00804378436635,0.013110071835159998,0.023246047681857895,0.0,0.0,0.0,0.0,0.0,0.0,657.4099731445312,-0.00033458287585352853,0
2025-09-12,657.5999755859375,659.1099853515625,656.9000244140625,657.4099731445312,650.2055053710938,72780100,0.0,0.0,0.0,-0.00033458287585352853,8.157232458094203,642.4016621907552,637.826590343921,68.93915742010219,5.349668406904925,0.015712846955691973,0.019414098856715967,0.0,0.0,0.0,0.0,0.0,0.0,660.9099731445312,0.005323922883704979,1
2025-09-15,659.6400146484375,661.0399780273438,659.3400268554688,660.9099731445312,653.6671142578125,63772400,0.0,0.0,0.0,0.005323922883704979,7.863715893038672,643.7079956054688,638.5350772988567,71.5371778084049,5.835560422775416,0.018618059794565323,0.024746043314092914,0.0,0.0,0.0,0.0,0.0,0.0,660.0,-0.0013768488621856978,0
2025-09-16,661.469970703125,661.780029296875,659.2100219726562,660.0,652.7671508789062,61169000,0.0,0.0,0.0,-0.0013768488621856978,8.03832368813852,644.6689961751302,639.1887566482575,69.90016256805463,6.077152487238095,0.014869347340644712,0.025736661531393867,0.0,0.0,0.0,0.0,0.0,0.0,659.1799926757812,-0.0012424353397253451,0
2025-09-17,660.010009765625,661.719970703125,654.2999877929688,659.1799926757812,651.9561767578125,101952200,0.0,0.0,0.0,-0.0012424353397253451,7.819223663773832,645.7093302408854,639.7929572769895,68.3815954612464,6.1317650305431926,0.010686696720856537,0.02468522490928926,0.0,0.0,0.0,0.0,0.0,0.0,662.260009765625,0.004672497836806455,1
2025-09-18,661.8900146484375,664.8900146484375,660.27001953125,662.260009765625,655.0023803710938,90459200,0.0,0.0,0.0,0.004672497836806455,7.988907605832735,646.6919962565104,640.4670085036039,70.93568421286066,6.350374340521512,0.0070404404428559,0.035088561123922224,0.0,0.0,0.0,0.0,0.0,0.0,663.7000122070312,0.0021743762573189773,1
2025-09-19,662.3300170898438,664.5499877929688,660.3699951171875,663.7000122070312,658.2465209960938,97945600,1.831,0.0,0.0,0.0021743762573189773,8.09126378406034,647.7403299967448,641.1590831643215,72.07157672371908,6.56415249220629,0.009567909401211772,0.04010284659841212,0.0,0.0,0.0,0.0,0.0,0.0,666.8400268554688,0.004731075170536503,1
2025-09-22,662.2000122070312,667.2899780273438,662.1699829101562,666.8400268554688,661.3607177734375,69452200,0.0,0.0,0.0,0.004731075170536503,8.555179342562385,648.7289978027344,641.9187993004149,74.41927910738244,6.907322839501717,0.008972558974595257,0.04923301024858606,0.0,0.0,0.0,0.0,0.0,0.0,663.2100219726562,-0.005443591771073009,0
2025-09-23,666.719970703125,667.3400268554688,661.97998046875,663.2100219726562,657.7606201171875,81708900,0.0,0.0,0.0,-0.005443591771073009,8.59700436601527,649.6386657714844,642.5444362981477,67.36884374948313,6.807899527334939,0.0048636696555397485,0.027738644189279293,0.0,0.0,0.0,0.0,0.0,0.0,661.0999755859375,-0.0031815658943793457,0
2025-09-24,664.510009765625,664.6099853515625,659.6699829101562,661.0999755859375,655.6678466796875,68082200,0.0,0.0,0.0,-0.0031815658943793457,8.73977465231594,650.2523315429687,643.0861406606878,63.597140283261446,6.484098080658896,0.0029126838367203867,0.028997471838915212,0.0,0.0,0.0,0.0,0.0,0.0,658.0499877929688,-0.004613504621998388,0
2025-09-25,657.9400024414062,659.4099731445312,654.4099731445312,658.0499877929688,652.6429443359375,89622100,0.0,0.0,0.0,-0.004613504621998388,8.791458117200655,650.6909973144532,643.5202322709598,58.49893640472545,5.913210763389316,-0.0063570529861015634,0.01997956349587393,0.0,0.0,0.0,0.0,0.0,0.0,661.8200073242188,0.0057290777314567,1
2025-09-26,659.510009765625,662.3699951171875,657.8800048828125,661.8200073242188,656.3820190429688,69179200,0.0,0.0,0.0,0.0057290777314567,8.949690295008185,651.253330485026,644.0478420140249,62.50054618677271,5.699289656757628,-0.0028326123975210837,0.023491026285053174,0.0,0.0,0.0,0.0,0.0,0.0,663.6799926757812,0.0028104096748033935,1
2025-09-29,664.3599853515625,665.280029296875,661.8599853515625,663.6799926757812,658.2266845703125,73499000,0.0,0.0,0.0,0.0028104096748033935,9.10197086056384,651.9279968261719,644.6104950174254,64.32802868438597,5.615113380099501,-0.004738818985700166,0.022745500453587475,0.0,0.0,0.0,0.0,0.0,0.0,666.1799926757812,0.003766875644270362,1
2025-09-30,662.9299926757812,666.6500244140625,661.6099853515625,666.1799926757812,660.7061157226562,86288000,0.0,0.0,0.0,0.003766875644270362,9.310278631870865,652.690663655599,645.2250951336862,66.67856592521426,5.6846036091552605,0.004478175245740568,0.03275715879804686,0.0,0.0,0.0,0.0,0.0,0.0,668.4500122070312,0.0034075168215907947,1
2025-10-01,663.1699829101562,669.3699951171875,663.0599975585938,668.4500122070312,662.95751953125,72545400,0.0,0.0,0.0,0.0034075168215907947,9.411770298225074,653.6453308105469,645.8831441293315,68.69562811701971,5.8553498924279666,0.011117889717934704,0.04401266936785864,0.0,0.0,0.0,0.0,0.0,0.0,669.219970703125,0.0011518565068935338,1
2025-10-02,670.4500122070312,670.5700073242188,666.780029296875,669.219970703125,663.7210693359375,56896000,0.0,0.0,0.0,0.0011518565068935338,9.354738046949672,654.6823303222657,646.5407512324845,69.37284025507398,5.983819026960532,0.016974368387452143,0.039581167637998016,0.0,0.0,0.0,0.0,0.0,0.0,669.2100219726562,-1.4866158967619114e-05,0
2025-10-03,669.989990234375,672.6799926757812,668.1599731445312,669.2100219726562,663.7112426757812,70494400,0.0,0.0,0.0,-1.4866158967619114e-05,8.992455249887502,655.8043314615885,647.1761549538085,69.35196347416306,6.015486182047425,0.01116620012488867,0.030949634900465206,0.0,0.0,0.0,0.0,0.0,0.0,671.6099853515625,0.003586263355458641,1
2025-10-06,671.6199951171875,672.510009765625,669.4600219726562,671.6099853515625,666.0914916992188,54623300,0.0,0.0,0.0,0.003586263355458641,9.213361044040473,656.6809977213542,647.8574824525614,71.5742859277634,6.16319415221858,0.011948518507857386,0.03765217768506979,0.0,0.0,0.0,0.0,0.0,0.0,669.1199951171875,-0.003707494362329311,0
2025-10-07,672.5399780273438,672.989990234375,667.6699829101562,669.1199951171875,663.6219482421875,72020100,0.0,0.0,0.0,-0.003707494362329311,9.079715685012435,657.5693318684896,648.4474031431598,66.21007084876297,6.010052239471179,0.004413225365111018,0.03127163893919249,0.0,0.0,0.0,0.0,0.0,0.0,673.1099853515625,0.005963041402874625,1
2025-10-08,670.25,673.2100219726562,669.4199829101562,673.1099853515625,667.5791625976562,60702200,0.0,0.0,0.0,0.005963041402874625,9.195717690318657,658.5009989420573,649.1283179101206,70.0797365191832,6.139868454853286,0.006971311331336993,0.035028320488198705,0.0,0.0,0.0,0.0,0.0,0.0,671.1599731445312,-0.0028970186885769467,0
2025-10-09,673.530029296875,673.9400024414062,669.2100219726562,671.1599731445312,665.6452026367188,66501900,0.0,0.0,0.0,-0.0028970186885769467,9.194352291666178,659.3186645507812,649.7337076036246,66.09581905139774,6.016049775690249,0.0028989009986775116,0.029054983108906418,0.0,0.0,0.0,0.0,0.0,0.0,653.02001953125,-0.027027764376787222,0
2025-10-10,672.1300048828125,673.9500122070312,652.8400268554688,653.02001953125,647.6542358398438,159422600,0.0,0.0,0.0,-0.027027764376787222,9.06400100760601,659.455332438151,649.8235925607917,42.112389621107,4.403420040520814,-0.02419270768492432,-0.007009998505746351,0.0,0.0,0.0,0.0,0.0,0.0,663.0399780273438,0.015344029580113494,1
2025-10-13,660.6500244140625,665.1300048828125,659.77001953125,663.0399780273438,657.5919189453125,79560500,0.0,0.0,0.0,0.015344029580113494,8.664384196720768,660.0549987792969,650.1834546603152,52.389177900955744,3.8890951988028064,-0.012760392952961608,0.00856391766599307,0.0,0.0,0.0,0.0,0.0,0.0,662.22998046875,-0.0012216421112398734,0
2025-10-14,657.1699829101562,665.8300170898438,653.1699829101562,662.22998046875,656.78857421875,88779600,0.0,0.0,0.0,-0.0012216421112398734,7.821908953072304,660.7869974772135,650.5100300986851,51.5918167371571,3.3771987774117633,-0.010297128614772277,0.0019972573842974572,0.0,0.0,0.0,0.0,0.0,0.0,665.1699829101562,0.00443954899070742,1
2025-10-15,666.8200073242188,670.22998046875,658.9299926757812,665.1699829101562,659.7044677734375,81702600,0.0,0.0,0.0,0.00443954899070742,7.16213097486613,661.5013305664063,650.9057646871157,54.31002708125007,3.172183841135734,-0.011795995623596678,0.007833307439630621,0.0,0.0,0.0,0.0,0.0,0.0,660.6400146484375,-0.006810241559458086,0
2025-10-16,666.8200073242188,668.7100219726562,657.1099853515625,660.6400146484375,655.211669921875,110563300,0.0,0.0,0.0,-0.006810241559458086,6.7737021547010015,661.885331217448,651.1674464824035,49.68102890275576,2.6140443705700136,-0.015674293636441794,0.0022149063819878467,0.0,0.0,0.0,0.0,0.0,0.0,664.3900146484375,0.0056763137515907225,1
2025-10-17,659.5,665.760009765625,658.1400146484375,664.3900146484375,658.9308471679688,96500900,0.0,0.0,0.0,0.0056763137515907225,6.193966755474213,662.4569986979167,651.5214721186248,53.2345043880955,2.4461112312883415,0.017411403597318742,0.0032162668006578965,0.0,0.0,0.0,0.0,0.0,0.0,671.2999877929688,0.010400477117627371,1
2025-10-20,667.3200073242188,672.2100219726562,667.27001953125,671.2999877929688,665.7840576171875,60493400,0.0,0.0,0.0,0.010400477117627371,5.837646381963904,663.2059977213542,652.0489536930556,58.98254765808974,2.8378867008590305,0.012457785411672972,0.011450919762175271,0.0,0.0,0.0,0.0,0.0,0.0,671.2899780273438,-1.4911017141350236e-05,0
2025-10-21,671.4400024414062,672.989990234375,669.97998046875,671.2899780273438,665.7740478515625,56249000,0.0,0.0,0.0,-1.4911017141350236e-05,5.487230331947172,663.9046630859375,652.5601431404882,58.97124014807518,3.1116942048220153,0.013681044087102023,0.006673191459215522,0.0,0.0,0.0,0.0,0.0,0.0,667.7999877929688,-0.005198930936866852,0
2025-10-22,672.0,672.0,663.2999877929688,667.7999877929688,662.3128051757812,80564000,0.0,0.0,0.0,-0.005198930936866852,5.063352306304038,664.4243286132812,652.9635268378692,55.01137037379801,3.012351071511489,0.003953883894919796,0.0069208330215819736,0.0,0.0,0.0,0.0,0.0,0.0,671.760009765625,0.005929952148911788,1
2025-10-23,668.1199951171875,672.7100219726562,667.7999877929688,671.760009765625,666.2402954101562,65604500,0.0,0.0,0.0,0.005929952148911788,5.066736381298767,664.8953287760417,653.459252271873,58.422927275212686,3.21608853387022,0.016832154987016734,0.01612469304697739,0.0,0.0,0.0,0.0,0.0,0.0,677.25,0.008172546972973871,1
2025-10-24,676.4600219726562,678.469970703125,675.6500244140625,677.25,671.6851806640625,74356500,0.0,0.0,0.0,0.008172546972973871,5.343281867778749,665.5566630045573,654.0844838737065,62.65139394625183,3.7770092591571256,0.019356078610494043,0.029177133292602964,0.0,0.0,0.0,0.0,0.0,0.0,685.239990234375,0.011797696913067535,1
2025-10-27,682.72998046875,685.5399780273438,682.1199951171875,685.239990234375,679.6094970703125,63339800,0.0,0.0,0.0,0.011797696913067535,6.362820776815989,666.3676635742188,654.9004573688702,67.78626400295022,4.810812361663579,0.020765682548627318,0.03538723920548237,0.0,0.0,0.0,0.0,0.0,0.0,687.0599975585938,0.002656014462314449,1
2025-10-28,687.0499877929688,688.9099731445312,684.8300170898438,687.0599975585938,681.41455078125,61738100,0.0,0.0,0.0,0.002656014462314449,7.280812264342384,667.2696634928385,655.7399144123827,68.83726282150195,5.711133754315256,0.02349211227254111,0.03522782838239635,0.0,0.0,0.0,0.0,0.0,0.0,687.3900146484375,0.00048033227231458753,1
2025-10-29,688.719970703125,689.7000122070312,682.8699951171875,687.3900146484375,681.7418212890625,85657100,0.0,0.0,0.0,0.00048033227231458753,7.98739416673514,668.2099975585937,656.5633867229598,69.034544422878,6.377755767071903,0.02933517102959593,0.0318382752497024,0.0,0.0,0.0,0.0,0.0,0.0,679.8300170898438,-0.010998119550020391,0
2025-10-30,683.9000244140625,685.9400024414062,679.8300170898438,679.8300170898438,674.2439575195312,76335800,0.0,0.0,0.0,-0.010998119550020391,8.17795149488227,668.795664469401,657.1668202211231,59.70925075060949,6.224280265075208,0.012013229735176267,0.017024466564431684,0.0,0.0,0.0,0.0,0.0,0.0,682.0599975585938,0.0032802030105936186,1
2025-10-31,685.0399780273438,685.0800170898438,679.239990234375,682.0599975585938,676.4556274414062,87164100,0.0,0.0,0.0,0.0032802030105936186,8.465402992991056,669.4076639811198,657.8104467788572,61.36699903335415,6.2109941369145645,0.007102248148532775,0.019186556614528616,0.0,0.0,0.0,0.0,0.0,0.0,683.3400268554688,0.0018767107020742912,1
2025-11-03,685.6699829101562,685.7999877929688,679.9400024414062,683.3400268554688,677.7251586914062,57315000,0.0,0.0,0.0,0.0018767107020742912,8.821352156170493,669.9576639811198,658.4685433772131,62.32522394291778,6.23191481646063,-0.0027726977496692617,0.02111445498254927,0.0,0.0,0.0,0.0,0.0,0.0,675.239990234375,-0.011853596017736279,0
2025-11-04,676.1099853515625,679.9600219726562,674.5800170898438,675.239990234375,669.6917114257812,78427000,0.0,0.0,0.0,-0.011853596017736279,8.777360485062896,670.3586629231771,658.8996081325835,53.31367603170302,5.531129922496689,-0.017203748386196427,0.005404929887860899,0.0,0.0,0.0,0.0,0.0,0.0,677.5800170898438,0.0034654743340312155,1
2025-11-05,674.97998046875,680.8599853515625,674.1699829101562,677.5800170898438,672.012451171875,74402400,0.0,0.0,0.0,0.0034654743340312155,8.693222213840121,670.9079976399739,659.3783672671091,55.32339023031725,5.105717918004075,-0.014271370473152745,0.012643504953359752,0.0,0.0,0.0,0.0,0.0,0.0,670.3099975585938,-0.010729388925125316,0
2025-11-06,676.469970703125,677.3800048828125,668.719970703125,670.3099975585938,664.8021850585938,85035300,0.0,0.0,0.0,-0.010729388925125316,8.349293149667476,671.3166646321614,659.6577542102476,48.358463749848866,4.134288516914239,-0.014003529252801239,-0.00415977753101715,0.0,0.0,0.0,0.0,0.0,0.0,670.969970703125,0.0009845789961884233,1
2025-11-07,667.9099731445312,671.0800170898438,661.2100219726562,670.969970703125,665.4567260742188,100592400,0.0,0.0,0.0,0.0009845789961884233,8.155288438350691,671.6216634114584,659.9460844720505,48.98633364111686,3.3787301370837213,-0.0162596060393001,-0.00028309560910799725,0.0,0.0,0.0,0.0,0.0,0.0,681.4400024414062,0.01560432239211762,1
2025-11-10,677.239990234375,682.1799926757812,675.030029296875,681.4400024414062,675.8407592773438,75842900,0.0,0.0,0.0,0.01560432239211762,8.20338212744741,672.2136637369791,660.4924829178088,57.76032981213078,3.5834806033806217,-0.0027804962967058477,0.043520844782915846,0.0,0.0,0.0,0.0,0.0,0.0,683.0,0.0022892661907207845,1
2025-11-11,679.9500122070312,683.5700073242188,678.72998046875,683.0,677.3878784179688,58953400,0.0,0.0,0.0,0.0022892661907207845,8.350259780176943,672.7743306477864,661.0631751600367,58.894736920134164,3.8275044992744824,0.011492224805778273,0.03010379861564405,0.0,0.0,0.0,0.0,0.0,0.0,683.3800048828125,0.0005563761095350728,1
2025-11-12,684.7899780273438,684.9600219726562,680.9500122070312,683.3800048828125,677.7647705078125,62312500,0.0,0.0,0.0,0.0005563761095350728,8.526689848607269,673.2719970703125,661.6276125075375,59.182309050931075,4.005386807230252,0.008559856617199602,0.031937582166080336,0.0,0.0,0.0,0.0,0.0,0.0,672.0399780273438,-0.016594027882646856,0
2025-11-13,680.5,680.8599853515625,670.52001953125,672.0399780273438,666.5179443359375,103457800,0.0,0.0,0.0,-0.016594027882646856,8.495967857675142,673.3659973144531,661.8903179518087,48.31869865984354,3.194490327189783,0.002580866278365068,0.010328179703977147,0.0,0.0,0.0,0.0,0.0,0.0,671.9299926757812,-0.00016365894166792128,0
2025-11-14,665.3800048828125,675.6599731445312,663.27001953125,671.9299926757812,666.408935546875,96846700,0.0,0.0,0.0,-0.00016365894166792128,8.46454266964427,673.4566630045573,662.1430163782152,48.22623499945185,2.513994363760503,0.0014307972257687762,0.017089455341804838,0.0,0.0,0.0,0.0,0.0,0.0,665.6699829101562,-0.009316461288915168,0
2025-11-17,669.7000122070312,673.7100219726562,662.1699829101562,665.6699829101562,660.2003173828125,90456100,0.0,0.0,0.0,-0.009316461288915168,8.577942931512556,673.2586629231771,662.2315837029163,43.163373156053986,1.4528187488443791,-0.023142198102181433,0.0019265314551664137,0.0,0.0,0.0,0.0,0.0,0.0,660.0800170898438,-0.008397503213040225,0
2025-11-18,662.0999755859375,665.1199951171875,655.8599853515625,660.0800170898438,654.6563110351562,114467500,0.0,0.0,0.0,-0.008397503213040225,8.881744426851332,672.9573303222656,662.177677141683,39.20536201917902,0.15893381418311492,-0.03355780806757869,-0.016713795482125482,0.0,0.0,0.0,0.0,0.0,0.0,662.6300048828125,0.003863149507556951,1
2025-11-19,660.780029296875,667.3400268554688,658.75,662.6300048828125,657.1853637695312,94703000,0.0,0.0,0.0,0.003863149507556951,9.079430115300466,672.607997639974,662.1889849740149,41.82598361922256,-0.6531870806471716,-0.030363779817582204,-0.012900495207718521,0.0,0.0,0.0,0.0,0.0,0.0,652.530029296875,-0.015242255122032589,0
2025-11-20,672.9099731445312,675.5599975585938,651.8900146484375,652.530029296875,647.1683349609375,165293500,0.0,0.0,0.0,-0.015242255122032589,9.791101454238083,671.9869995117188,661.9480390382445,35.32994109888679,-2.0877164657241565,-0.029030934718700552,-0.022866065850884243,0.0,0.0,0.0,0.0,0.0,0.0,659.030029296875,0.009961227389035265,1
2025-11-21,655.0499877929688,664.5499877929688,650.8499755859375,659.030029296875,653.6149291992188,123956200,0.0,0.0,0.0,0.009961227389035265,9.445007992276896,672.187333170573,661.8754012174445,41.61463867757853,-2.669325340462933,-0.019198374115636074,-0.018950190966549818,0.0,0.0,0.0,0.0,0.0,0.0,668.72998046875,0.014718526835907575,1
2025-11-24,662.6900024414062,670.0599975585938,661.5900268554688,668.72998046875,663.235107421875,80437900,0.0,0.0,0.0,0.014718526835907575,9.311166971160473,672.3769999186198,662.0456822289333,49.50144150782508,-2.320796868607431,0.004596868774548124,-0.012580316768180166,0.0,0.0,0.0,0.0,0.0,0.0,675.02001953125,0.009405947461920139,1
2025-11-25,668.6300048828125,676.2100219726562,664.47998046875,675.02001953125,669.4734497070312,81077100,0.0,0.0,0.0,0.009405947461920139,9.121418131001082,672.8033345540365,662.3673459318567,53.85450313632603,-1.51951592563114,0.022633623279907145,-0.014914439975444838,0.0,0.0,0.0,0.0,0.0,0.0,679.6799926757812,0.006903459171132775,1
2025-11-26,677.6300048828125,681.7000122070312,676.719970703125,679.6799926757812,674.09521484375,71879600,0.0,0.0,0.0,0.006903459171132775,9.087335161376286,673.2870015462239,662.7957299953858,56.82393681515705,-0.5026795408224416,0.025730781382264922,-0.010741427108311719,0.0,0.0,0.0,0.0,0.0,0.0,683.3900146484375,0.0054584834225450685,1
2025-11-28,680.8599853515625,683.6699829101562,680.5,683.3900146484375,677.7747192382812,49212000,0.0,0.0,0.0,0.0054584834225450685,8.943660175168157,674.0453348795573,663.3043465067437,59.08150909064486,0.595671852966916,0.04729282020141712,-0.005819112752235345,0.0,0.0,0.0,0.0,0.0,0.0,680.27001953125,-0.004565467815318525,0
2025-12-01,678.8099975585938,682.989990234375,678.739990234375,680.27001953125,674.6803588867188,61201200,0.0,0.0,0.0,-0.004565467815318525,8.82160032061336,674.5746683756511,663.7225706731027,56.41023385185616,1.2005267891462381,0.032229169066902985,0.0006472242036175135,0.0,0.0,0.0,0.0,0.0,0.0,681.530029296875,0.0018522200441719594,1
2025-12-02,681.9199829101562,683.8200073242188,679.3300170898438,681.530029296875,675.9300537109375,62953800,0.0,0.0,0.0,0.0018522200441719594,8.888123397997527,674.9156697591146,664.1607522432248,57.25085283649492,1.7612483667252263,0.019140832925051088,-0.0007770112066618484,0.0,0.0,0.0,0.0,0.0,0.0,683.8900146484375,0.00346277529986061,1
2025-12-03,680.5700073242188,684.9099731445312,679.6900024414062,683.8900146484375,678.2706298828125,57238500,0.0,0.0,0.0,0.00346277529986061,9.007783192979181,675.3356709798177,664.645366810573,58.85147564010409,2.3687498772981144,0.01314034378320672,0.000804852300983594,0.0,0.0,0.0,0.0,0.0,0.0,684.3900146484375,0.0007311117128343536,1
2025-12-04,685.2999877929688,685.3699951171875,681.3400268554688,684.3900146484375,678.7664794921875,61970300,0.0,0.0,0.0,0.0007311117128343536,9.038394925356467,675.888671875,665.1295249894922,59.20002701542508,2.8576043385469347,0.006929764041035957,0.013550773867653465,0.0,0.0,0.0,0.0,0.0,0.0,685.6900024414062,0.0018994838690575833,1
2025-12-05,685.469970703125,688.3900146484375,684.5800170898438,685.6900024414062,680.0557861328125,79241000,0.0,0.0,0.0,0.0018994838690575833,9.175749477049374,676.3530049641927,665.6328420610334,60.145276159408574,3.3117474088955987,0.003365556627501931,0.011969044462666334,0.0,0.0,0.0,0.0,0.0,0.0,683.6300048828125,-0.0030042694967975514,0
2025-12-08,686.5900268554688,686.6400146484375,681.5700073242188,683.6300048828125,678.0127563476562,55231500,0.0,0.0,0.0,-0.0030042694967975514,9.270699649624262,676.5656717936198,666.0726883554178,57.85778038410303,3.465486505960257,0.004939193636488204,0.01987141378277646,0.0,0.0,0.0,0.0,0.0,0.0,683.0399780273438,-0.0008630792259767261,0
2025-12-09,683.1500244140625,685.3900146484375,682.5900268554688,683.0399780273438,677.427490234375,58310100,0.0,0.0,0.0,-0.0008630792259767261,9.208208095339996,676.4923380533854,666.4867024906682,57.18690000687175,3.49937697238704,0.0022155278059083905,0.017988893469510048,0.0,0.0,0.0,0.0,0.0,0.0,687.5700073242188,0.006632158354709983,1
2025-12-10,682.5599975585938,688.969970703125,681.3099975585938,687.5700073242188,681.92041015625,85671300,0.0,0.0,0.0,0.006632158354709983,9.228838706429366,676.5093383789062,667.0003487284375,60.93243279575389,3.847420250706932,0.005380971496817377,0.008995663390541253,0.0,0.0,0.0,0.0,0.0,0.0,689.1699829101562,0.0023270002601829542,1
2025-12-11,685.1400146484375,689.25,682.1699829101562,689.1699829101562,683.5072021484375,86173700,0.0,0.0,0.0,0.0023270002601829542,9.306596930740184,676.5686706542969,667.5396397210304,62.190587051215815,4.203891865924675,0.006984275280775609,0.009033649941663668,0.0,0.0,0.0,0.0,0.0,0.0,681.760009765625,-0.010752025375860397,0
2025-12-12,688.1699829101562,688.8800048828125,679.1699829101562,681.760009765625,676.1580810546875,113160300,0.0,0.0,0.0,-0.010752025375860397,9.336541309898537,676.6330037434896,667.8850464674608,53.583835244189714,3.8441621755381448,-0.005731442287022492,-0.00237056265271518,0.0,0.0,0.0,0.0,0.0,0.0,680.72998046875,-0.0015108385386657375,0
2025-12-15,685.739990234375,685.760009765625,679.25,680.72998046875,675.1365356445312,90811000,0.0,0.0,0.0,-0.0015108385386657375,9.313011100311662,676.5886698404948,668.1965928567345,52.49625680971626,3.436346979324526,-0.0042420964459563,0.012930781985491802,0.0,0.0,0.0,0.0,0.0,0.0,678.8699951171875,-0.0027323394075896568,0
2025-12-16,679.22998046875,681.0800170898438,674.97998046875,678.8699951171875,673.2918701171875,122030600,0.0,0.0,0.0,-0.0027323394075896568,9.236715868259438,676.4396687825521,668.4551043740183,50.50288809826567,2.929298099781022,-0.006105034909083096,0.010328460579307697,0.0,0.0,0.0,0.0,0.0,0.0,671.4000244140625,-0.011003536401451242,0
2025-12-17,679.8900146484375,680.4400024414062,671.2000122070312,671.4000244140625,665.8832397460938,110625200,0.0,0.0,0.0,-0.011003536401451242,9.28041682400238,676.311669921875,668.526332506433,43.37877731588179,1.9027601682678323,-0.023517580374228575,0.008607931333865837,0.0,0.0,0.0,0.0,0.0,0.0,676.469970703125,0.007551304892321253,1
2025-12-18,677.5999755859375,680.739990234375,674.9000244140625,676.469970703125,670.9114990234375,108650100,0.0,0.0,0.0,0.007551304892321253,9.277397891642497,676.274668375651,668.7182051298681,48.671091536761026,1.4812488413577967,-0.018427982242353202,0.02483025267988137,0.0,0.0,0.0,0.0,0.0,0.0,680.5900268554688,0.0060905233502994705,1
2025-12-19,676.5900268554688,681.0900268554688,676.469970703125,680.5900268554688,676.9923095703125,103599500,1.993,0.0,0.0,0.0060905233502994705,9.239263340163383,676.6173360188802,669.0045837165284,52.55229201760517,1.4627900436368009,-0.001716121352671407,0.02710414837890185,0.0,0.0,0.0,0.0,0.0,0.0,684.8300170898438,0.006229874178387496,1
2025-12-22,683.9400024414062,685.3599853515625,680.5900268554688,684.8300170898438,681.2098999023438,69556700,0.0,0.0,0.0,0.006229874178387496,9.293504697850478,677.0793375651042,669.3858445158617,56.221024511705906,1.7698908898324817,0.00602299992468458,0.04949961893366517,0.0,0.0,0.0,0.0,0.0,0.0,687.9600219726562,0.0045704843606495515,1
2025-12-23,683.9199829101562,688.2000122070312,683.8699951171875,687.9600219726562,684.3233032226562,64840000,0.0,0.0,0.0,0.0045704843606495515,9.47349211127719,677.2966715494791,669.8327677178979,58.75628961601767,2.240014268360369,0.013389937573982102,0.04389783680517101,0.0,0.0,0.0,0.0,0.0,0.0,690.3800048828125,0.003517621421107009,1
2025-12-24,687.9500122070312,690.8300170898438,687.7999877929688,690.3800048828125,686.7305297851562,39445600,0.0,0.0,0.0,0.003517621421107009,9.719327889322587,677.5426717122396,670.3265625915161,60.65350152360494,2.7758643923093587,0.02826925793652446,0.032374837447674665,0.0,0.0,0.0,0.0,0.0,0.0,690.3099975585938,-0.0001014040437492536,0
2025-12-26,690.6400146484375,691.6599731445312,689.27001953125,690.3099975585938,686.660888671875,41613300,0.0,0.0,0.0,-0.0001014040437492536,9.942635514221767,677.773671468099,670.8062362285,60.566703883878446,3.158471575895078,0.020459188810825424,0.022651147499242352,0.0,0.0,0.0,0.0,0.0,0.0,687.8499755859375,-0.003563648189011559,0
2025-12-29,687.5399780273438,689.2000122070312,686.0700073242188,687.8499755859375,684.2138671875,62559500,0.0,0.0,0.0,-0.003563648189011559,10.046699277609934,678.3006713867187,671.2148712375758,57.455259657186666,3.225999991701542,0.010667139458407693,0.012020337509115908,0.0,0.0,0.0,0.0,0.0,0.0,687.010009765625,-0.0012211468345215692,0
2025-12-30,687.4500122070312,688.5599975585938,686.5800170898438,687.010009765625,683.3783569335938,47160700,0.0,0.0,0.0,-0.0012211468345215692,10.094101422174276,678.8033386230469,671.5931406337933,56.39004331482237,3.175137517089752,0.0031832609864927974,0.005297114443572504,0.0,0.0,0.0,0.0,0.0,0.0,681.9199829101562,-0.007408955885817803,0
2025-12-31,687.1400146484375,687.3599853515625,681.7100219726562,681.9199829101562,678.3152465820312,74144800,0.0,0.0,0.0,-0.007408955885817803,9.796660194644819,679.3450052897135,671.8401788763906,50.30376681218761,2.6930620682585413,-0.008779636707930805,0.0024254536162613416,0.0,0.0,0.0,0.0,0.0,0.0,683.1699829101562,0.0018330596423725698,1
2026-01-02,685.7100219726562,686.8699951171875,679.8200073242188,683.1699829101562,679.55859375,89377200,0.0,0.0,0.0,0.0018330596423725698,9.114182035001429,680.1146708170573,672.1109170061218,51.68295719165386,2.3843925619861466,-0.01044355560946486,0.0024062822513823967,0.0,0.0,0.0,0.0,0.0,0.0,687.719970703125,0.006660110816910869,1
2026-01-05,686.5399780273438,689.4299926757812,686.3800048828125,687.719970703125,684.0845336914062,71927200,0.0,0.0,0.0,0.006660110816910869,8.590541326546274,680.9510030110677,672.4835190203531,56.423597676125404,2.478346903097986,-0.0037519764520705934,0.0056002514624464705,0.0,0.0,0.0,0.0,0.0,0.0,691.8099975585938,0.005947227112347964,1
2026-01-06,687.9299926757812,692.3200073242188,687.780029296875,691.8099975585938,688.1529541015625,69273800,0.0,0.0,0.0,0.005947227112347964,6.945254131813925,682.2603352864584,672.9443841894815,60.20351262125721,2.849984533145175,0.005757101276747001,0.010841746301584854,0.0,0.0,0.0,0.0,0.0,0.0,689.5800170898438,-0.0032234001772446508,0
2026-01-07,692.1900024414062,693.9600219726562,689.3200073242188,689.5800170898438,685.9347534179688,75588300,0.0,0.0,0.0,-0.0032234001772446508,5.513871724929497,683.2786682128906,673.3406838362596,57.2858338361623,2.9307849804538364,0.0037408586304230607,0.005673138932443367,0.0,0.0,0.0,0.0,0.0,0.0,689.510009765625,-0.00010152168346500012,0
2026-01-08,688.8200073242188,690.6199951171875,687.489990234375,689.510009765625,685.8651123046875,64019200,0.0,0.0,0.0,-0.00010152168346500012,4.893529538994576,683.9713358561198,673.7254969575355,57.19212533645054,2.955106285325428,0.011130377530627067,0.008601150974671512,0.0,0.0,0.0,0.0,0.0,0.0,694.0700073242188,0.006613388484590255,1
2026-01-09,690.6300048828125,695.3099975585938,689.1799926757812,694.0700073242188,690.4010009765625,80125500,0.0,0.0,0.0,0.006613388484590255,4.927798263675471,684.6063354492187,674.2092112743077,61.59853939253551,3.3042455028155473,0.015955069289828483,0.016148438820126287,0.0,0.0,0.0,0.0,0.0,0.0,695.1599731445312,0.0015703975230316747,1
2026-01-12,690.6799926757812,696.0900268554688,690.6300048828125,695.1599731445312,691.4852294921875,63976000,0.0,0.0,0.0,0.0015703975230316747,5.1972653012501,685.1223347981771,674.7068740474659,62.58979282324367,3.6270812457422608,0.010818360318662235,0.011038826213275232,0.0,0.0,0.0,0.0,0.0,0.0,693.77001953125,-0.001999473023445053,0
2026-01-13,695.489990234375,696.0900268554688,691.3499755859375,693.77001953125,690.1026000976562,78309700,0.0,0.0,0.0,-0.001999473023445053,5.418758817352082,685.4683349609375,675.1592850730058,60.44698265714608,3.727801482636778,0.002833179600718605,0.0066747489518756975,0.0,0.0,0.0,0.0,0.0,0.0,690.3599853515625,-0.004915222744839132,0
2026-01-14,691.0,691.719970703125,686.0399780273438,690.3599853515625,686.7106323242188,94676700,0.0,0.0,0.0,-0.004915222744839132,5.398076433879148,685.8046671549479,675.5197100739142,55.4329063187795,3.492205762363824,0.0011310772388828383,0.012614373771928866,0.0,0.0,0.0,0.0,0.0,0.0,692.239990234375,0.0027232240029890775,1
2026-01-15,694.5700073242188,695.4500122070312,691.25,692.239990234375,688.5806884765625,77862000,0.0,0.0,0.0,0.0027232240029890775,5.459427337038066,686.1616658528645,675.9158209217974,57.52478653862785,3.4177969036579725,0.003959305057337659,0.016908333841414214,0.0,0.0,0.0,0.0,0.0,0.0,691.6599731445312,-0.0008378844014015341,0
2026-01-16,693.6599731445312,694.25,690.0999755859375,691.6599731445312,688.0037231445312,79289200,0.0,0.0,0.0,-0.0008378844014015341,5.531769168836924,686.420664469401,676.288489944107,56.64145568113187,3.2742809427624024,-0.0034723214578579187,0.01884009916381113,0.0,0.0,0.0,0.0,0.0,0.0,677.5800170898438,-0.020356759970762806,0
2026-01-20,681.489990234375,684.77001953125,676.5700073242188,677.5800170898438,673.9981689453125,111623300,0.0,0.0,0.0,-0.020356759970762806,5.753263758838693,686.1936645507812,676.3190354354435,40.416799595077904,2.001338542338999,-0.02528907982887052,0.009204635762673163,0.0,0.0,0.0,0.0,0.0,0.0,685.4000244140625,0.011541083159159804,1
2026-01-21,679.6500244140625,688.739990234375,678.1300048828125,685.4000244140625,681.77685546875,127844500,0.0,0.0,0.0,0.011541083159159804,5.75438261382329,686.1839986165364,676.5336330099084,49.13198153235575,1.6050299690978136,-0.012064509681238067,0.013200961014803836,0.0,0.0,0.0,0.0,0.0,0.0,688.97998046875,0.005223163010167564,1
2026-01-22,689.8499755859375,691.1300048828125,686.9199829101562,688.97998046875,685.3379516601562,77112200,0.0,0.0,0.0,0.005223163010167564,5.755402902767104,686.3623311360677,676.8275265079089,52.55344961109182,1.561821399335713,-0.0019989641811434256,0.01232747069780804,0.0,0.0,0.0,0.0,0.0,0.0,689.22998046875,0.00036285524556167736,1
2026-01-23,688.1500244140625,690.9600219726562,687.1599731445312,689.22998046875,685.5865478515625,63059600,0.0,0.0,0.0,0.00036285524556167736,5.743132008658897,686.5686645507812,677.1201574111927,52.79224613795548,1.5301130167662222,-0.004348217104021779,0.006424898542858326,0.0,0.0,0.0,0.0,0.0,0.0,692.72998046875,0.00507813081145958,1
2026-01-26,690.489990234375,694.1300048828125,689.9199829101562,692.72998046875,689.0680541992188,60473800,0.0,0.0,0.0,0.00507813081145958,5.850419992371163,686.740663655599,677.4881871932525,56.121791741828154,1.7670353607159086,0.0015470135120789763,0.0069334820974282785,0.0,0.0,0.0,0.0,0.0,0.0,695.489990234375,0.003984250492172103,1
2026-01-27,694.1799926757812,696.530029296875,693.5700073242188,695.489990234375,691.8134765625,55506100,0.0,0.0,0.0,0.003984250492172103,6.051254403012012,686.9513305664062,677.9122997495821,58.60140791155849,2.152692843852151,0.026432262895610847,0.007401699521164318,0.0,0.0,0.0,0.0,0.0,0.0,695.4199829101562,-0.0001006589961060067,0
2026-01-28,697.0499877929688,697.8400268554688,693.9400024414062,695.4199829101562,691.7438354492188,61172200,0.0,0.0,0.0,-0.0001006589961060067,6.160108450777597,687.4066630045573,678.3244745882389,58.51108638280597,2.424729400572687,0.014619139391860436,0.007402450159543994,0.0,0.0,0.0,0.0,0.0,0.0,694.0399780273438,-0.001984419367757506,0
2026-01-29,696.3900146484375,697.0599975585938,684.8300170898438,694.0399780273438,690.3711547851562,97486200,0.0,0.0,0.0,-0.001984419367757506,6.141938155785981,687.8503295898438,678.6941972916086,56.65729485786858,2.500145351504557,0.007344186626658145,0.008999058895267531,0.0,0.0,0.0,0.0,0.0,0.0,691.969970703125,-0.002982547677011782,0
2026-01-30,691.7899780273438,694.2100219726562,687.1199951171875,691.969970703125,688.3120727539062,101835100,0.0,0.0,0.0,-0.002982547677011782,5.943943450748604,688.2869954427083,679.0063088480417,53.89876621996179,2.3656114484336968,0.003975436809222188,0.00721963416397986,0.0,0.0,0.0,0.0,0.0,0.0,695.4099731445312,0.004971317523953855,1
2026-02-02,689.5800170898438,696.9299926757812,689.4199829101562,695.4099731445312,691.7339477539062,79286500,0.0,0.0,0.0,0.004971317523953855,5.15596256164541,689.0873270670573,679.3916985326167,57.59383254350375,2.507665007468404,0.003868740708995677,0.01978236533970623,0.0,0.0,0.0,0.0,0.0,0.0,689.530029296875,-0.008455363130712823,0
2026-02-03,696.2100219726562,696.9600219726562,684.030029296875,689.530029296875,685.885009765625,107904600,0.0,0.0,0.0,-0.008455363130712823,4.572207447990525,689.5226623535157,679.6297340123259,50.1889687690327,2.1213278022554505,-0.008569441719055604,0.009309610412955083,0.0,0.0,0.0,0.0,0.0,0.0,686.1900024414062,-0.0048439179057576665,0
2026-02-04,690.3499755859375,691.4500122070312,681.760009765625,686.1900024414062,682.5626831054688,105204600,0.0,0.0,0.0,-0.0048439179057576665,4.301229448963875,689.7093282063802,679.7836626900531,46.5293992412481,1.5280263931509808,-0.013272526955761088,-0.002224696572580953,0.0,0.0,0.0,0.0,0.0,0.0,677.6199951171875,-0.0124892628772314,0
2026-02-05,680.9400024414062,683.6900024414062,675.7899780273438,677.6199951171875,674.0379638671875,113610800,0.0,0.0,0.0,-0.0124892628772314,4.760209181440365,689.468994140625,679.7329265223505,38.72665107016174,0.3621283927108152,-0.023658554881559435,-0.020511415694313362,0.0,0.0,0.0,0.0,0.0,0.0,690.6199951171875,0.019184793975496328,1
2026-02-06,681.4600219726562,692.3099975585938,680.8499755859375,690.6199951171875,686.96923828125,89127600,0.0,0.0,0.0,0.019184793975496328,4.755904170006831,689.5576599121093,679.9880636291654,51.90275921348374,0.48158576111006823,-0.0019509164314829297,0.0015081324887178393,0.0,0.0,0.0,0.0,0.0,0.0,693.9500122070312,0.004821779145387506,1
2026-02-09,689.4199829101562,695.8699951171875,688.3400268554688,693.9500122070312,690.2816772460938,73885200,0.0,0.0,0.0,0.004821779145387506,4.821402662707989,689.67666015625,680.3150656528468,54.59613030878605,0.8353319485200927,-0.00209942479095937,0.0064393589339122315,0.0,0.0,0.0,0.0,0.0,0.0,692.1199951171875,-0.0026371021797716443,0
2026-02-10,694.9500122070312,696.5399780273438,691.6599731445312,692.1199951171875,688.4613037109375,65185700,0.0,0.0,0.0,-0.0026371021797716443,4.840886752161961,689.7369934082031,680.5913877323533,52.84478597298492,0.9569797981727106,0.0037561320178520763,-0.002809532448389329,0.0,0.0,0.0,0.0,0.0,0.0,691.9600219726562,-0.00023113498477123073,0
2026-02-11,696.3900146484375,697.1400146484375,689.1799926757812,691.9600219726562,688.3021850585938,76353900,0.0,0.0,0.0,-0.00023113498477123073,4.843799053668422,689.8739949544271,680.8573464157364,52.68568277370508,1.028620799354826,0.008408778196593802,-0.004603186741894971,0.0,0.0,0.0,0.0,0.0,0.0,681.27001953125,-0.015448872914552103,0
2026-02-12,694.239990234375,695.3499755859375,680.3699951171875,681.27001953125,677.668701171875,118829000,0.0,0.0,0.0,-0.015448872914552103,5.068962422639647,689.6826619466145,680.8669951757659,43.303299604671054,0.22026388701374344,0.005386535876101606,-0.018017498087400385,0.0,0.0,0.0,0.0,0.0,0.0,681.75,0.0007045377823615695,1
2026-02-13,681.6900024414062,686.280029296875,677.52001953125,681.75,678.1461181640625,96267500,0.0,0.0,0.0,0.0007045377823615695,5.078025674645439,689.6769958496094,680.8876296532698,43.78734389730463,-0.3772852677351466,-0.0128435249194927,-0.012471732913630462,0.0,0.0,0.0,0.0,0.0,0.0,682.8499755859375,0.0016134588719287635,1
2026-02-17,680.1400146484375,684.9400024414062,675.780029296875,682.8499755859375,679.2402954101562,81354700,0.0,0.0,0.0,0.0016134588719287635,5.092481180420528,689.666328938802,680.9334624680055,44.9473223705055,-0.7534036725178339,-0.01599544120734475,-0.013564681007894763,0.0,0.0,0.0,0.0,0.0,0.0,686.2899780273438,0.005037713354905549,1
2026-02-18,684.02001953125,689.1500244140625,682.8300170898438,686.2899780273438,682.662109375,73570300,0.0,0.0,0.0,0.005037713354905549,5.1179563710925695,689.618662516276,681.0585054286805,48.52477941330499,-0.7650813883749379,-0.008423419538481358,-0.007763923496647673,0.0,0.0,0.0,0.0,0.0,0.0,684.47998046875,-0.002637365569283623,0
2026-02-19,683.8400268554688,686.1799926757812,681.5499877929688,684.47998046875,680.8616333007812,58649400,0.0,0.0,0.0,-0.002637365569283623,5.184273225123018,689.3743286132812,681.1383363976064,46.8014847871324,-0.909898989365729,-0.010809933040035968,0.010183245085268355,0.0,0.0,0.0,0.0,0.0,0.0,689.4299926757812,0.007231785221302411,1
2026-02-20,682.3200073242188,690.0599975585938,681.72998046875,689.4299926757812,685.7855834960938,100034000,0.0,0.0,0.0,0.007231785221302411,5.184140329769042,689.3693277994792,681.331704825774,51.83887455043473,-0.6181180848590202,0.01197759025143319,0.005879731716035286,0.0,0.0,0.0,0.0,0.0,0.0,682.3900146484375,-0.010211302238274489,0
2026-02-23,687.8300170898438,690.0,680.3699951171875,682.3900146484375,678.7827758789062,90558100,0.0,0.0,0.0,-0.010211302238274489,5.338168442945356,689.1319946289062,681.356373643676,45.272967594030696,-0.944064420149175,0.0009387820292445781,-0.009564814663887589,0.0,0.0,0.0,0.0,0.0,0.0,687.3499755859375,0.007268513358970052,1
2026-02-24,681.9000244140625,688.3499755859375,680.0,687.3499755859375,683.7164916992188,73798700,0.0,0.0,0.0,0.007268513358970052,5.264295989556369,688.9079935709635,681.4960167526751,50.0712064974317,-0.7930105120983626,0.006590027327948,-0.002727688777458437,0.0,0.0,0.0,0.0,0.0,0.0,693.1500244140625,0.008438276037153747,1
2026-02-25,690.1799926757812,693.6799926757812,690.0999755859375,693.1500244140625,689.4859008789062,56369500,0.0,0.0,0.0,0.008438276037153747,5.194308787641236,688.840995279948,681.7674154522916,55.03581257844841,-0.20294431850902583,0.009995842291675494,0.0006063602805645996,0.0,0.0,0.0,0.0,0.0,0.0,689.2999877929688,-0.005554405951797015,0
2026-02-26,693.280029296875,693.2999877929688,684.3499755859375,689.2999877929688,685.6561889648438,71671000,0.0,0.0,0.0,-0.005554405951797015,5.11149422872602,688.6919942220052,681.9427555569448,51.38344220078915,-0.04545441788093285,0.007041852883583166,-0.008900203494402903,0.0,0.0,0.0,0.0,0.0,0.0,685.989990234375,-0.004801969559279806,0
2026-02-27,683.0900268554688,686.8599853515625,681.6400146484375,685.989990234375,682.3637084960938,83308900,0.0,0.0,0.0,-0.004801969559279806,5.124571953491231,688.546327718099,682.0369242084996,48.40901611597929,-0.18559228482217804,-0.004989632708108704,-0.013560140501455153,0.0,0.0,0.0,0.0,0.0,0.0,686.3800048828125,0.0005685427688300049,1
2026-03-02,678.7000122070312,688.6199951171875,678.02001953125,686.3800048828125,682.751708984375,87477200,0.0,0.0,0.0,0.0005685427688300049,5.090495056612902,688.3509948730468,682.1379332602495,48.785211359448766,-0.262159618478222,0.0058470817988605095,-0.01103678950354281,0.0,0.0,0.0,0.0,0.0,0.0,680.3300170898438,-0.008814341545397508,0
2026-03-03,675.0599975585938,682.6099853515625,669.6599731445312,680.3300170898438,676.7337036132812,105003100,0.0,0.0,0.0,-0.008814341545397508,5.254190035607532,687.973329671224,682.0959032558997,43.487783777590906,-0.8017808050441317,-0.010213077392065895,-0.01682147218246144,0.0,0.0,0.0,0.0,0.0,0.0,685.1300048828125,0.007055381465455479,1
2026-03-04,681.6300048828125,687.0900268554688,679.6199951171875,685.1300048828125,681.5082397460938,79182200,0.0,0.0,0.0,0.007055381465455479,4.9086564888032544,688.2249959309896,682.1664105796118,48.28575202005152,-0.8325188246520838,-0.011570394934386052,-0.014782601139920915,0.0,0.0,0.0,0.0,0.0,0.0,681.3099975585938,-0.0055755948462250515,0
2026-03-05,682.0800170898438,685.530029296875,675.6099853515625,681.3099975585938,677.70849609375,106606500,0.0,0.0,0.0,-0.0055755948462250515,5.044735989776615,688.0886617024739,682.1465169309804,45.01054998246587,-1.151843853631135,-0.011591455644671789,-0.011921209213561546,0.0,0.0,0.0,0.0,0.0,0.0,672.3800048828125,-0.013107091790493297,0
2026-03-06,673.4099731445312,676.1099853515625,669.760009765625,672.3800048828125,668.82568359375,100687000,0.0,0.0,0.0,-0.013107091790493297,5.797780843622263,687.5353291829427,681.9197384917856,38.445523720570115,-2.101264943308138,-0.019839918286435276,-0.020125617554116126,0.0,0.0,0.0,0.0,0.0,0.0,678.27001953125,0.008759949144329537,1
2026-03-09,666.3900146484375,679.9199829101562,662.3900146484375,678.27001953125,674.6845703125,102667700,0.0,0.0,0.0,0.008759949144329537,6.0280485599120235,687.1699971516927,681.8350241955355,44.224073957488564,-2.351308617757468,-0.011815590917376939,0.0009592757279102138,0.0,0.0,0.0,0.0,0.0,0.0,677.1799926757812,-0.001607069196751576,0
2026-03-10,677.719970703125,683.3599853515625,674.760009765625,677.1799926757812,673.6002807617188,81505300,0.0,0.0,0.0,-0.001607069196751576,6.199584018423086,686.6516642252604,681.727015492703,43.41185503482441,-2.607369950964312,-0.004630141747290484,-0.019460778049331884,0.0,0.0,0.0,0.0,0.0,0.0,676.3300170898438,-0.0012551693717042234,0
2026-03-11,677.5800170898438,680.0800170898438,673.3400268554688,676.3300170898438,672.7548217773438,68441700,0.0,0.0,0.0,-0.0012551693717042234,6.244429219264736,686.012998453776,681.6018366323966,42.75248432843346,-2.846078507187258,-0.012844259819673076,-0.025390870822451728,0.0,0.0,0.0,0.0,0.0,0.0,666.0599975585938,-0.0151849234423167,0
2026-03-12,671.1599731445312,671.6500244140625,665.8699951171875,666.0599975585938,662.5390625,108882200,0.0,0.0,0.0,-0.0151849234423167,6.977034384956031,685.0343322753906,681.2414842967019,35.697329700117976,-3.8199277545022596,-0.022383349803535624,-0.03765242695261439,0.0,0.0,0.0,0.0,0.0,0.0,662.2899780273438,-0.005660180081477395,0
2026-03-13,669.27001953125,672.3400268554688,661.3599853515625,662.2899780273438,658.7890014648438,97200200,0.0,0.0,0.0,-0.005660180081477395,7.909603867482955,683.9759989420573,680.8022275287877,33.51112321235581,-4.840125415096622,-0.01500643502512733,-0.042878263198975586,0.0,0.0,0.0,0.0,0.0,0.0,669.030029296875,0.010176888512803295,1
2026-03-16,668.3800048828125,672.0700073242188,667.1199951171875,669.030029296875,665.493408203125,82023100,0.0,0.0,0.0,0.010176888512803295,8.213173243843926,683.2113342285156,680.5294644585541,40.52407620732681,-5.046599544601463,-0.0136228787478484,-0.017966430172278502,0.0,0.0,0.0,0.0,0.0,0.0,670.7899780273438,0.0026305975119209624,1
2026-03-17,672.3900146484375,674.4400024414062,669.7000122070312,670.7899780273438,667.2440185546875,87128000,0.0,0.0,0.0,0.0026305975119209624,8.182210982753473,682.3906677246093,680.303873995811,42.23732612716492,-5.010461148539775,-0.009436212997357307,-0.01607630652388159,0.0,0.0,0.0,0.0,0.0,0.0,661.4299926757812,-0.013953675007322364,0
2026-03-18,668.3599853515625,669.719970703125,661.1900024414062,661.4299926757812,657.9335327148438,82062600,0.0,0.0,0.0,-0.013953675007322364,8.912540048424928,681.4539998372396,679.8668493879028,36.255742681514306,-5.671713816154011,-0.022030701044698953,-0.03136850505380229,0.0,0.0,0.0,0.0,0.0,0.0,659.7999877929688,-0.002464364937880159,0
2026-03-19,656.969970703125,662.97998046875,655.1699829101562,659.7999877929688,656.3121948242188,111272500,0.0,0.0,0.0,-0.002464364937880159,9.696817503466482,680.5743326822917,679.402347629523,35.31772528578804,-6.255183232245372,-0.009398567379171108,-0.03859883006089815,0.0,0.0,0.0,0.0,0.0,0.0,648.5700073242188,-0.017020279897722146,0
2026-03-20,656.510009765625,656.6900024414062,644.719970703125,648.5700073242188,646.9034423828125,163617500,1.797,0.0,0.0,-0.017020279897722146,11.317119306691643,679.6059997558593,678.6888692811847,29.629979068464834,-7.536872148544944,-0.020715956995137508,-0.052463145992873494,0.0,0.0,0.0,0.0,0.0,0.0,655.3800048828125,0.01050001924493782,1
2026-03-23,658.0700073242188,662.6199951171875,653.9400024414062,655.3800048828125,653.6959228515625,134802700,0.0,0.0,0.0,0.01050001924493782,11.945903923642163,678.4313334147135,678.1496506192781,36.3266341763878,-7.911906427028043,-0.020402708124190094,-0.049388608204896434,0.0,0.0,0.0,0.0,0.0,0.0,653.1799926757812,-0.0033568497522664664,0
2026-03-24,651.3200073242188,657.030029296875,649.8800048828125,653.1799926757812,651.5015869140625,96457500,0.0,0.0,0.0,-0.0033568497522664664,12.42887118713072,677.0723327636719,677.572181317276,35.16247463537701,-8.29107207566517,-0.02625260652126893,-0.04280546512349692,0.0,0.0,0.0,0.0,0.0,0.0,656.8200073242188,0.0055727589473859585,1
2026-03-25,658.6699829101562,660.8900146484375,654.239990234375,656.8200073242188,655.1322021484375,90653800,0.0,0.0,0.0,0.0055727589473859585,12.624574515734057,675.8956665039062,677.0923867043051,38.66482564750416,-8.203282488531954,-0.006969725296116391,-0.044416919103973496,0.0,0.0,0.0,0.0,0.0,0.0,645.0900268554688,-0.017858744158138706,0
2026-03-26,652.0599975585938,654.8499755859375,644.8200073242188,645.0900268554688,643.432373046875,96494400,0.0,0.0,0.0,-0.017858744158138706,13.441718305134653,674.3333333333334,676.352692682025,32.560908930027594,-8.976741709925818,-0.022294575946727124,-0.0693356356716861,0.0,0.0,0.0,0.0,0.0,0.0,634.0900268554688,-0.017051883523327982,0
2026-03-27,642.5,642.6599731445312,633.1099853515625,634.0900268554688,632.4606323242188,103649400,0.0,0.0,0.0,-0.017051883523327982,15.241641745005682,672.7606669108073,675.3761119722209,28.083525840418048,-10.357922106061551,-0.022326009999274476,-0.0800956940595251,0.0,0.0,0.0,0.0,0.0,0.0,631.969970703125,-0.0033434623831846144,0
2026-03-30,640.1099853515625,640.3699951171875,629.280029296875,631.969970703125,630.3460693359375,99275900,0.0,0.0,0.0,-0.0033434623831846144,16.85372436745365,671.1013326009114,674.3733766164742,27.30423929406409,-11.491125789191756,-0.035719787001853076,-0.07874753320058436,0.0,0.0,0.0,0.0,0.0,0.0,650.3400268554688,0.02906792569891481,1
2026-03-31,638.9400024414062,651.5399780273438,637.97998046875,650.3400268554688,648.6688842773438,152534100,0.0,0.0,0.0,0.02906792569891481,17.11539339270033,670.0176676432292,673.8183215998301,42.256215411089094,-10.782592847420801,-0.004347906935542323,-0.05250732505457667,0.0,0.0,0.0,0.0,0.0,0.0,655.239990234375,0.007534463782890022,1
2026-04-01,653.9000244140625,658.52001953125,653.0,655.239990234375,653.5562744140625,97841500,0.0,0.0,0.0,0.007534463782890022,17.036086423511822,668.9826680501302,673.3893607806208,45.47752247615925,-9.713715625238251,-0.002405555665517034,-0.036879200131126,0.0,0.0,0.0,0.0,0.0,0.0,655.8300170898438,0.0009004744280911581,1
2026-04-02,646.4199829101562,658.2000122070312,645.1099853515625,655.8300170898438,654.144775390625,68358700,0.0,0.0,0.0,0.0009004744280911581,16.940141913341776,668.0276692708334,672.9840287217315,45.86911611424091,-8.718510922804512,0.01664882386529487,-0.042765588405342614,0.0,0.0,0.0,0.0,0.0,0.0,658.9299926757812,0.004726797348638012,1
2026-04-06,655.8599853515625,659.719970703125,655.52001953125,658.9299926757812,657.23681640625,39105800,0.0,0.0,0.0,0.004726797348638012,16.52144246462493,667.0110026041667,672.6596906048866,47.98297846675586,-7.592144389280861,0.03917419414952317,-0.03284849035389026,0.0,0.0,0.0,0.0,0.0,0.0,659.219970703125,0.0004400741058487867,1
2026-04-07,656.6500244140625,659.6099853515625,651.0599975585938,659.219970703125,657.5260009765625,69980400,0.0,0.0,0.0,0.0004400741058487867,16.31804047953063,666.2386678059896,672.3496034060075,48.186806281836006,-6.6000111726376645,0.04311913740091455,-0.01957231637484691,0.0,0.0,0.0,0.0,0.0,0.0,676.010009765625,0.025469554638327674,1
2026-04-08,676.3900146484375,677.0800170898438,671.4600219726562,676.010009765625,674.27294921875,93606100,0.0,0.0,0.0,0.025469554638327674,15.93908687408437,665.8606689453125,672.4340383067799,58.36080336262761,-4.408108685408706,0.03947163306905166,-0.0033320207300138183,0.0,0.0,0.0,0.0,0.0,0.0,679.9099731445312,0.00576909117108837,1
2026-04-09,674.8400268554688,681.1599731445312,673.77001953125,679.9099731445312,678.162841796875,57134400,0.0,0.0,0.0,0.00576909117108837,15.329047194678468,665.4193339029948,672.60644717741,60.31030033238166,-2.3294631203402787,0.03765030107721601,0.004031395638200763,0.0,0.0,0.0,0.0,0.0,0.0,679.4600219726562,-0.0006617805145495703,0
2026-04-10,681.3200073242188,682.030029296875,678.4500122070312,679.4600219726562,677.7140502929688,42253500,0.0,0.0,0.0,-0.0006617805145495703,14.899709257383646,665.0913350423177,672.7644682239089,59.9614957178226,-0.7102416101903373,0.03603068518831676,0.00462792542652557,0.0,0.0,0.0,0.0,0.0,0.0,686.0999755859375,0.009772397784351794,1
2026-04-13,677.4099731445312,686.2999877929688,676.5800170898438,686.0999755859375,684.3369750976562,54185800,0.0,0.0,0.0,0.009772397784351794,14.90504141524045,665.0950012207031,673.071874845585,63.331768383836675,1.0961560619005013,0.0412334894634625,0.030087346636638035,0.0,0.0,0.0,0.0,0.0,0.0,694.4600219726562,0.01218488075237012,1
2026-04-14,687.6900024414062,694.5800170898438,687.6599731445312,694.4600219726562,692.675537109375,63480500,0.0,0.0,0.0,0.01218488075237012,15.36871471578288,665.364335123698,673.5648044528896,67.08813530154052,3.1658313735971433,0.053457196134310214,0.04857395553701749,0.0,0.0,0.0,0.0,0.0,0.0,699.9400024414062,0.007890994867038925,1
2026-04-15,695.260009765625,700.280029296875,694.2000122070312,699.9400024414062,698.1414184570312,58240400,0.0,0.0,0.0,0.007890994867038925,16.40900837325034,666.0180013020833,674.1725442201881,69.30767461419407,5.188443448660337,0.035398873286029975,0.0462011745227886,0.0,0.0,0.0,0.0,0.0,0.0,701.6599731445312,0.002457311622604319,1
2026-04-16,701.0599975585938,702.780029296875,698.530029296875,701.6599731445312,699.8569946289062,49972400,0.0,0.0,0.0,0.002457311622604319,17.32487209380281,666.5690002441406,674.8057841628191,69.99170962175245,6.8511891083048795,0.03198952928930865,0.04602035827662454,0.0,0.0,0.0,0.0,0.0,0.0,710.1400146484375,0.012085685130224011,1
2026-04-17,706.1400146484375,712.3900146484375,705.760009765625,710.1400146484375,708.3152465820312,70661900,0.0,0.0,0.0,0.012085685130224011,18.89883706555388,667.5300008138021,675.6196336515602,73.16697339063806,8.75230438488154,0.045153492013715546,0.0736435034879539,0.0,0.0,0.0,0.0,0.0,0.0,708.719970703125,-0.001999667552905704,0
2026-04-20,708.780029296875,709.9099731445312,706.1400146484375,708.719970703125,706.8988037109375,43546800,0.0,0.0,0.0,-0.001999667552905704,20.330787372142485,668.7413330078125,676.3818831085333,71.79693434372278,10.028760946278453,0.032968949019229754,0.07414365537318912,0.0,0.0,0.0,0.0,0.0,0.0,704.0800170898438,-0.006546949154936255,0
2026-04-21,710.280029296875,711.280029296875,702.6400146484375,704.0800170898438,702.2708129882812,58941400,0.0,0.0,0.0,-0.006546949154936255,21.272216027276105,669.6016662597656,677.0196080430434,67.35872052382007,10.544407126982719,0.013852482234846697,0.08558830833797049,0.0,0.0,0.0,0.0,0.0,0.0,711.2100219726562,0.010126696838070659,1
2026-04-22,709.1500244140625,711.4500122070312,708.219970703125,711.2100219726562,709.3825073242188,42518500,0.0,0.0,0.0,0.010126696838070659,22.55868276195904,670.7360005696614,677.8066670751301,70.38794678816953,11.39701455690988,0.01610140796631132,0.08518724506986852,0.0,0.0,0.0,0.0,0.0,0.0,708.4500122070312,-0.0038807239498251933,0
2026-04-23,709.5,712.3599853515625,702.280029296875,708.4500122070312,706.6295776367188,56174000,0.0,0.0,0.0,-0.0038807239498251933,23.572774126656437,671.8066670735677,678.5119461898912,67.76624415249614,11.714959604103115,0.009677107605368995,0.08461682867050757,0.0,0.0,0.0,0.0,0.0,0.0,713.9400024414062,0.007749297960024215,1
2026-04-24,710.75,714.469970703125,709.010009765625,713.9400024414062,712.10546875,45182000,0.0,0.0,0.0,0.007749297960024215,24.761184838707873,673.4026672363282,679.3272057044145,70.14803536521512,12.268505974827463,0.0053510402379592925,0.0869644567465071,0.0,0.0,0.0,0.0,0.0,0.0,715.1699829101562,0.0017228064887020444,1
2026-04-27,713.1699829101562,715.6300048828125,712.2999877929688,715.1699829101562,713.332275390625,33135900,0.0,0.0,0.0,0.0017228064887020444,25.80308651043042,675.1653340657552,680.1518670881186,70.67091605309352,12.660502217490944,0.00910093192468131,0.10863593163313445,0.0,0.0,0.0,0.0,0.0,0.0,711.6900024414062,-0.004865948728146163,0
2026-04-28,711.8200073242188,712.8800048828125,709.25,711.6900024414062,709.8612060546875,43117400,0.0,0.0,0.0,-0.004865948728146163,26.615995917803296,676.587333170573,680.8773667069717,67.09033962353311,12.545737273723148,0.010808409792706142,0.12238006008510394,0.0,0.0,0.0,0.0,0.0,0.0,711.5800170898438,-0.00015454109399481997,0
2026-04-29,711.0,712.2000122070312,708.3699951171875,711.5800170898438,709.7515258789062,41859200,0.0,0.0,0.0,-0.00015454109399481997,27.34160882047163,677.9470011393229,681.5835312191398,66.97484369874758,12.30407659430773,0.0005202332725307013,0.12597124875750865,0.0,0.0,0.0,0.0,0.0,0.0,718.6599731445312,0.009949627427204177,1
2026-04-30,714.6300048828125,719.7899780273438,710.4500122070312,718.6599731445312,716.8132934570312,67240900,0.0,0.0,0.0,0.009949627427204177,28.134469254019788,679.854667154948,682.4361571825359,70.4958744336635,12.539306726258587,0.014411688561756009,0.10505265471572445,0.0,0.0,0.0,0.0,0.0,0.0,720.6500244140625,0.0027691138283709726,1
2026-05-01,721.25,724.8699951171875,720.469970703125,720.6500244140625,718.7982177734375,43049800,0.0,0.0,0.0,0.0027691138283709726,28.8238103344238,681.8830017089844,683.3148024497515,71.41830009425672,12.739456284459038,0.009398579642141414,0.09982607159903467,0.0,0.0,0.0,0.0,0.0,0.0,718.010009765625,-0.0036633796697419507,0
2026-05-04,720.0700073242188,722.1199951171875,714.989990234375,718.010009765625,716.1649780273438,51950600,0.0,0.0,0.0,-0.0036633796697419507,28.84454402199059,684.1976684570312,684.1124218571997,68.3647327440846,12.540490168251154,0.003971121444320325,0.09481114169140437,0.0,0.0,0.0,0.0,0.0,0.0,723.77001953125,0.008022185884992261,1
2026-05-05,721.77001953125,725.0399780273438,721.489990234375,723.77001953125,721.9102172851562,36933200,0.0,0.0,0.0,0.008022185884992261,29.188939001404698,686.4773356119791,685.0239871798797,71.25272633022117,12.70118142411252,0.016973706316519843,0.09840199653405746,0.0,0.0,0.0,0.0,0.0,0.0,733.8300170898438,0.013899439445017592,1
2026-05-06,728.1599731445312,734.5900268554688,727.8200073242188,733.8300170898438,731.9443359375,53288900,0.0,0.0,0.0,0.013899439445017592,29.72551430646845,689.1656697591146,686.1456737814793,75.46544320754316,13.48484325119523,0.03126844411819785,0.11317928719170856,0.0,0.0,0.0,0.0,0.0,0.0,731.5800170898438,-0.0030661051573263043,0
2026-05-07,735.0499877929688,736.1300048828125,729.75,731.5800170898438,729.7001342773438,51724600,0.0,0.0,0.0,-0.0030661051573263043,30.052260707437192,691.6576700846355,687.1897216692029,72.89257106748157,13.765662708297782,0.017977965140844265,0.08220293563920023,0.0,0.0,0.0,0.0,0.0,0.0,737.6199951171875,0.008256073001242203,1
2026-05-08,734.9299926757812,738.0800170898438,734.5700073242188,737.6199951171875,735.724609375,47227100,0.0,0.0,0.0,0.008256073001242203,29.85575067007337,694.742002360026,688.3484110373696,75.32461562710375,14.310625912387877,0.02354814421455509,0.08487891669797376,0.0,0.0,0.0,0.0,0.0,0.0,739.2999877929688,0.002277585595431564,1
2026-05-11,736.4500122070312,740.7899780273438,736.4500122070312,739.2999877929688,737.4002685546875,44024000,0.0,0.0,0.0,0.002277585595431564,28.640091463056688,698.2490010579427,689.5189186744024,75.970398440407,14.708523839445206,0.02965136660740053,0.08806988473962152,0.0,0.0,0.0,0.0,0.0,0.0,738.1799926757812,-0.0015149399914519135,0
2026-05-12,736.8900146484375,738.8400268554688,731.8300170898438,738.1799926757812,736.2831420898438,54185300,0.0,0.0,0.0,-0.0015149399914519135,26.66066817542925,701.7893351236979,690.6366581639718,74.56927657576776,14.76330438446439,0.01990960216045412,0.07590732975229564,0.0,0.0,0.0,0.0,0.0,0.0,742.3099975585938,0.005594848036780231,1
2026-05-13,738.469970703125,743.9099731445312,735.469970703125,742.3099975585938,740.4025268554688,44200200,0.0,0.0,0.0,0.005594848036780231,25.81491761888793,704.8550008138021,691.8234349442678,76.30472748465506,14.967439908855113,0.011555783044115753,0.06890241924944318,0.0,0.0,0.0,0.0,0.0,0.0,748.1699829101562,0.007894256268722755,1
2026-05-14,743.6500244140625,749.530029296875,743.5599975585938,748.1699829101562,746.2474975585938,45307600,0.0,0.0,0.0,0.007894256268722755,25.224892918458114,707.9526672363281,693.1173767017918,78.54225482483172,15.424269251920009,0.022676898538461776,0.06890587807601056,0.0,0.0,0.0,0.0,0.0,0.0,739.1699829101562,-0.012029351892724582,0
2026-05-15,741.7899780273438,743.4600219726562,737.9600219726562,739.1699829101562,737.2706298828125,60410800,0.0,0.0,0.0,-0.012029351892724582,23.83766453873138,710.7306660970052,694.1747973685434,67.93229811259215,14.888460113273823,0.0021013364648858612,0.05345895619144647,0.0,0.0,0.0,0.0,0.0,0.0,738.6500244140625,-0.0007034356211904624,0
2026-05-18,739.8300170898438,741.4199829101562,733.3900146484375,738.6500244140625,736.751953125,47843900,0.0,0.0,0.0,-0.0007034356211904624,22.25489584966518,713.3880004882812,695.1958759317574,67.36610764305468,14.257519396830958,-0.0008791605432681981,0.04014702618854571,0.0,0.0,0.0,0.0,0.0,0.0,733.72998046875,-0.006660859382243145,0
2026-05-19,734.780029296875,737.6500244140625,731.530029296875,733.72998046875,731.8446044921875,54255900,0.0,0.0,0.0,-0.006660859382243145,20.049674462901752,715.8716674804688,696.0804513507436,62.092471289813346,13.208231633076366,-0.006028356567753468,0.035288986905240405,0.0,0.0,0.0,0.0,0.0,0.0,741.25,0.010249028568310337,1
2026-05-20,735.7100219726562,741.8699951171875,733.8900146484375,741.25,739.3452758789062,45768000,0.0,0.0,0.0,0.010249028568310337,19.09226845756743,718.0463338216146,697.1172278322075,66.41950685033724,12.835506519999967,-0.0014279715510771007,0.052792270775969374,0.0,0.0,0.0,0.0,0.0,0.0,742.719970703125,0.0019830970699832307,1
2026-05-21,738.6400146484375,744.8699951171875,737.030029296875,742.719970703125,740.8114624023438,43332200,0.0,0.0,0.0,0.0019830970699832307,18.188505169736708,720.1400004069011,698.1638291900152,67.20748488813118,12.514474461628083,-0.0072844571842247685,0.04430470291050015,0.0,0.0,0.0,0.0,0.0,0.0,745.6400146484375,0.00393155436839554,1
2026-05-22,746.239990234375,748.9400024414062,744.47998046875,745.6400146484375,743.7239990234375,41762000,0.0,0.0,0.0,0.00393155436839554,17.062993756603756,722.3460001627604,699.2533065635564,68.77494207588889,12.353276503137977,0.008753104005669199,0.05249488573731331,0.0,0.0,0.0,0.0,0.0,0.0,750.5900268554688,0.0066386085909901915,1
2026-05-26,750.010009765625,752.1300048828125,748.3699951171875,750.5900268554688,748.6613159179688,41123600,0.0,0.0,0.0,0.0066386085909901915,16.388121691446006,724.4956685384115,700.4312479635784,71.28100390062693,12.481076495159527,0.016164627424033018,0.05133488008618814,0.0,0.0,0.0,0.0,0.0,0.0,750.4600219726562,-0.0001732035840619206,0
2026-05-27,750.8800048828125,751.3800048828125,748.219970703125,750.4600219726562,748.5316162109375,42106300,0.0,0.0,0.0,-0.0001732035840619206,16.034466858805445,726.3623352050781,701.5790570788078,71.11956221612728,12.428599444181032,0.022801360104187207,0.0493449667992194,0.0,0.0,0.0,0.0,0.0,0.0,754.5999755859375,0.0055165545026623075,1
2026-05-28,750.25,755.1500244140625,749.22998046875,754.5999755859375,752.6609497070312,41562600,0.0,0.0,0.0,0.0055165545026623075,16.03407356699632,728.1843343098958,702.7953896842329,73.20107792588963,12.576101194540115,0.018010085107504237,0.060293067202477735,0.0,0.0,0.0,0.0,0.0,0.0,756.47998046875,0.002491392716190699,1
2026-05-29,755.9000244140625,758.0800170898438,754.6900024414062,756.47998046875,754.5361328125,55075700,0.0,0.0,0.0,0.002491392716190699,16.030769288679423,730.0116678873698,704.0268234766598,74.11350336502821,12.698319750920064,0.01852651107872938,0.06309896610438015,0.0,0.0,0.0,0.0,0.0,0.0,758.5399780273438,0.00272313559086812,1
2026-06-01,755.3599853515625,760.280029296875,754.6900024414062,758.5399780273438,756.5908203125,43634900,0.0,0.0,0.0,0.00272313559086812,16.39331026032187,731.625,705.2771402423825,75.11336222174572,12.813695123117782,0.017300524550024843,0.055492174843571274,0.0,0.0,0.0,0.0,0.0,0.0,759.5700073242188,0.0013579103629497435,1
2026-06-02,757.030029296875,760.4000244140625,756.75,759.5700073242188,757.6182250976562,31581900,0.0,0.0,0.0,0.0013579103629497435,16.57123620402542,733.3200012207031,706.5222849180649,75.62042199528506,12.840231496834008,0.011963895265662883,0.054006773873074954,0.0,0.0,0.0,0.0,0.0,0.0,754.239990234375,-0.007017150543661033,0
2026-06-03,758.1500244140625,758.7999877929688,753.5700073242188,754.239990234375,752.3018798828125,51402500,0.0,0.0,0.0,-0.007017150543661033,16.04129589820838,734.9920003255208,707.6165331303434,67.90980514256566,12.289508130079184,0.005036868255530402,0.050458879369350784,0.0,0.0,0.0,0.0,0.0,0.0,757.0900268554688,0.003778686701839007,1
2026-06-04,752.0999755859375,758.3099975585938,751.469970703125,757.0900268554688,755.1445922851562,49923000,0.0,0.0,0.0,0.003778686701839007,15.882050704247542,736.5213338216146,708.7509405677458,69.68951588473904,11.94533168282203,0.003299829512448227,0.046036733250982786,0.0,0.0,0.0,0.0,0.0,0.0,737.5499877929688,-0.0258093996346227,0
2026-06-05,752.3099975585938,752.8200073242188,735.530029296875,737.5499877929688,735.65478515625,93989400,0.0,0.0,0.0,-0.0258093996346227,14.970981795555879,737.4913330078125,709.4112320686452,49.443289286517164,9.980799080323322,-0.025023785380349883,0.005069253936868634,0.0,0.0,0.0,0.0,0.0,0.0,739.219970703125,0.0022642301373410056,1
2026-06-08,743.3599853515625,745.3400268554688,738.1900024414062,739.219970703125,737.3204345703125,49319100,0.0,0.0,0.0,0.0022642301373410056,14.29588684365717,738.3339986165364,710.0946135102726,50.75992796126228,8.46111207028332,-0.02546999220062507,0.01044308679134276,0.0,0.0,0.0,0.0,0.0,0.0,737.0499877929688,-0.002935503633772485,0
2026-06-09,743.6300048828125,746.9000244140625,722.5900268554688,737.0499877929688,735.1560668945312,87683500,0.0,0.0,0.0,-0.002935503633772485,13.615303608815815,739.0633321126302,710.7125271951228,48.97511689983242,7.000947120065348,-0.029648379101463673,-0.0007727655540684664,3.0,2.0,-0.1806,508.0,91.0,-0.12040000000000001,725.4299926757812,-0.015765545498457323,0
2026-06-10,733.3900146484375,738.3800048828125,725.3300170898438,725.4299926757812,723.56591796875,60341300,0.0,0.0,0.0,-0.015765545498457323,12.873648753066929,739.5213317871094,711.0498760107287,40.71857580820216,4.850209191086719,-0.0381973880086115,-0.018760983830925726,0.0,0.0,0.0,0.0,0.0,0.0,737.760009765625,0.016996839411566045,1
2026-06-11,728.760009765625,740.0,724.4099731445312,737.760009765625,735.8642578125,86330500,0.0,0.0,0.0,0.016996839411566045,11.752817596152516,740.3939982096355,711.6620667774462,50.29429348069288,4.09347617479682,-0.02553199276726692,-0.0005689437729595737,2.0,1.0,0.0,770.0,201.0,0.0,741.75,0.005408249541260179,1
2026-06-12,740.7100219726562,744.4400024414062,735.030029296875,741.75,739.843994140625,57079500,0.0,0.0,0.0,0.005408249541260179,11.013208641189204,741.1636657714844,712.3516210119478,52.9432075078259,3.7722347001060825,0.005694545829495912,-0.0007543985133374731,2.0,2.0,0.6064,339.0,211.0,0.6064,754.8300170898438,0.017633996750716197,1
2026-06-15,751.8499755859375,756.6799926757812,751.760009765625,754.8300170898438,752.890380859375,60176400,0.0,0.0,0.0,0.017633996750716197,10.577219262737296,742.3029988606771,713.3250635896746,60.394596214890996,4.520981521118188,0.021116916486808357,0.008901766085003704,2.0,1.0,0.814,635.0,110.0,0.814,750.3300170898438,-0.005961607114339795,0
2026-06-16,754.5499877929688,755.4400024414062,749.8800048828125,750.3300170898438,748.4019775390625,67093100,0.0,0.0,0.0,-0.005961607114339795,9.62022604579413,743.3803324381511,714.173011201132,57.047702344237905,4.697111007425406,0.018017813603987465,0.015098061931235085,0.0,0.0,0.0,0.0,0.0,0.0,740.9600219726562,-0.012487831892330603,0
2026-06-17,751.2899780273438,752.1500244140625,739.219970703125,740.9600219726562,739.0560302734375,85945200,0.0,0.0,0.0,-0.012487831892330603,8.896642884156321,743.9533325195313,714.786774759115,50.74213549862995,4.0341118661817745,0.02140803310267314,0.003127323471526555,0.0,0.0,0.0,0.0,0.0,0.0,746.739990234375,0.007800647930141791,1
2026-06-18,747.760009765625,748.22998046875,743.8599853515625,746.739990234375,746.739990234375,80875700,1.904,0.0,0.0,0.007800647930141791,8.700150116320973,744.3836649576823,715.5188569514673,54.11159117578197,3.9297753990064166,0.012171953412875913,0.017731331841331466,0.0,0.0,0.0,0.0,0.0,0.0,744.3900146484375,-0.003146979693962715,0
