Date,Open,High,Low,Close,Adj Close,Volume,Dividends,Stock Splits,Daily Return,30-Day Rolling STD,30-Day Rolling SMA,30-Day Rolling EWMA,RSI,MACD,5D Return,21D Return
2025-05-28,25.010000228881836,25.18000030517578,24.34000015258789,24.780000686645508,24.780000686645508,7740700,0.0,0.0,,,,24.780000686645508,,0.0,,
2025-05-29,25.110000610351562,25.440000534057617,23.520000457763672,23.56999969482422,23.56999969482422,9682500,0.0,0.0,-0.048829740044090686,,,24.168011261844683,0.0,-0.09652429564386011,,
2025-05-30,23.389999389648438,23.399999618530273,22.469999313354492,23.06999969482422,23.06999969482422,9399200,0.0,0.0,-0.021213407147807284,,,23.793519113758144,0.0,-0.21093479171077334,,
2025-06-02,22.975000381469727,24.170000076293945,22.719999313354492,24.149999618530273,24.149999618530273,7858900,0.0,0.0,0.04681404152546875,,,23.88575127853706,6.687005349033029,-0.21201498939678487,,
2025-06-03,24.329999923706055,25.565000534057617,23.799999237060547,25.18000030517578,25.18000030517578,10494300,0.0,0.0,0.0426501326258899,,,24.156698494907985,12.683874848466075,-0.12827987594946322,,
2025-06-04,25.795000076293945,29.09000015258789,25.399999618530273,28.690000534057617,28.690000534057617,32676900,0.0,0.0,0.13939635370696757,,,24.9565533595385,29.347339515103698,0.21878645484969184,0.15778852861450066,
2025-06-05,28.049999237060547,31.239999771118164,27.719999313354492,30.850000381469727,30.850000381469727,29674100,0.0,0.0,0.07528754991997988,,,25.857939262793916,37.27982637291052,0.6605189074933016,0.3088672372042558,
2025-06-06,31.010000228881836,31.270000457763672,29.780000686645508,31.190000534057617,31.190000534057617,14295500,0.0,0.0,0.01102107450190215,,,26.579573118752705,38.45123987239798,1.0262008252126193,0.35197229937784225,
2025-06-09,32.279998779296875,36.65999984741211,32.25,34.81999969482422,34.81999969482422,34436400,0.0,0.0,0.11638342733604179,,,27.582044518972907,49.331785389127994,1.5905817385272236,0.4418219563078942,
2025-06-10,35.18000030517578,36.29999923706055,34.209999084472656,35.709999084472656,35.709999084472656,21288700,0.0,0.0,0.025560005670555164,,,28.48191467000742,51.59133725539108,2.0856313314547528,0.41818898537234817,
2025-06-11,35.720001220703125,36.97999954223633,35.33000183105469,36.470001220703125,36.470001220703125,12905900,0.0,0.0,0.021282614273740785,,,29.294863404718555,53.49839753184675,2.5103497717502066,0.2711746441904017,
2025-06-12,35.95500183105469,37.7400016784668,35.814998626708984,36.91999816894531,36.91999816894531,9926900,0.0,0.0,0.012338824600497622,,,30.014104686433004,54.63789655648323,2.8503956023628305,0.19675843476234034,
2025-06-13,36.2400016784668,41.13199996948242,36.20000076293945,38.369998931884766,38.369998931884766,22908900,0.0,0.0,0.039274128787988305,,,30.749691458733672,58.19289548647504,3.199999711682846,0.2302019325067668,
2025-06-16,39.2599983215332,42.93000030517578,38.7599983215332,41.90999984741211,41.90999984741211,17820800,0.0,0.0,0.092259604223905,,,31.672027659818443,65.33542436002807,3.719832067383809,0.2036186161610385,
2025-06-17,40.709999084472656,41.599998474121094,38.81999969482422,40.099998474121094,40.099998474121094,12867300,0.0,0.0,-0.043187816270125357,,,32.32924710728038,59.71764355103332,3.9403293069737906,0.12293473823014711,
2025-06-18,41.310001373291016,44.709999084472656,40.88999938964844,44.349998474121094,44.349998474121094,21257500,0.0,0.0,0.1059850414394099,,,33.217647243003675,66.91185506788679,4.407210855860825,0.21606791855396734,
2025-06-20,45.650001525878906,48.939998626708984,45.150001525878906,45.939998626708984,45.939998626708984,23527900,0.0,0.0,0.03585118843951429,,,34.11221780597225,69.13289875004214,4.849614237037322,0.24431205051767058,
2025-06-23,43.744998931884766,50.40999984741211,43.02000045776367,50.20000076293945,50.20000076293945,21470900,0.0,0.0,0.09272969663855735,,,35.192158267815,74.1411994039886,5.480789543845987,0.3083138431162211,
2025-06-24,50.43000030517578,54.04999923706055,49.220001220703125,53.220001220703125,53.220001220703125,20033600,0.0,0.0,0.060159370754297115,,,36.351007966881966,76.99134854544488,6.153752689186106,0.2698640280235982,
2025-06-25,50.5,52.8489990234375,48.7599983215332,49.970001220703125,49.970001220703125,23977600,0.0,0.0,-0.06106726654368655,,,37.191616217574364,68.2705964382346,6.351615521698321,0.2461347412008439,
2025-06-26,50.869998931884766,53.380001068115234,49.68000030517578,50.619998931884766,50.619998931884766,14220000,0.0,0.0,0.013007758561197402,,,37.989437526010704,69.02624357911498,6.4861048458212665,0.14137543795908614,
2025-06-27,51.810001373291016,53.349998474121094,49.25,49.36000061035156,49.36000061035156,31720800,0.0,0.0,-0.024891314660608344,,,38.641161937753964,65.75703822568596,6.417045563050884,0.074444973571554,0.9919289444149517
2025-06-30,50.20000076293945,50.380001068115234,46.20000076293945,46.72999954223633,46.72999954223633,13635300,0.0,0.0,-0.05328203070491211,,,39.08933668950658,59.429948973706985,6.080009908004477,-0.06912352924235177,0.982605012612616
2025-07-01,46.5,46.66999816894531,44.36399841308594,45.11000061035156,45.11000061035156,8324700,0.0,0.0,-0.03466721480321333,,,39.41239997689966,55.864292445694225,5.617432087883245,-0.152386328905169,0.955353324970873
2025-07-02,45.16999816894531,46.06999969482422,43.86000061035156,45.709999084472656,45.709999084472656,8698000,0.0,0.0,0.013300786211548177,,,39.740220242970935,56.89580330814612,5.238860373896124,-0.08525119135809633,0.8927536151760191
2025-07-03,47.400001525878906,48.31999969482422,45.279998779296875,45.599998474121094,45.599998474121094,6101700,0.0,0.0,-0.002406489007980017,,,40.03659141524391,56.634470347826266,4.873781513691327,-0.09917029955924495,0.8109609976751253
2025-07-07,46.150001525878906,46.93000030517578,44.029998779296875,45.689998626708984,45.689998626708984,8221700,0.0,0.0,0.0019736876227960387,,,40.31480797974064,56.809268704822806,4.539388897341958,-0.07435174105068632,0.5925408775252841
2025-07-08,46.060001373291016,47.34000015258789,44.73099899291992,45.459999084472656,45.459999084472656,8476300,0.0,0.0,-0.005033914404669715,,,40.561508100016674,56.18598027831329,4.207321910823268,-0.02717741215930891,0.4735817997518901
2025-07-09,45.53499984741211,45.630001068115234,42.439998626708984,42.5,42.5,10495000,0.0,0.0,-0.0651121677097366,,,40.65217783702811,48.76995046560077,3.6630834968598336,-0.05785858069247363,0.3626161998167503
2025-07-10,43.279998779296875,45.349998474121094,42.76100158691406,43.970001220703125,43.970001220703125,8656300,0.0,0.0,0.034588264016544024,9.212339674634288,39.34033311208089,40.80373621865358,52.14791562905256,3.3122063924504346,-0.03806602272194304,0.26278005761266554
2025-07-11,43.47999954223633,47.720001220703125,43.310001373291016,45.58000183105469,45.58000183105469,13402100,0.0,0.0,0.0366158873244129,8.854489834419862,40.0336664835612,41.01704436848552,55.60092193515332,3.127989833497324,-0.0004385228889373094,0.2763932511797147
2025-07-14,45.334999084472656,48.689998626708984,44.349998474121094,47.86000061035156,47.86000061035156,12149400,0.0,0.0,0.05002191065607775,8.395791420100622,40.84333318074544,41.31612503827119,60.00262971699407,3.1298942573554953,0.047494026020260316,0.3123114617057543
2025-07-15,48.290000915527344,51.439998626708984,47.20000076293945,51.119998931884766,51.119998931884766,13927000,0.0,0.0,0.06811530045881575,7.895179281471634,41.77833315531413,41.73585833352899,65.2998290423345,3.355774862866909,0.12450505854377236,0.3846154243551281
2025-07-16,51.68000030517578,52.6879997253418,49.529998779296875,52.630001068115234,52.630001068115234,10414200,0.0,0.0,0.029538383563788573,7.399080459715099,42.72766653696696,42.19313611667482,67.4501753074664,3.614960409529651,0.2383529663085937,0.37164457996324485
2025-07-17,52.709999084472656,58.029998779296875,52.599998474121094,57.45000076293945,57.45000076293945,15791600,0.0,0.0,0.09158273982525733,7.099684617549881,43.80333321889241,42.82151384162134,73.16640615106385,4.161331278900633,0.306572644257497,0.3707945829660251
2025-07-18,56.064998626708984,58.08000183105469,55.209999084472656,57.97999954223633,57.97999954223633,7966400,0.0,0.0,0.009225392032349067,6.9622835388771165,44.77966651916504,43.43459182570794,73.71306156679009,4.584256150073649,0.2720490832173079,0.44588533038609124
2025-07-21,59.7400016784668,60.95000076293945,56.36000061035156,56.66999816894531,56.66999816894531,12415700,0.0,0.0,-0.02259402179430381,6.774318514408634,45.64033311208089,43.96063108673735,69.92142545029353,4.75886377548715,0.1840785091149424,0.2777903070732488
2025-07-22,55.68000030517578,57.560001373291016,51.209999084472656,57.09000015258789,57.09000015258789,13718500,0.0,0.0,0.007411363988233388,6.514632812457944,46.503666432698566,44.473781201568755,70.44630335040046,4.8749369875348805,0.11678406387797269,0.24270792031318056
2025-07-23,58.13999938964844,60.279998779296875,56.209999084472656,58.91999816894531,58.91999816894531,9828300,0.0,0.0,0.032054615720201074,6.510123877772907,47.30699971516927,45.029374074210025,72.68305194943518,5.056305448563357,0.11951352789617808,0.17370512496970858
2025-07-24,58.91999816894531,60.540000915527344,57.779998779296875,60.060001373291016,60.060001373291016,9373500,0.0,0.0,0.01934832382507712,6.53229171073334,48.11866645812988,45.59855280529446,74.00303440436937,5.2317219577093965,0.04543081942020177,0.12852311153136653
2025-07-25,56.25,56.79999923706055,53.029998779296875,54.334999084472656,54.334999084472656,25294500,0.0,0.0,-0.09532138125065537,6.241592964723522,48.7141663869222,45.92448584646248,58.67060917828787,4.852840442317387,-0.06286651408316102,0.08735236656270207
2025-07-28,55.040000915527344,55.57099914550781,53.5,54.220001220703125,54.220001220703125,8080300,0.0,0.0,-0.002116460213623106,5.904418204838471,49.290833155314125,46.22955543787494,58.40882788417688,4.491519306455231,-0.043232698560148664,0.07111818184078977
2025-07-29,53.91999816894531,54.040000915527344,51.29999923706055,53.09000015258789,53.09000015258789,8490900,0.0,0.0,-0.020841037304952348,5.567606156173309,49.7814998626709,46.47838249980646,55.775324487395665,4.067105005899272,-0.07006480976193652,0.07556725073163983
2025-07-30,53.599998474121094,55.779998779296875,53.231998443603516,54.290000915527344,54.290000915527344,7964500,0.0,0.0,0.022603141071585675,5.420924231022161,50.194166564941405,46.757953873037835,57.943886659088705,3.783964460844622,-0.07858108277841525,0.16178047180287258
2025-07-31,54.4900016784668,55.470001220703125,52.93000030517578,53.16999816894531,53.16999816894531,6626200,0.0,0.0,-0.020630000510125313,5.097245189918405,50.62983322143555,46.98450203956615,55.22216982932286,3.4296636499109994,-0.11471866544794518,0.1786742950463227
2025-08-01,50.900001525878906,54.58000183105469,49.720001220703125,52.459999084472656,52.459999084472656,9130700,0.0,0.0,-0.01335337801247738,4.96607847170756,50.900166575113936,47.175573642015074,53.506379307531255,3.0563549548351503,-0.03450814450341677,0.14767009702900924
2025-08-04,51.22999954223633,52.75,49.90999984741211,51.380001068115234,51.380001068115234,9022100,0.0,0.0,-0.020587076538418847,4.87724005855029,51.08149998982747,47.32054260497556,50.91491249558854,2.6428926886721626,-0.052379197503659936,0.1267544470922386
2025-08-05,51.70500183105469,52.79999923706055,49.93000030517578,52.56999969482422,52.56999969482422,6287600,0.0,0.0,0.02316073573317734,4.881661700291291,51.16049995422363,47.499461641695845,53.582565897599714,2.383765245932395,-0.009794696859467322,0.15058002352605437
2025-08-06,54.13999938964844,54.959999084472656,51.400001525878906,51.790000915527344,51.790000915527344,6366500,0.0,0.0,-0.01483733657646702,4.867820337679504,51.11283327738444,47.64407166017758,51.6029255209706,2.0913576289595213,-0.04604899535533036,0.13924333388772037
2025-08-07,52.029998779296875,52.119998931884766,47.17399978637695,47.709999084472656,47.709999084472656,11892600,0.0,0.0,-0.07877972116102916,4.903473547631518,51.037499872843426,47.64626982231724,42.71340887174387,1.5129599752475258,-0.10268947287009023,0.12258821375229778
2025-08-08,48.0,48.880001068115234,46.29999923706055,46.630001068115234,46.630001068115234,7173200,0.0,0.0,-0.02263672263848171,4.968863747805982,50.9044999440511,47.612737397531866,40.71402955684292,0.9564040233107818,-0.11113225539653149,0.0604957874360863
2025-08-11,46.25,47.810001373291016,45.459999084472656,45.91999816894531,45.91999816894531,9531500,0.0,0.0,-0.015226311020940742,5.044846900532503,50.78983319600423,47.557445923117875,39.40804599460905,0.45281831375920234,-0.10626708418965414,0.007459331378503409
2025-08-12,51.23500061035156,55.5,49.5,49.7599983215332,49.7599983215332,21541100,0.0,0.0,0.08362370003718333,4.990806057706483,50.89083315531413,47.628689994018494,48.94644368589926,0.35943558125418207,-0.05345256590457381,0.03969907411097462
2025-08-13,50.494998931884766,50.650001525878906,47.119998931884766,50.04999923706055,50.04999923706055,9534600,0.0,0.0,0.005827992871974219,4.873615566276326,51.05549977620443,47.70627249692688,49.5918218685131,0.30531031592902025,-0.03359725135562064,-0.020931136877564205
2025-08-14,50.31999969482422,51.95000076293945,47.5,48.5,48.5,11624400,0.0,0.0,-0.030969016197563093,4.7940640855637175,51.14849980672201,47.73147287520741,46.22816465989266,0.13577849864745417,0.01655839301377071,-0.07847237287284248
2025-08-15,48.91999816894531,48.97999954223633,47.529998779296875,48.08000183105469,48.08000183105469,4503100,0.0,0.0,-0.008659756060728108,4.715832694740494,51.23116658528646,47.742440746310535,45.33094853633835,-0.03209703547644693,0.03109587668293967,-0.16309832563012394
2025-08-18,48.2400016784668,50.5,47.400001525878906,48.15999984741211,48.15999984741211,9732800,0.0,0.0,0.0016638521903247216,4.636650921959156,51.313499959309894,47.75546851301876,45.547730381696745,-0.15687606477604277,0.04878052630197316,-0.16936874391781787
2025-08-19,47.73500061035156,48.39899826049805,44.880001068115234,44.95000076293945,44.95000076293945,8960000,0.0,0.0,-0.0666528051213261,4.659729905516541,51.296500015258786,47.66866410427118,38.88471698885009,-0.5089179541308013,-0.09666394133522838,-0.2068113249459803
2025-08-20,44.25,45.25,42.0,45.08000183105469,45.08000183105469,7116700,0.0,0.0,0.0028921260491372447,4.513290556672073,51.382500076293944,47.58921156184487,39.272169435009694,-0.7685641588282621,-0.0993006489863385,-0.21036956190985034
2025-08-21,44.33000183105469,45.165000915527344,43.61000061035156,44.97999954223633,44.97999954223633,3531100,0.0,0.0,-0.002218329298058541,4.459537738544481,51.41616668701172,47.509752248658735,39.06699356962546,-0.9712094971285481,-0.07257732902605507,-0.23659197318265146
2025-08-22,44.93000030517578,47.470001220703125,44.189998626708984,47.06999969482422,47.06999969482422,6555600,0.0,0.0,0.04646509946327093,4.400200514947205,51.465833282470705,47.49646148618925,45.47810577738087,-0.9521856389279932,-0.021006699204784818,-0.2162837392848198
2025-08-25,47.84000015258789,51.31999969482422,47.18000030517578,50.0099983215332,50.0099983215332,10504500,0.0,0.0,0.06246013694009567,4.356740777032222,51.537499872843426,47.57187202737444,52.97371498588374,-0.6918999833476107,0.03841358970063413,-0.07959880069594794
2025-08-26,51.125,53.20000076293945,50.130001068115234,50.43000030517578,50.43000030517578,8474700,0.0,0.0,0.00839836028272245,4.36084021510747,51.51449991861979,47.657011176121486,53.94775259658447,-0.44658314357555895,0.12191322467683907,-0.06990042106602146
2025-08-27,50.5,50.65999984741211,48.189998626708984,48.25,48.25,6266800,0.0,0.0,-0.04322824295029881,4.395389554198305,51.36849988301595,47.674553490120594,48.34991070809115,-0.4231972319895405,0.07031938864655429,-0.09116594723445226
2025-08-28,48.56999969482422,49.38999938964844,47.14099884033203,48.95000076293945,48.95000076293945,4547100,0.0,0.0,0.014507787832942043,4.26177954724225,51.08516654968262,47.71203217393396,50.13901145635777,-0.3442116594071507,0.08826147757016511,-0.09836065688959328
2025-08-29,48.57500076293945,49.060001373291016,46.7599983215332,48.939998626708984,48.939998626708984,5184300,0.0,0.0,-0.00020433372981765174,4.072867124947795,50.7838331858317,47.74788102608555,50.112300650072356,-0.2792036272609053,0.039728042150176446,-0.07955613481113333
2025-09-02,48.16999816894531,50.439998626708984,47.10200119018555,48.7599983215332,48.7599983215332,6716200,0.0,0.0,-0.0036779793671172234,3.93228247311907,50.5201665242513,47.77724189984223,49.60019475907791,-0.23944859932831974,-0.02499500183869785,-0.07052994333800122
2025-09-03,49.06999969482422,49.400001525878906,45.189998626708984,45.220001220703125,45.220001220703125,6279300,0.0,0.0,-0.07260043524789783,3.844633491596228,50.12449989318848,47.70351284613805,40.77500919188318,-0.48796566982537826,-0.10331150214048157,-0.1198910027122363
2025-09-04,45.400001525878906,45.720001220703125,41.04999923706055,41.86000061035156,41.86000061035156,14376200,0.0,0.0,-0.07430341706433319,3.759561152750861,49.55583330790202,47.53603910540942,34.500411655435855,-0.9451461507291796,-0.13243522051084844,-0.2037283459510294
2025-09-05,42.56999969482422,43.119998931884766,41.650001525878906,42.40999984741211,42.40999984741211,7066800,0.0,0.0,0.013139016460609776,3.425241022212954,48.96749992370606,47.389978016096,36.23028263632943,-1.2486905068771321,-0.13360573674349863,-0.18111606299089644
2025-09-08,36.9119987487793,40.939998626708984,36.5,40.77000045776367,40.77000045776367,20364000,0.0,0.0,-0.03867011071796811,3.583926359740003,48.515333302815755,47.20240922651978,33.397847922762566,-1.6031062300205292,-0.16693907638335204,-0.14546214126773327
2025-09-09,39.59000015258789,39.66999816894531,36.08000183105469,36.90999984741211,36.90999984741211,22533600,0.0,0.0,-0.09467747282344019,4.002774784907716,47.93833325703939,46.91238001047118,27.874274522408513,-2.170433626129359,-0.24302704844204115,-0.20844951743630757
2025-09-10,38.099998474121094,38.099998474121094,36.939998626708984,37.58000183105469,37.58000183105469,9110300,0.0,0.0,0.01815231607727985,4.304691359217307,47.42133331298828,46.65080001118625,30.03720324202314,-2.536739164258755,-0.16895177318461918,-0.18162013655154674
2025-09-11,37.709999084472656,39.04999923706055,37.18000030517578,38.369998931884766,38.369998931884766,7983500,0.0,0.0,0.02102174194619799,4.408770675679535,46.8906665802002,46.41989321535495,32.603594343375136,-2.7318022625644716,-0.08337318747204592,-0.22889870928149758
2025-09-12,38.59000015258789,39.209999084472656,37.72999954223633,38.720001220703125,38.720001220703125,7606600,0.0,0.0,0.009121769574184535,4.487723461243334,46.40900001525879,46.206262508831024,33.76287141462781,-2.825577416116893,-0.0870077491154283,-0.22637359019114411
2025-09-15,40.27000045776367,41.5099983215332,39.849998474121094,40.970001220703125,40.970001220703125,10141300,0.0,0.0,0.058109502300246696,4.443583688332112,46.026000086466475,46.06169339580696,40.811203199711294,-2.687360486095379,0.004905586477651491,-0.15525770678962625
2025-09-16,41.0,41.60599899291992,39.880001068115234,40.43000030517578,40.43000030517578,8576100,0.0,0.0,-0.013180397838369329,4.438354698048121,45.66100006103515,45.90694474357131,39.71881307511999,-2.591522673942862,0.09536712198091402,-0.15910984264850425
2025-09-17,40.279998779296875,41.970001220703125,39.5,41.189998626708984,41.189998626708984,8383500,0.0,0.0,0.01879788067762922,4.312010268393753,45.28166669209798,45.77793005810904,42.06905099915498,-2.4262764003227986,0.09606164501756709,-0.14472593942663103
2025-09-18,41.93000030517578,42.16999816894531,40.150001525878906,41.439998626708984,41.439998626708984,9240200,0.0,0.0,0.0060694345310778886,4.185520161588064,44.936666615804036,45.6598147748916,42.85826631839489,-2.2492170531808853,0.08001041908482054,-0.07808680926929834
2025-09-19,41.97999954223633,46.08000183105469,41.869998931884766,45.099998474121094,45.099998474121094,20745000,0.0,0.0,0.0883204625651981,4.152884439538685,44.849666595458984,45.64463842805617,52.96157031501698,-1.7928974394934656,0.16477265114358164,0.00044358123900134494
2025-09-22,46.76499938964844,48.93000030517578,45.220001220703125,48.849998474121094,48.849998474121094,13639000,0.0,0.0,0.08314856157149975,4.205152055824463,44.92366650899251,45.73116475286188,60.64040788131549,-1.1158048938466933,0.1923357827345149,0.08603821634659714
2025-09-23,48.89500045776367,56.38999938964844,48.61000061035156,54.79999923706055,54.79999923706055,25744700,0.0,0.0,0.12180145238062878,4.5740520077260385,45.21966654459636,45.97495846048419,69.22486861808933,-0.09795962036933048,0.35542910767787306,0.16422348825904742
2025-09-24,54.97999954223633,56.72999954223633,53.111000061035156,54.5,54.5,11419100,0.0,0.0,-0.005474438708708229,4.811973776623739,45.37766660054525,46.203210885954284,68.41465528704389,0.6766822886051855,0.3231367277749886,0.08978208016722733
2025-09-25,51.650001525878906,51.97999954223633,48.02000045776367,49.38999938964844,49.38999938964844,11994300,0.0,0.0,-0.09376147908901955,4.791340102408546,45.35566660563151,46.2882006923171,56.322478508499486,0.8682486097554118,0.19184365411188753,-0.020622663280464137
2025-09-26,50.209999084472656,51.47999954223633,48.11000061035156,49.09000015258789,49.09000015258789,8196300,0.0,0.0,-0.0060740886974666175,4.805880272222374,45.37533327738444,46.36263801400169,55.70004243812744,0.9845100491844505,0.08847010672863553,0.017409329587313893
2025-09-29,49.959999084472656,52.380001068115234,47.81999969482422,48.84000015258789,48.84000015258789,9966800,0.0,0.0,-0.005092686885779574,4.822603038207713,45.40066655476888,46.42821135296954,55.15304283176608,1.044435563846129,-0.000204673937472033,-0.0022472034450885525
2025-09-30,48.56999969482422,49.720001220703125,47.5,49.08000183105469,49.08000183105469,7575600,0.0,0.0,0.004914039265294212,4.843633846252114,45.43133328755697,46.49814784006068,55.60379342289106,1.098628786847975,-0.10437951616133412,0.0028607112438556737
2025-10-01,53.5099983215332,57.19499969482422,50.81999969482422,56.939998626708984,56.939998626708984,20062000,0.0,0.0,0.16014662800360768,5.277762625242472,45.83099988301595,46.772564397625395,67.22277926131923,1.7555761699147325,0.04477061700383467,0.1677604714265004
2025-10-02,58.529998779296875,66.83000183105469,57.40999984741211,66.16000366210938,66.16000366210938,30170800,0.0,0.0,0.16192492549649518,6.447883245802593,46.53366661071777,47.28032814236383,75.3667689040654,2.9857709467093656,0.33954250819399134,0.46306947979070956
2025-10-03,65.66000366210938,68.80000305175781,64.0999984741211,67.76000213623047,67.76000213623047,16702100,0.0,0.0,0.024183772454012598,7.512120260418614,47.293000030517575,47.814906885765275,76.45983802857359,4.043208089464564,0.3803218970382982,0.6187291244203683
2025-10-06,69.16500091552734,74.7699966430664,68.69999694824219,72.9000015258789,72.9000015258789,16423000,0.0,0.0,0.07585595082058205,8.847278437333346,48.15400009155273,48.467570880200455,79.59269197131582,5.235636479236575,0.4926290192080629,0.7189342557926777
2025-10-07,67.41000366210938,76.0,67.27999877929688,74.75,74.75,18223700,0.0,0.0,0.025377207618635822,10.091744598641615,48.97866681416829,49.149220861048704,80.59376327495994,6.257788099025035,0.5230235780615431,0.8334559519428617
2025-10-08,84.80999755859375,91.41400146484375,79.81999969482422,81.19999694824219,81.19999694824219,43321700,0.0,0.0,0.0862875845918687,11.682589392563482,50.004333368937175,49.97791100397621,83.61214537957459,7.501834986764372,0.4260625027509837,1.199945740556144
2025-10-09,80.70500183105469,88.67900085449219,80.61000061035156,86.79000091552734,86.79000091552734,19481100,0.0,0.0,0.06884241597753116,13.465921928481906,51.28900006612142,50.92684596790675,85.6895599426063,8.836950842220908,0.31181977193923616,1.3094730358370388
2025-10-10,89.80000305175781,90.6500015258789,81.93000030517578,82.02999877929688,82.02999877929688,19061600,0.0,0.0,-0.05484505226429681,14.576389060583619,52.391666666666666,51.726268526501435,76.76578738290867,9.40256052047507,0.21059616577899143,1.1378681538385829
2025-10-13,86.6500015258789,92.06999969482422,83.0,90.5,90.5,13193700,0.0,0.0,0.10325492315917018,16.129239911295457,53.77700004577637,52.71999827647912,80.63111425745264,10.41421993249125,0.24142658581252885,1.3372933147432526
2025-10-14,88.69499969482422,99.12999725341797,85.30000305175781,94.5,94.5,17398200,0.0,0.0,0.04419889502762442,17.721867637126156,55.301666768391925,53.78779755752016,82.14206628372966,11.407238332988356,0.2642140468227425,1.3065657111146698
2025-10-15,98.79000091552734,99.81999969482422,93.13999938964844,95.69000244140625,95.69000244140625,14439800,0.0,0.0,0.012592618427579305,19.075660150068824,56.98400014241536,54.85581757922817,82.57750684897941,12.150176153968786,0.178448350218537,1.3668068691346553
2025-10-16,95.0,102.79000091552734,88.93000030517578,89.5,89.5,17129900,0.0,0.0,-0.06468807904145024,19.744441436461468,58.572000122070314,55.73650985023562,72.65360423897363,12.099997030875826,0.031224784605202283,1.1728575621258988
2025-10-17,83.37000274658203,87.5,80.8499984741211,83.48999786376953,83.48999786376953,14344700,0.0,0.0,-0.06715086185732366,20.00766250816156,59.94133338928223,56.44021698266834,64.54324630210071,11.443360829199108,0.017798355555274536,1.014720092436451
2025-10-20,86.42500305175781,89.63999938964844,81.69999694824219,82.80999755859375,82.80999755859375,9307500,0.0,0.0,-0.008144691850218266,20.090668584920312,61.34266662597656,57.10716157951941,63.67711172083826,10.744248557624118,-0.08497240266747241,0.8361419148630591
2025-10-21,81.5,82.46800231933594,76.33000183105469,78.61000061035156,78.61000061035156,9343800,0.0,0.0,-0.050718476899729414,19.782138038957424,62.732666651407875,57.64968122790684,58.45903162576333,9.739026952312472,-0.1681481416894015,0.6092119358406165
2025-10-22,72.05000305175781,72.69999694824219,66.6709976196289,71.3499984741211,71.3499984741211,27581500,0.0,0.0,-0.09235468871468822,19.25531246066786,63.85833320617676,57.994517958634965,50.72166241571905,8.261328635832669,-0.2543630823103933,0.30200728955244194
2025-10-23,71.875,74.26000213623047,70.80500030517578,71.72000122070312,71.72000122070312,13561200,0.0,0.0,0.005185742880095878,18.68737470930299,64.96999994913737,58.33918506044642,51.077054039321624,7.038957482923905,-0.1986592042379539,0.31596332515051606
2025-10-24,74.0,74.26000213623047,72.31999969482422,73.69999694824219,73.69999694824219,9278000,0.0,0.0,0.027607301921900973,18.074257724612732,66.13599980672201,58.72404348945816,53.029246602077194,6.158991623634691,-0.11725956600815424,0.49220485642866474
2025-10-27,76.0,79.8499984741211,74.5,79.44999694824219,79.44999694824219,11419400,0.0,0.0,0.07801899916004196,17.5855181497455,67.41866633097331,59.24217577567804,58.24062190341212,5.8580612025547225,-0.04057481837231225,0.6184558301341501
2025-10-28,80.58999633789062,81.29000091552734,76.44999694824219,77.7699966430664,77.7699966430664,9350900,0.0,0.0,-0.021145379102660233,16.91821005288916,68.66333287556967,59.70435857119961,56.27602070688372,5.421513854542937,-0.010685713786580786,0.5923422686341986
2025-10-29,83.30999755859375,84.0,77.01200103759766,80.05999755859375,80.05999755859375,14772500,0.0,0.0,0.02944581476629793,16.21545284809916,69.95899950663248,60.21107012739259,58.33897375142992,5.200384081076706,0.12207427148904282,0.6312142333282658
2025-10-30,78.2300033569336,80.4800033569336,74.5,76.68000030517578,76.68000030517578,9093200,0.0,0.0,-0.04221830322870346,15.33053028332142,71.13366622924805,60.62019021864804,54.269041421781424,4.698241211779788,0.06915782208660737,0.3466807543828656
2025-10-31,77.8499984741211,80.93000030517578,77.62999725341797,80.25,80.25,7889700,0.0,0.0,0.04655711633562998,14.59794648051763,72.30533294677734,61.10685841254683,57.631148993985214,4.536069523891754,0.08887385784232427,0.21296849392346906
2025-11-03,80.36000061035156,80.36000061035156,71.0,71.1449966430664,71.1449966430664,11835900,0.0,0.0,-0.11345798575618182,13.914177796710176,73.04849955240886,61.35524206578386,47.94889413834743,3.6309937795643634,-0.10453115952397185,0.04995564344922032
2025-11-04,67.80999755859375,71.94999694824219,67.0999984741211,70.05000305175781,70.05000305175781,8470700,0.0,0.0,-0.015391013324551284,13.496815843246713,73.55683301289876,61.56997635125568,46.927800474384064,2.7931600890659922,-0.09926699144324669,-0.03909462845634326
2025-11-05,69.7699966430664,71.80500030517578,68.06999969482422,70.37999725341797,70.37999725341797,5786200,0.0,0.0,0.004710837791346512,13.026869698123205,74.08616625467936,61.78715392164091,47.292086261655626,2.1312311215536397,-0.12090932551042421,-0.05846157520511075
2025-11-06,68.81500244140625,70.19999694824219,65.04000091552734,65.27999877929688,65.27999877929688,7899900,0.0,0.0,-0.07246374926326693,12.290327308170383,74.61583290100097,61.873101067511435,42.44330336776945,1.1815007858627666,-0.14866981586474282,-0.19605909811909106
2025-11-07,64.20500183105469,69.98999786376953,61.88999938964844,69.19000244140625,69.19000244140625,9078600,0.0,0.0,0.05989589055184563,11.363760776418092,75.28583297729492,62.05282785713044,46.93532249018965,0.7358547946394509,-0.13781928421923673,-0.202788319950027
2025-11-10,71.30999755859375,72.36000061035156,67.0,68.69999694824219,68.69999694824219,9248800,0.0,0.0,-0.007082027400982183,10.29857800223905,75.9478328704834,62.215822979076776,46.44610329641243,0.3392273855979653,-0.03436643207801038,-0.16250154857272747
2025-11-11,67.87000274658203,71.5,66.86000061035156,67.88999938964844,67.88999938964844,12464900,0.0,0.0,-0.011790357999637124,9.11046201538792,76.57483278910318,62.354725874744254,45.599975934530484,-0.04000161346021969,-0.030835168708178595,-0.24983426088786254
2025-11-12,68.19499969482422,70.67500305175781,64.4000015258789,64.48999786376953,64.48999786376953,9075100,0.0,0.0,-0.050081036330033024,8.641582441131865,76.82649943033854,62.406911404273316,42.130505351043176,-0.6078876847188326,-0.08368854247663948,-0.317566160171751
2025-11-13,64.04499816894531,65.30000305175781,59.869998931884766,61.439998626708984,61.439998626708984,9721700,0.0,0.0,-0.0472941438686888,8.882099638401197,76.66916592915852,62.38331803342822,39.24582707353262,-1.2891899567841847,-0.05882353284917219,-0.3579266688353314
2025-11-14,58.65999984741211,64.83999633789062,57.91999816894531,61.400001525878906,61.400001525878906,10028300,0.0,0.0,-0.0006509944942071355,9.17320871818559,76.45716590881348,62.35936178801856,39.207914093759875,-1.8114728166533496,-0.1125885336125595,-0.31396646339800105
2025-11-17,60.560001373291016,61.97999954223633,56.15999984741211,56.599998474121094,56.599998474121094,9462500,0.0,0.0,-0.07817594352558288,9.849001928897023,75.91383247375488,62.219261471847545,34.85609487056847,-2.5829314509742147,-0.17612807877178072,-0.3220745008704492
2025-11-18,55.90999984741211,59.400001525878906,54.66999816894531,58.220001220703125,58.220001220703125,9242600,0.0,0.0,0.028621957425011946,10.365212808828586,75.36283251444499,62.122121139553485,37.382213493734255,-3.0286845043361694,-0.14243626831464884,-0.2969447779598293
2025-11-19,58.90999984741211,61.75,57.47999954223633,58.0099983215332,58.0099983215332,11245900,0.0,0.0,-0.0036070576222393402,10.771632538227488,74.58983256022135,62.02238399679547,37.180936333413534,-3.3601586719542667,-0.10048069091155587,-0.2620532009779135
2025-11-20,61.380001068115234,61.599998474121094,50.29999923706055,50.70000076293945,50.70000076293945,13503900,0.0,0.0,-0.12601271798141545,11.361273671399944,73.38683255513509,61.74815405608582,30.93669088398991,-4.164701956990683,-0.17480465663781242,-0.2894183343069232
2025-11-21,53.005001068115234,53.709999084472656,49.310001373291016,51.369998931884766,51.369998931884766,13380400,0.0,0.0,0.013214953823729836,11.922132076714629,72.36483256022136,61.49713990379801,32.0628711160099,-4.694133999231667,-0.163355087047786,-0.283742358372186
2025-11-24,53.0,55.487998962402344,51.5,55.0,55.0,10180100,0.0,0.0,0.07066383382504093,11.82140744118788,71.18149922688802,61.34020636184916,37.9650798493688,-4.765864043995535,-0.02826852503984878,-0.2537313123822076
2025-11-25,55.23500061035156,56.0,52.31999969482422,55.5099983215332,55.5099983215332,10159500,0.0,0.0,0.009272696755149079,11.301196148853968,69.88183250427247,61.199566889903586,38.76993691243448,-4.727067329269467,-0.046547626972674117,-0.3013215801921897
2025-11-26,56.404998779296875,57.47999954223633,55.5099983215332,55.52000045776367,55.52000045776367,5989800,0.0,0.0,0.00018018621028481618,10.488428675527565,68.54283243815104,61.06273676420005,38.78671092443522,-4.642003438439836,-0.04292359827297654,-0.28610000187374873
2025-11-28,56.66999816894531,57.810001373291016,55.79999923706055,56.20000076293945,56.20000076293945,4225700,0.0,0.0,0.012247844012412967,9.941876894901927,67.43283246358236,60.9457318766676,39.990344792650376,-4.468212577252281,0.10848126069497765,-0.29802644920382126
2025-12-01,54.349998474121094,54.38999938964844,52.20000076293945,52.61000061035156,52.61000061035156,6791000,0.0,0.0,-0.06387900540662061,9.81990333787195,66.40349922180175,60.745406093978254,35.96920171337774,-4.56751362322629,0.024138635473031744,-0.3139019248699655
2025-12-02,53.21500015258789,57.86000061035156,53.08000183105469,56.88999938964844,56.88999938964844,8894200,0.0,0.0,0.08135333072881101,9.460303924429297,65.53949928283691,60.652862596878535,43.29043962227527,-4.2518377466725426,0.034363625266335296,-0.2910903502847547
2025-12-03,57.58000183105469,61.880001068115234,56.150001525878906,61.439998626708984,61.439998626708984,12026600,0.0,0.0,0.07997889410925985,9.156802813148584,64.96716588338217,60.671734707742715,49.854598424990606,-3.5930964484484207,0.10682760735871688,-0.1364115324236682
2025-12-04,62.220001220703125,73.8499984741211,61.54999923706055,72.6500015258789,72.6500015258789,24714900,0.0,0.0,0.18245447834851913,9.191062324698153,65.01049931844075,60.958595867521815,61.63659785392276,-2.141796380123111,0.3085374806714334,0.03711632206782389
2025-12-05,71.4000015258789,75.13999938964844,70.5999984741211,73.91999816894531,73.91999816894531,13620200,0.0,0.0,0.017481027066654775,9.254996030370478,65.08383255004883,61.268657933006295,62.705682468103745,-0.8790197125566905,0.3153024406663556,0.05029839519289592
2025-12-08,74.98999786376953,76.79000091552734,70.7509994506836,74.0,74.0,11465000,0.0,0.0,0.0010822758798212373,9.264783800333733,65.0938326517741,61.57288735567886,62.776054389266314,0.1267344575302758,0.406576680127233,0.1335784525698953
2025-12-09,73.27999877929688,74.75,69.81999969482422,72.83999633789062,72.83999633789062,11159000,0.0,0.0,-0.01567572516364024,8.98599972770573,64.87349929809571,61.841843282337145,60.97932178130116,0.8207383219312163,0.280365567223831,0.05275319797214029
2025-12-10,72.75,80.29000091552734,70.9000015258789,79.05000305175781,79.05000305175781,14564300,0.0,0.0,0.08525545066010398,9.052141189095092,64.91616617838541,62.25219436863724,66.50610555541743,1.8505055510218682,0.2866211721787615,0.15065511736941128
2025-12-11,78.32499694824219,85.44999694824219,76.74299621582031,84.75,84.75,14746400,0.0,0.0,0.07210622047048032,9.358029327998285,65.07249959309895,62.78814466751627,70.61953092591685,3.0909154665393004,0.16655193695778392,0.24834291886769844
2025-12-12,83.0199966430664,84.61000061035156,74.51000213623047,76.69999694824219,76.69999694824219,19675400,0.0,0.0,-0.09498528674640483,9.358885291051504,65.07316614786784,63.11923226648369,59.504861962006984,3.3853570034393528,0.03760820952596822,0.1893316714053146
2025-12-15,77.23999786376953,77.69000244140625,67.5250015258789,67.80999755859375,67.80999755859375,16392600,0.0,0.0,-0.11590612442458748,8.928970261280636,64.65849939982097,63.23076064871145,50.12281637028502,2.8682915097743944,-0.083648681640625,0.10367837034937066
2025-12-16,65.6050033569336,68.87999725341797,65.25,68.37000274658203,68.37000274658203,10994200,0.0,0.0,0.008258445777178824,8.873658639991394,64.56599960327148,63.35283780706018,50.650655374743835,2.475168912813473,-0.06136729566230559,0.11351793236951968
2025-12-17,70.0199966430664,70.38999938964844,61.400001525878906,61.86000061035156,61.86000061035156,12569100,0.0,0.0,-0.09521722794659271,8.824974313740855,64.29299952189128,63.31740944568606,44.72515325344352,1.6196434152922023,-0.21745732799214612,0.09293290243877772
2025-12-18,65.19999694824219,67.68000030517578,64.01000213623047,65.93000030517578,65.93000030517578,12951400,0.0,0.0,0.06579372218989521,8.75626499902287,64.1446662902832,63.379356793219344,48.761034428978085,1.2555747713479377,-0.22206489315426803,0.1324287001514346
2025-12-19,67.7249984741211,76.44200134277344,67.31999969482422,75.83999633789062,75.83999633789062,20293400,0.0,0.0,0.15031087497108464,9.011999227162377,64.496666208903,63.67455486692616,56.99475362235859,1.7465682549546386,-0.011212524701036175,0.30736077456045985
2025-12-22,79.66000366210938,87.02999877929688,77.91999816894531,86.4800033569336,86.4800033569336,18741400,0.0,0.0,0.1402954579749509,9.83754713404982,65.0729995727539,64.21436698712604,63.73317743967832,2.960121336166111,0.2753282181172081,0.7057199616483736
2025-12-23,82.2300033569336,87.75,81.9800033569336,85.66999816894531,85.66999816894531,18077400,0.0,0.0,-0.009366387101595097,10.51767732212881,65.63866628011068,64.72180718963875,62.9248457379931,3.8125614123052003,0.25303487973354133,0.6677048851517677
2025-12-24,89.94999694824219,92.94999694824219,77.6500015258789,78.05000305175781,78.05000305175781,26238200,0.0,0.0,-0.08894590031577343,10.753598395654379,65.97733306884766,65.03677271935548,55.76012371573577,3.8291167171706633,0.2617200498167638,0.4190909645774148
2025-12-26,77.0,77.4000015258789,71.02999877929688,71.94999694824219,71.94999694824219,19573200,0.0,0.0,-0.0781551039718793,10.804153049065867,66.22599970499674,65.20001351411942,50.77592562216474,3.3118405663754515,0.09130891271350117,0.2961628377555121
2025-12-29,70.63999938964844,74.88999938964844,69.69000244140625,71.47000122070312,71.47000122070312,14202000,0.0,0.0,-0.00667124041553957,10.806132279834328,66.56033312479654,65.34795134738604,50.39420645948607,2.830535198554159,-0.057621246416176275,0.2872838730445124
2025-12-30,72.36000061035156,78.3499984741211,72.04000091552734,74.68000030517578,74.68000030517578,17385300,0.0,0.0,0.04491393633197238,10.859325741572476,67.00299975077311,65.56797126250251,52.94204211083103,2.67725559006459,-0.1364477635720598,0.32882561016658896
2025-12-31,75.00499725341797,75.5,71.61000061035156,72.62999725341797,72.62999725341797,10438000,0.0,0.0,-0.02745049602812788,10.723321369461463,67.53733304341634,65.73434870197518,51.135710083209425,2.3631216865201026,-0.15221199012765052,0.38053595154544184
2026-01-02,74.33999633789062,83.76000213623047,69.25,83.47000122070312,83.47000122070312,19106700,0.0,0.0,0.14924968163584817,10.95521317284113,68.37899971008301,66.15189051195274,59.08516444165493,2.954804879862465,0.06944263878312862,0.46721747435791183
2026-01-05,82.02999877929688,92.44999694824219,80.87999725341797,90.91999816894531,90.91999816894531,20610000,0.0,0.0,0.08925358619012891,11.514552001812406,69.47599970499674,66.73458464935531,63.48221530060974,3.9790030941088617,0.2636553443407281,0.4798177116075144
2026-01-06,90.9000015258789,97.94000244140625,90.19000244140625,97.48999786376953,97.48999786376953,18215500,0.0,0.0,0.07226132673931662,12.040494159507004,71.03566627502441,67.45764006688522,66.86420309950273,5.260195367602876,0.36406878688465794,0.34191322527422496
2026-01-07,91.05000305175781,95.33999633789062,83.91000366210938,85.7300033569336,85.7300033569336,24433800,0.0,0.0,-0.12062770299030168,11.735685183858786,72.18099975585938,67.88693319295209,56.73559674597598,5.265914021588742,0.1479646894296005,0.1597673901587
2026-01-08,88.625,93.98999786376953,86.8499984741211,90.55999755859375,90.55999755859375,14773600,0.0,0.0,0.056339601219314694,11.736346807778512,73.3663330078125,68.41926873005855,59.452324712746055,5.595682715053826,0.24686769906675154,0.22378375079180746
2026-01-09,90.30000305175781,101.67500305175781,90.1500015258789,97.66999816894531,97.66999816894531,24430300,0.0,0.0,0.07851149295527837,12.044577910631231,74.77166633605957,69.10560133271947,63.12325185381877,6.357459572411443,0.17012096250838615,0.3408841718754778
2026-01-12,95.44000244140625,101.29000091552734,93.51000213623047,98.38999938964844,98.38999938964844,13268900,0.0,0.0,0.007371774692344069,12.223524019926778,76.20066630045572,69.79229560568487,63.48378388209925,6.939279605640479,0.08216015586386782,0.24465522569591558
2026-01-13,96.73999786376953,98.27999877929688,91.62999725341797,92.72000122070312,92.72000122070312,11662600,0.0,0.0,-0.05762778945135205,11.979042668447306,77.41799964904786,70.32960355277487,58.62313093556,6.863733856309864,-0.048928061827756886,0.09404131233867985
2026-01-14,91.33499908447266,95.44999694824219,88.75,95.22000122070312,95.22000122070312,11702600,0.0,0.0,0.026962898695926496,11.450614308032243,78.83833300272623,70.91256017679166,60.074648612993215,6.925756601349292,0.11069634307907683,0.24146029999138574
2026-01-15,94.61000061035156,104.80000305175781,92.05000305175781,101.25,101.25,17604500,0.0,0.0,0.06332701850444633,11.382594527240572,80.31699968973795,71.62267915583128,63.40892623174127,7.376449462605009,0.11804331636040133,0.49314265809420177
2026-01-16,107.26000213623047,120.80000305175781,106.30000305175781,115.7699966430664,115.7699966430664,33680200,0.0,0.0,0.1434073742525077,12.538935895014635,82.12799962361653,72.65546481729457,69.92261569762755,8.803784633547366,0.18531789509008179,0.693286412056697
2026-01-20,113.0999984741211,119.88999938964844,111.02999877929688,112.44000244140625,112.44000244140625,18437700,0.0,0.0,-0.02876387922793977,13.564320272409336,83.45433298746745,73.58567190368912,66.97788898468033,9.556098581776624,0.14279909684841408,0.8176527858389757
2026-01-21,116.5999984741211,120.93000030517578,96.93000030517578,103.5,103.5,25915500,0.0,0.0,-0.07950909149139329,13.917852701819962,84.44033304850261,74.28472417747744,59.70783706659494,9.323454345527509,0.11626400601135711,0.5698467999532955
2026-01-22,109.68000030517578,120.08999633789062,105.80000305175781,116.37000274658203,116.37000274658203,19503100,0.0,0.0,0.12434785262398096,14.934517727492029,85.85266647338867,75.26767358698133,65.51154423628184,10.06159991405653,0.22211721544570184,0.5344146672702581
2026-01-23,115.52999877929688,119.0,111.25,113.56999969482422,113.56999969482422,11544700,0.0,0.0,-0.02406120981070492,15.54945167814133,87.21033325195313,76.16180638734541,63.37283095314548,10.301894917589394,0.12167900933159714,0.31325156436547097
2026-01-26,112.55000305175781,113.0,103.75,104.77999877929688,104.77999877929688,11810400,0.0,0.0,-0.07739720823410312,15.791543327206956,88.06799977620443,76.82953536411738,57.07363181164147,9.671563067636171,-0.09492958609693225,0.22306526227146328
2026-01-27,106.27999877929688,112.2300033569336,103.2699966430664,111.33999633789062,111.33999633789062,10650700,0.0,0.0,0.06260734524736344,16.33572505975275,88.95433298746745,77.63434846417297,60.24924131537844,9.590800733257083,-0.00978304944531505,0.4265213579050984
2026-01-28,113.5250015258789,124.31999969482422,111.5999984741211,121.2300033569336,121.2300033569336,18458200,0.0,0.0,0.08882708230947967,17.184871300958548,90.43866653442383,78.65054735871095,64.51174876639038,10.207174954470545,0.17130438026022787,0.6849202015135787
2026-01-29,122.3949966430664,123.59700012207031,113.3499984741211,122.08999633789062,122.08999633789062,13282200,0.0,0.0,0.007093895546838924,17.573308185681093,92.24799982706706,79.6626298705458,64.86456459352539,10.642371576928127,0.04915350568277432,0.7082691234448184
2026-01-30,120.73999786376953,129.88999938964844,108.66999816894531,111.20999908447266,111.20999908447266,19691800,0.0,0.0,-0.08911456777594617,17.304610526558037,93.67599970499674,80.39730546281851,57.12669946485208,9.994136995083181,-0.020780141029260846,0.4891537042048608
2026-02-02,109.88999938964844,110.66999816894531,104.05999755859375,104.55000305175781,104.55000305175781,12921800,0.0,0.0,-0.0598866656554512,16.325646306313615,95.09899978637695,80.95952197151774,52.96178461037038,8.84108586430338,-0.0021950346461018233,0.4394879114061605
2026-02-03,108.0,116.68000030517578,105.69999694824219,115.76000213623047,115.76000213623047,15625100,0.0,0.0,0.10722141326885581,15.78143162896396,96.7599998474121,81.76923886509135,58.45249160274143,8.731190052176828,0.03969827504687684,0.3868455785707887
2026-02-04,114.36000061035156,114.63999938964844,97.5999984741211,103.5,103.5,20039900,0.0,0.0,-0.10590879327906766,15.318269993248672,97.68199996948242,82.27464130650209,51.38760119709238,7.567582734917664,-0.1462509516289603,0.13836341931814422
2026-02-05,98.5999984741211,101.25,92.19999694824219,93.2699966430664,93.2699966430664,16389300,0.0,0.0,-0.09884061214428597,15.196729136443366,97.90833307902018,82.53025870745746,46.35315593752672,5.753615677424563,-0.2360553735710117,-0.04328650439196913
2026-02-06,97.75,105.19999694824219,91.3499984741211,101.79000091552734,101.79000091552734,15910000,0.0,0.0,0.09134774932035228,15.033187888323203,98.44566650390625,82.97782212010986,50.6863592339578,4.946506606508905,-0.08470459712700917,0.18733228659432766
2026-02-09,100.50499725341797,108.33999633789062,98.7300033569336,102.12000274658203,102.12000274658203,11587300,0.0,0.0,0.003241986718602652,14.541392644033388,99.24799982706706,83.4224765170852,50.85194858756337,4.284110681556456,-0.023242469959305567,0.12765023740762338
2026-02-10,100.0,101.37000274658203,95.69999694824219,96.2699966430664,96.2699966430664,10353700,0.0,0.0,-0.057285604643321664,13.615512235686259,100.0586664835612,83.72079597313305,47.78848144272064,3.2496505875775625,-0.16836562831285662,-0.014333997666890919
2026-02-11,100.76000213623047,102.8499984741211,93.19999694824219,96.91999816894531,96.91999816894531,13701600,0.0,0.0,0.0067518598581537415,12.521749917485572,100.90699971516928,84.02716507639049,48.16215751186249,2.4539950734183265,-0.06357489691840279,-0.014940555237545672
2026-02-12,87.9000015258789,88.0,79.88999938964844,82.22000122070312,82.22000122070312,30244200,0.0,0.0,-0.1516714530123907,12.043721743731204,101.15833307902018,83.98523422736609,41.01323570626928,0.630003161058653,-0.11847320488978197,-0.11324417452289126
2026-02-13,82.13999938964844,85.0,80.0999984741211,82.51000213623047,82.51000213623047,12963300,0.0,0.0,0.003527133437384533,11.351934751088693,101.48766657511393,83.95101745387993,41.19866936819982,-0.7830958785663569,-0.18940955502394385,-0.1334803499425833
2026-02-17,80.87000274658203,84.81999969482422,78.80000305175781,83.02999877929688,83.02999877929688,9366200,0.0,0.0,0.006302225543611595,11.376274521138031,101.47299982706706,83.92966275904438,41.55346529267422,-1.8398193725172263,-0.18693697075839633,-0.17995062934027772
2026-02-18,83.01000213623047,87.25,82.0999984741211,84.43000030517578,84.43000030517578,10338500,0.0,0.0,0.016861394031815857,11.64246540978971,101.25666656494141,83.94125954983537,42.55838363449457,-2.5350890039183867,-0.1229873974317145,-0.27070914094016785
2026-02-19,82.87999725341797,86.72000122070312,82.0999984741211,86.4000015258789,86.4000015258789,8590800,0.0,0.0,0.023332952902789028,11.938486194799383,100.88700002034506,83.998228859822,44.01703195213945,-2.893774925399768,-0.10854309576779564,-0.23159018454394897
2026-02-20,85.12999725341797,87.08999633789062,79.51000213623047,80.19999694824219,80.19999694824219,10209500,0.0,0.0,-0.07175931097385069,12.21995867230662,100.70266647338867,83.91025246593401,40.52885523799818,-3.636406426481244,-0.024568283172833327,-0.2251208024324426
2026-02-23,78.25199890136719,87.30000305175781,77.9000015258789,83.9000015258789,83.9000015258789,12971200,0.0,0.0,0.04613472217492176,12.468541942546466,100.48066660563151,83.91001510547898,43.41092982659882,-3.8816426342238657,0.016846435021943718,-0.27902380729003484
2026-02-24,81.56500244140625,86.29000091552734,80.83000183105469,85.81999969482422,85.81999969482422,7553600,0.0,0.0,0.022884363933570295,12.745284666173704,100.08566665649414,83.95422686206244,44.90306977217548,-3.876381773431433,0.03360232393768281,-0.24434269679111975
2026-02-25,87.0,88.58000183105469,82.31500244140625,82.36000061035156,82.36000061035156,7512800,0.0,0.0,-0.040316931913031984,13.148468827471874,99.55133336385092,83.91733553621157,42.717126523360626,-4.1040960485129006,-0.024517347949095325,-0.21397211710385322
2026-02-26,81.9000015258789,87.73999786376953,81.20999908447266,85.76000213623047,85.76000213623047,9312300,0.0,0.0,0.041282194034510056,13.333266331982456,99.31933339436848,83.95996310490906,45.5235884447179,-3.964509150304181,-0.00740740021233377,-0.22974667723206055
2026-02-27,82.72000122070312,83.5,77.16999816894531,79.19000244140625,79.19000244140625,24037700,0.0,0.0,-0.07660913632427058,13.815688008905148,98.78500010172526,83.84964898442077,41.31168691943328,-4.334069144168737,-0.012593448195362789,-0.34677884806907344
2026-03-02,78.84500122070312,86.94999694824219,78.13999938964844,86.91999816894531,86.91999816894531,13561800,0.0,0.0,0.09761327805563069,13.97433719470301,98.30733337402344,83.9206361012003,47.46982161365287,-3.957581512729959,0.03599519175377952,-0.2880661743293894
2026-03-03,88.01000213623047,97.56999969482422,84.01000213623047,92.68000030517578,92.68000030517578,21783400,0.0,0.0,0.06626785846261551,13.610507568926273,97.53766682942708,84.12309771250834,51.54948238485842,-3.1580245768010826,0.07993475454143217,-0.16662169707619456
2026-03-04,95.05999755859375,106.66000366210938,94.80000305175781,104.88999938964844,104.88999938964844,20805400,0.0,0.0,0.13174362369732084,13.393524779746505,97.28600006103515,84.60296700574044,58.84584680664062,-1.5215851749410092,0.27355510699771846,0.00325199739805182
2026-03-05,103.02999877929688,103.80999755859375,91.0510025024414,93.86000061035156,93.86000061035156,15788500,0.0,0.0,-0.1051577733194784,13.35488377516704,96.96466674804688,84.81681589009838,51.326286359122676,-1.1020204729724412,0.09444960672055691,-0.18918452938611918
2026-03-06,91.54000091552734,100.33000183105469,89.47000122070312,89.4749984741211,89.4749984741211,13624900,0.0,0.0,-0.0467185393960764,12.902353954268037,96.0681666056315,84.92439754797867,48.66394941748072,-1.1105437917223213,0.12987745568419262,-0.13550726111960298
2026-03-09,87.69000244140625,91.87000274658203,86.55000305175781,89.76000213623047,89.76000213623047,10640100,0.0,0.0,0.003185288258952035,12.515139751941707,95.27450002034506,85.03604831277265,48.84966015458378,-1.0818305009823206,0.03267376929489885,-0.03763262177727189
2026-03-10,90.0,92.66000366210938,87.3499984741211,87.52999877929688,87.52999877929688,11452400,0.0,0.0,-0.024844065328219034,12.459502688537441,94.69950002034506,85.09361755312501,47.40463590710729,-1.2248977859872099,-0.05556756051921696,-0.14009236671551306
2026-03-11,86.80000305175781,93.2699966430664,85.5,88.20999908447266,88.20999908447266,10197400,0.0,0.0,0.007768768589730746,12.10487403837404,93.92850011189779,85.16553720054466,47.9106363696361,-1.2687835514785775,-0.15902374299014366,-0.13621233145310452
2026-03-12,87.04000091552734,90.36000061035156,83.91000366210938,87.08999633789062,87.08999633789062,9899800,0.0,0.0,-0.01269700440093513,11.00447089002877,92.79049987792969,85.20993917823608,47.10677440761557,-1.3780528626139414,-0.0721287473730774,-0.09535681546984809
2026-03-13,89.0199966430664,92.44999694824219,85.66000366210938,86.33999633789062,86.33999633789062,8347600,0.0,0.0,-0.008611781278416442,9.56357930991626,91.59883321126303,85.23600630160118,46.54360838050436,-1.5077874754679783,-0.03503774450621766,-0.10916221658003178
2026-03-16,88.0,90.3499984741211,85.05000305175781,89.11000061035156,89.11000061035156,8143300,0.0,0.0,0.03208251551946506,8.823392804745701,90.86216659545899,85.32534776833334,48.97011526109143,-1.3712796378727745,-0.007241549804025027,0.08379955348277868
2026-03-17,89.91999816894531,97.4000015258789,89.5999984741211,95.69999694824219,95.69999694824219,13878500,0.0,0.0,0.0739534989647963,8.491684652901093,90.56716639200846,85.56455328799959,54.2864931577668,-0.7230042209180425,0.0933394068649036,0.1598593439645537
2026-03-18,94.66999816894531,96.44999694824219,90.6500015258789,90.73999786376953,90.73999786376953,9098200,0.0,0.0,-0.05182862322508952,7.0359587485827415,89.7331662495931,85.6838562803431,50.059254743406235,-0.6025262090063848,0.028681541838290636,0.09285799347012769
2026-03-19,88.0250015258789,95.5,86.80999755859375,94.08999633789062,94.08999633789062,10241000,0.0,0.0,0.036918652777031546,6.597129472725604,89.41949946085612,85.8775914034885,52.73621048312279,-0.23403186317413827,0.08037662526521983,0.11441426030792834
2026-03-20,94.54000091552734,96.98999786376953,86.30999755859375,89.93000030517578,89.93000030517578,16264200,0.0,0.0,-0.04421294712113388,6.557974432759728,89.3081662495931,85.97096738663684,49.20875501450823,-0.27450997246032216,0.041579848500754135,0.04085646663142195
2026-03-23,90.38999938964844,90.9000015258789,86.52999877929688,88.41999816894531,88.41999816894531,12890800,0.0,0.0,-0.016790861015304137,6.120169907748196,88.8624994913737,86.02738678171228,47.95487856643214,-0.42355128293985445,-0.007743266038381047,0.10249378470684944
2026-03-24,87.25,89.31999969482422,82.8499984741211,86.9800033569336,86.9800033569336,10141900,0.0,0.0,-0.016285849828455157,5.590569823861122,88.35783284505209,86.0493282957075,46.73196857696831,-0.650366126206066,-0.09111801326414526,0.0367103906440891
2026-03-25,89.58999633789062,98.51000213623047,88.8499984741211,96.05999755859375,96.05999755859375,18075500,0.0,0.0,0.10439174351832614,5.580443663703433,88.35083287556967,86.27985849235428,54.59476377265297,-0.09632846166731213,0.058629048050136356,0.11931948147498184
2026-03-26,93.55000305175781,95.75,87.19999694824219,87.86000061035156,87.86000061035156,13366100,0.0,0.0,-0.08536328499530133,5.340713490340556,88.04883295694987,86.31623986120015,47.741200109383534,-0.3152864188067781,-0.06621315729640653,0.06677998979165523
2026-03-27,89.44000244140625,90.25,78.5199966430664,78.66999816894531,78.66999816894531,14779200,0.0,0.0,-0.10459825150881563,5.510931379780672,87.93049952189128,86.14022433831714,41.45951330757921,-1.2163472760646101,-0.12520851882597417,-0.08267261882786137
2026-03-30,79.53600311279297,79.86000061035156,71.8499984741211,73.81999969482422,73.81999969482422,13460800,0.0,0.0,-0.061649912126674145,6.011333503506099,87.6408327738444,85.8566653112978,38.574833182586374,-2.295339594916584,-0.1651209995076529,-0.06781162496560555
2026-03-31,77.23999786376953,83.2750015258789,75.93000030517578,82.87000274658203,82.87000274658203,15135300,0.0,0.0,0.12259554442117326,6.0156346870513575,87.6354995727539,85.78793715259587,46.10970442470413,-2.3926086657296963,-0.047252247088168664,-0.046594518035899535
2026-04-01,84.52999877929688,88.44999694824219,83.07499694824219,83.98999786376953,83.98999786376953,12056800,0.0,0.0,0.013515084832474988,6.024249742111047,87.62083282470704,85.74657062864522,46.97656536352643,-2.3522060917394896,-0.12565063503631546,-0.09376351330159582
2026-04-02,79.19999694824219,92.94000244140625,78.91200256347656,92.62000274658203,92.62000274658203,16940400,0.0,0.0,0.10275038816896065,6.087487508200698,87.82816619873047,85.90468626629834,53.22069903335512,-1.6053124480556988,0.05417712386937601,-0.11697966168810303
2026-04-06,93.93499755859375,99.72000122070312,92.7699966430664,94.80999755859375,94.80999755859375,13162300,0.0,0.0,0.02364494436481257,6.040408621544019,88.31516621907552,86.10950945667467,54.67923874948896,-0.8271447656010054,0.20516079528802678,0.010121424910127352
2026-04-07,93.0999984741211,95.66000366210938,89.61000061035156,92.56999969482422,92.56999969482422,10175400,0.0,0.0,-0.02362617784464327,6.02927871490482,88.60416615804037,86.25807769643181,52.863676690438844,-0.3867323680172632,0.25399620804000933,0.03459068201714799
2026-04-08,100.66000366210938,101.88999938964844,93.58599853515625,96.45999908447266,96.45999908447266,11464000,0.0,0.0,0.04202224697496604,6.1711305844253035,88.95883280436198,86.49264882449374,55.61959602873071,0.2730406283296247,0.16399174475049882,0.07464345798558991
2026-04-09,96.13500213623047,98.5,90.61000061035156,91.61000061035156,91.61000061035156,9267700,0.0,0.0,-0.05027989342892092,6.060143247107237,89.26716613769531,86.61029328938997,51.571098031797874,0.399950754274613,0.09072512132863197,0.04661261153838514
2026-04-10,92.8499984741211,98.3499984741211,91.73600006103516,94.9000015258789,94.9000015258789,11818000,0.0,0.0,0.0359131196769753,6.107312551089312,89.57183278401693,86.80083964133055,54.01626992965538,0.7572741367604721,0.02461669954313428,0.0758417697635354
2026-04-13,93.05000305175781,100.51000213623047,92.5,98.97000122070312,98.97000122070312,12801300,0.0,0.0,0.04288724583122727,6.014867465739786,90.23116607666016,87.08051790078873,56.91441304833136,1.3532707894432292,0.043877267896125005,0.13641067151640018
2026-04-14,102.94999694824219,104.1500015258789,87.4000015258789,88.56999969482422,88.56999969482422,34049700,0.0,0.0,-0.10508236230781587,5.991042678662895,90.28616612752279,87.11474510003119,48.502356550292056,0.9751680931622388,-0.04321054351503528,0.02582816135648769
2026-04-15,88.84500122070312,88.84500122070312,84.0199966430664,86.91000366210938,86.91000366210938,17386400,0.0,0.0,-0.018742193049954947,6.004146405868436,90.09383290608724,87.11004094692784,47.30063129855937,0.535399424313411,-0.09900472229944857,-0.024688552723302504
2026-04-16,87.36000061035156,91.09500122070312,86.5,90.94000244140625,90.94000244140625,18094200,0.0,0.0,0.046369791847723274,5.319924036731983,89.6288330078125,87.19802643166234,50.50668947740093,0.5062312881015316,-0.00731359201486137,-0.04973871116642048
2026-04-17,89.88999938964844,91.7699966430664,84.91000366210938,85.52999877929688,85.52999877929688,20114500,0.0,0.0,-0.05948981214944549,5.308843822902922,89.35116628011068,87.15971202091403,46.42365848159615,0.046042498501151385,-0.09873553841858329,-0.057416786501302
2026-04-20,74.0999984741211,81.09500122070312,73.5,81.0,81.0,39864500,0.0,0.0,-0.05296385880919008,5.523190346577152,89.0686663309733,87.01824248777811,43.26938255818711,-0.6763963988048829,-0.18157018287420268,-0.13912208361537792
2026-04-21,82.33000183105469,84.88999938964844,78.8010025024414,80.01000213623047,80.01000213623047,19997400,0.0,0.0,-0.012222195849006523,5.7627699826907826,88.74366633097331,86.85730530236042,42.58834365025229,-1.3136757473789231,-0.09664669287668493,-0.11030799661160884
2026-04-22,84.66000366210938,87.77999877929688,82.73999786376953,84.66000366210938,84.66000366210938,22048800,0.0,0.0,0.058117752802474554,5.807262895531373,88.64799982706705,86.80685273611527,46.822100625767575,-1.4270577278453942,-0.02588884944416292,-0.04252425452047248
2026-04-23,82.53500366210938,83.43000030517578,76.91999816894531,78.75,78.75,17469100,0.0,0.0,-0.06980868658708161,6.082196378937393,88.33266652425131,86.62188055806658,42.52936551853027,-1.9710802812812034,-0.13404444814327354,-0.0946194876902996
2026-04-24,79.0,79.5999984741211,75.94999694824219,76.4000015258789,76.4000015258789,11878600,0.0,0.0,-0.029841250465029723,6.458982881660989,87.97633336385091,86.3872306800853,40.92274799650088,-2.5623105899567236,-0.10674614034518082,-0.20466371572331998
2026-04-27,76.69999694824219,77.80000305175781,73.9000015258789,77.19999694824219,77.19999694824219,12289500,0.0,0.0,0.010471144062638604,6.747930744949798,87.67166671752929,86.17635613854736,41.72975085948441,-2.9325077999275777,-0.04691361792293591,-0.12132942850052097
2026-04-28,75.22000122070312,76.61000061035156,70.98999786376953,71.87999725341797,71.87999725341797,15266200,0.0,0.0,-0.06891191586951684,7.3294746570638605,87.09733327229817,85.84824893097793,38.01118882325723,-3.6135168967861375,-0.10161235677721647,-0.08630991576923253
2026-04-29,71.19000244140625,71.2300033569336,67.48999786376953,69.8499984741211,69.8499984741211,15006000,0.0,0.0,-0.02824149773044604,7.788376437254328,86.23566665649415,85.48112314526679,36.668452688977865,-4.267828577325375,-0.1749350879678343,-0.0537794803185494
2026-04-30,72.27999877929688,74.36000061035156,70.13999938964844,73.9000015258789,73.9000015258789,13483200,0.0,0.0,0.05798143364682118,8.054838348280157,85.67433344523111,85.21538971826571,41.136039114401555,-4.408752544247804,-0.06158728221106147,-0.10824183568731804
2026-05-01,74.0999984741211,74.61000061035156,70.61000061035156,70.88999938964844,70.88999938964844,13438000,0.0,0.0,-0.04073074525142473,8.328066436644374,84.90100021362305,84.88672258771756,38.93758209101144,-4.7090349959319155,-0.07212044536889273,-0.1559709347221212
2026-05-04,70.44999694824219,70.58000183105469,68.04499816894531,68.43000030517578,68.43000030517578,12543200,0.0,0.0,-0.03470163782836588,8.792509918521397,84.18433354695638,84.50919521825129,37.18831996971102,-5.086874051757107,-0.11360099727654327,-0.2611747109055116
2026-05-05,68.8499984741211,68.8499984741211,63.43000030517578,63.869998931884766,63.869998931884766,19843300,0.0,0.0,-0.0666374594907917,9.498783848345505,83.36600023905436,84.0357669330739,34.12771140449499,-5.688692520694559,-0.11143570711742512,-0.3263368782135838
2026-05-06,66.2699966430664,71.48999786376953,65.75,70.68000030517578,70.68000030517578,18680500,0.0,0.0,0.10662285090302981,9.747850660471608,82.82266680399577,83.72943832172169,41.82761064273407,-5.552126339563131,0.0118826320570673,-0.23646969279262464
2026-05-07,72.37999725341797,73.75,64.91000366210938,65.3499984741211,65.3499984741211,19441300,0.0,0.0,-0.07541032552407023,9.920768174628776,81.79900016784669,83.3079269354512,38.07615183828165,-5.807043280019371,-0.11569692659294062,-0.322517114924578
2026-05-08,66.72000122070312,75.4000015258789,66.11000061035156,75.05000305175781,75.05000305175781,22685000,0.0,0.0,0.14843159608455037,9.926576938670461,81.37200024922689,83.11855868341635,47.3337583402587,-5.166797859311572,0.0586825179563597,-0.18076626403517937
2026-05-11,78.02999877929688,84.94000244140625,75.9000015258789,82.55000305175781,82.55000305175781,39710200,0.0,0.0,0.09993337368457755,9.91542863007558,81.50133374532064,83.10552193002444,53.16409584813535,-4.008009591129536,0.20634228676912714,-0.13013696813011422
2026-05-12,73.43000030517578,79.86699676513672,69.91999816894531,72.95999908447266,72.95999908447266,32830800,0.0,0.0,-0.11617206072387842,9.939615746146938,81.47266705830891,82.87290998093083,46.13170385686551,-3.819466283350067,0.14232034295604223,-0.2628069295283544
2026-05-13,72.66500091552734,77.67500305175781,71.5999984741211,74.80999755859375,74.80999755859375,14987900,0.0,0.0,0.025356339053392407,10.009230284861403,81.20400021870931,82.68806335650781,47.57243063606732,-3.4806422604208933,0.05843233213901855,-0.1553573691277157
2026-05-14,76.69999694824219,84.50499725341797,74.55000305175781,83.01000213623047,83.01000213623047,27216900,0.0,0.0,0.1096110793375471,10.001420386986805,81.17133369445801,82.69544334595216,53.50789870501732,-2.521384985432192,0.27023724673999516,-0.0448740232602155
2026-05-15,78.94999694824219,86.14900207519531,77.08000183105469,83.66999816894531,83.66999816894531,21746300,0.0,0.0,0.007950801297796684,9.779156401784237,80.87300020853678,82.71778176527522,53.95969777107553,-1.6884471521568685,0.11485669242735108,-0.07994286427631325
2026-05-18,87.81999969482422,89.95999908447266,81.83000183105469,86.83000183105469,86.83000183105469,25080400,0.0,0.0,0.03776746421971633,9.491281650045654,80.60700035095215,82.81203300258021,56.156554690465384,-0.7645389034434515,0.051847348529028725,0.015199381156456804
2026-05-19,85.37999725341797,90.94999694824219,78.65799713134766,88.0999984741211,88.0999984741211,21663600,0.0,0.0,0.014626242269779599,9.330731631628797,80.45800031026205,82.93322241615105,57.043690759634586,0.0693438031543252,0.2075109591506359,0.0876543021496432
2026-05-20,87.26000213623047,92.56999969482422,86.48999786376953,89.58000183105469,89.58000183105469,20010000,0.0,0.0,0.016799130335607648,9.002649352513052,80.22866706848144,83.08554121075339,58.107506911892926,0.8399434131141845,0.1974335617494516,0.11961004173615297
2026-05-21,89.44999694824219,97.6449966430664,88.8499984741211,96.2300033569336,96.2300033569336,24819900,0.0,0.0,0.07423533590031206,9.240427842281077,80.38266716003417,83.38673913769291,62.5904740252363,1.9646019937726464,0.15925793133949506,0.13666429475956332
2026-05-22,98.5199966430664,107.58999633789062,98.41000366210938,105.86000061035156,105.86000061035156,30710500,0.0,0.0,0.10007271035519616,10.018116631672893,80.74800046284993,83.90166292066334,67.94070377903306,3.5915610387916956,0.26520859241087225,0.3442539760044643
2026-05-26,112.59500122070312,127.0999984741211,112.45999908447266,119.69999694824219,119.69999694824219,48352900,0.0,0.0,0.13073867615807733,11.863315607674593,81.43900032043457,84.72184087357586,73.75099135796,5.92935987265497,0.3785557344700132,0.5667538554655174
2026-05-27,124.36000061035156,131.17999267578125,118.06900024414062,129.60000610351562,129.60000610351562,34852084,0.0,0.0,0.08270684551106688,14.732002935327847,82.80666720072428,85.74997439640096,76.9667482084982,8.48314191302373,0.4710557133730817,0.6787566221071795
