Date,Open,High,Low,Close,Adj Close,Volume,Dividends,Stock Splits,Capital Gains,Daily Return,30-Day Rolling STD,30-Day Rolling SMA,30-Day Rolling EWMA,RSI,MACD,5D Return,21D Return
2025-08-01,28.31999969482422,28.440000534057617,28.31999969482422,28.440000534057617,28.0793514251709,16200,0.0,0.0,0.0,,,,28.440000534057617,,0.0,,
2025-08-04,28.81999969482422,28.829999923706055,28.815000534057617,28.815000534057617,28.449594497680664,600,0.0,0.0,0.0,0.013185653760833471,,,28.629666522640708,,0.029914529914528032,,
2025-08-05,28.665000915527344,28.780000686645508,28.665000915527344,28.735000610351562,28.370609283447266,800,0.0,0.0,0.0,-0.0027763290724739376,,,28.66559218131169,98.3854707378841,0.04662917305717329,,
2025-08-06,29.08099937438965,29.246000289916992,29.051000595092773,29.202999114990234,28.832674026489258,16500,0.0,0.0,0.0,0.016286705923022726,,,28.804635422658244,98.53453107851492,0.09652651864657713,,
2025-08-07,29.56999969482422,29.6299991607666,29.420000076293945,29.52400016784668,29.14960479736328,2700,0.0,0.0,0.0,0.010992057753810291,,,28.955232310314695,98.62809066117839,0.1601267848644703,,
2025-08-08,29.959999084472656,30.049999237060547,29.959999084472656,30.010000228881836,29.629440307617188,2300,0.0,0.0,0.0,0.01646118609511582,,,29.141335341490702,98.75743443483293,0.24690048224181638,0.0552039263481765,
2025-08-11,30.1200008392334,30.1200008392334,29.809999465942383,29.93600082397461,29.556381225585938,14900,0.0,0.0,0.0,-0.0024658248698048446,,,29.262877159216238,97.25393290314798,0.3061688056389684,0.03890335829048608,
2025-08-12,30.204999923706055,30.5,30.204999923706055,30.496999740600586,30.110265731811523,12900,0.0,0.0,0.0,0.018739941915577818,,,29.429901615954922,97.55752016266241,0.3938670488788212,0.061318917446421706,
2025-08-13,30.5049991607666,30.5049991607666,30.3799991607666,30.44499969482422,30.05892562866211,3700,0.0,0.0,0.0,-0.0017050872616540813,,,29.55339119299209,96.49265882923889,0.4539398335332514,0.04252989821160025,
2025-08-14,30.40999984741211,30.40999984741211,30.315000534057617,30.371000289916992,29.985862731933594,1000,0.0,0.0,0.0,-0.0024305930579400226,,,29.643911140613348,94.90509563797436,0.4899292156085586,0.028688528561680027,
2025-08-15,31.020999908447266,31.020999908447266,31.020999908447266,31.020999908447266,30.627620697021484,100,0.0,0.0,0.0,0.021401982559858812,,,29.784057665602866,95.5912499309869,0.5643946074237256,0.03368875947533101,
2025-08-18,28.84000015258789,30.969999313354492,28.84000015258789,30.92300033569336,30.530864715576172,11300,0.0,0.0,0.0,-0.0031591364895758867,,,29.891488499439184,93.54572186196678,0.6084869615045392,0.03297031950000151,
2025-08-19,30.90999984741211,30.90999984741211,30.799999237060547,30.868999481201172,30.47754669189453,27300,0.0,0.0,0.0,-0.0017463006146223314,,,29.977540826914982,92.37273742509356,0.631790168343354,0.012197912705010916,
2025-08-20,30.75,30.829999923706055,28.979999542236328,30.790000915527344,30.399551391601562,23500,0.0,0.0,0.0,-0.0025591553662740463,,,30.044686045986516,90.58328707473083,0.6365458987377508,0.011331950210588415,
2025-08-21,30.40999984741211,30.43000030517578,30.361000061035156,30.361000061035156,29.975990295410156,300,0.0,0.0,0.0,-0.013933122498734463,,,30.069352448703757,81.36525026256844,0.5987955236315621,-0.0003292689995842979,
2025-08-22,30.8799991607666,30.8799991607666,30.860000610351562,30.8799991607666,30.488407135009766,1400,0.0,0.0,0.0,0.017094268920262667,,,30.129263732702768,83.54666140766521,0.6037967758929632,-0.0045453321329680385,
2025-08-25,30.81999969482422,30.81999969482422,30.54599952697754,30.54599952697754,30.15864372253418,1600,0.0,0.0,0.0,-0.010816050610953809,,,30.15856645850006,77.2772109892993,0.5741904155574069,-0.012191598636069667,
2025-08-26,30.440000534057617,30.481000900268555,30.440000534057617,30.481000900268555,30.09446907043457,600,0.0,0.0,0.0,-0.002127893266402281,,,30.180210833047436,76.0806971408962,0.5392659930435642,-0.012569198466212184,
2025-08-27,30.270000457763672,30.393999099731445,30.110000610351562,30.393999099731445,30.00857162475586,1900,0.0,0.0,0.0,-0.002854296052212102,,,30.193953379460684,74.41972221070442,0.49881775777712534,-0.01286137720107039,
2025-08-28,30.704999923706055,30.704999923706055,30.683000564575195,30.683000564575195,30.293907165527344,200,0.0,0.0,0.0,0.00950850409304338,,,30.224138951266426,76.27279177241898,0.48449726001713955,0.010605727838105317,
2025-08-29,30.297000885009766,30.297000885009766,30.256999969482422,30.270999908447266,29.887130737304688,300,0.0,0.0,0.0,-0.013427652072711571,,,30.22692310412891,68.63900551703401,0.43489001131159455,-0.019721478914192403,
2025-09-02,30.059999465942383,30.238000869750977,30.059999465942383,30.238000869750977,29.854551315307617,14800,0.0,0.0,0.0,-0.0010901205376794287,,,30.227558046323935,68.05152123075229,0.38843551979373814,-0.010083109474107843,0.06322082636883941
2025-09-03,30.06999969482422,30.121000289916992,30.06999969482422,30.1200008392334,29.738046646118164,15600,0.0,0.0,0.0,-0.0039023753926675786,,,30.221598670336427,65.88009536929438,0.33819982719807484,-0.011843445109178674,0.045288921776466706
2025-09-04,30.1299991607666,30.5,30.1299991607666,30.485000610351562,30.098419189453125,17200,0.0,0.0,0.0,0.012118185954454797,,,30.235732576125848,69.1583312014022,0.3241040403567901,0.002994061765992484,0.06090133853588919
2025-09-05,30.889999389648438,30.920000076293945,30.55500030517578,30.62299919128418,30.23466682434082,92200,0.0,0.0,0.0,0.004526769826790122,,,30.255891662573422,70.31943555097635,0.3203752731867979,-0.0019555249547623665,0.04862514533875539
2025-09-08,31.290000915527344,31.336999893188477,31.270000457763672,31.336999893188477,30.939613342285156,95300,0.0,0.0,0.0,0.023315831915886154,,,30.31057108916982,75.46593172265358,0.37076019509228786,0.035215222092605414,0.061407658685636246
2025-09-09,30.950000762939453,31.030000686645508,30.934999465942383,31.020000457763672,30.62663459777832,25500,0.0,0.0,0.0,-0.010115819526607228,,,30.34548366388812,69.6883731408512,0.38072266959868273,0.025861484407687207,0.03365545555410576
2025-09-10,31.329999923706055,31.34000015258789,31.222000122070312,31.222000122070312,30.826072692871094,3500,0.0,0.0,0.0,0.006511916870590717,,,30.387510619011053,71.20138344951332,0.4003032405714748,0.036586960562148496,0.04295828643436561
2025-09-11,31.450000762939453,31.610000610351562,31.450000762939453,31.57900047302246,31.178544998168945,5700,0.0,0.0,0.0,0.011434256279430066,,,30.443240576776642,73.69995510820073,0.4395609439386874,0.03588649633483754,0.035478923881860025
2025-09-12,31.309999465942383,31.350000381469727,31.270000457763672,31.334999084472656,30.937637329101562,7000,0.0,0.0,0.0,-0.007726697643842484,0.7753476400319962,30.37180010477702,30.483976161706256,69.27599411615697,0.44584466408351275,0.023250495117771663,0.02923302343799139
2025-09-15,31.719999313354492,31.719999313354492,31.43000030517578,31.510000228881836,31.11041831970215,1600,0.0,0.0,0.0,0.005584846003582555,0.7115607322421101,30.474133427937826,30.529798423953146,70.63735274290795,0.4596471610263926,0.005520641295689632,0.03750287867018276
2025-09-16,31.520000457763672,31.52899932861328,31.510000228881836,31.525999069213867,31.1262149810791,1200,0.0,0.0,0.0,0.0005077385025649139,0.6641550814316591,30.564500045776366,30.573338722282486,70.764888440611,0.4664991996146597,0.016312011733821796,0.016279267665678443
2025-09-17,31.610000610351562,31.6299991607666,31.509000778198242,31.509000778198242,31.109434127807617,700,0.0,0.0,0.0,-0.0005391832619897619,0.5895781097824653,30.656966718037925,30.613397225914714,70.41494100633174,0.46519538669408433,0.009192257222657929,0.0189503100004329
2025-09-18,31.7450008392334,31.7450008392334,31.719999313354492,31.719999313354492,31.31775665283203,3500,0.0,0.0,0.0,0.0066964527577861865,0.5535250127735547,30.740866724650065,30.659846456634124,72.24943256873797,0.475704300894769,0.004464955768707313,0.027568105427957512
2025-09-19,31.489999771118164,31.489999771118164,31.458999633789062,31.458999633789062,31.0600643157959,300,0.0,0.0,0.0,-0.008228237238818159,0.5184676187882992,30.805366706848144,30.692760824493273,66.73686063742326,0.45769616178871786,0.00395725396327995,0.021727791437782695
2025-09-22,31.77400016784668,31.77400016784668,31.77400016784668,31.77400016784668,31.371070861816406,100,0.0,0.0,0.0,0.010013049929257223,0.525139430906768,30.864166704813638,30.73649105256687,69.73792010762018,0.46349955794910613,0.008378290607654826,0.046539972463718327
2025-09-23,31.68000030517578,31.68000030517578,31.674999237060547,31.674999237060547,31.273326873779297,800,0.0,0.0,0.0,-0.0031157842973235095,0.5150334732522653,30.92213331858317,30.773791921088623,67.67144818931374,0.4548668219100698,0.004726263155675259,0.02574482182318194
2025-09-24,31.45800018310547,31.479999542236328,31.356000900268555,31.479999542236328,31.080799102783203,1400,0.0,0.0,0.0,-0.0061562651782501865,0.5183126277533646,30.954899978637695,30.801393439491314,63.66950145546046,0.42736408358114275,-0.0009204111601653908,0.030576835910506084
2025-09-25,31.479000091552734,31.479000091552734,31.415000915527344,31.424999237060547,31.02649688720703,1200,0.0,0.0,0.0,-0.0017471507616125814,0.5159448357467958,30.987566630045574,30.825376945848006,62.54598072325244,0.39655861942244996,-0.009300128709957,0.030970057049001687
2025-09-26,31.486000061035156,31.496999740600586,31.309999465942383,31.496999740600586,31.097583770751953,33700,0.0,0.0,0.0,0.0022911855302489847,0.510472353357637,31.02509994506836,30.85080991031969,63.455121795284676,0.37364772762128595,0.0012079248308554114,0.03629007940843443
2025-09-29,31.42300033569336,31.450000762939453,31.3799991607666,31.399999618530273,31.001813888549805,6300,0.0,0.0,0.0,-0.003079662281143425,0.5150367784519084,31.037733268737792,30.871298684136324,61.29643566856785,0.3437016034794773,-0.011770647300961223,0.023367957525734395
2025-09-30,31.2549991607666,31.399999618530273,31.25,31.395000457763672,30.996877670288086,9500,0.0,0.0,0.0,-0.0001592089435457078,0.5186080066685298,31.053466606140137,30.89055794397672,61.180918027005745,0.31592391956386123,-0.0088397406800651,0.03713126598777294
2025-10-01,31.399999618530273,32.45000076293945,31.229999542236328,31.29800033569336,30.901107788085938,14500,0.0,0.0,0.0,-0.003089667802388063,0.519260335115644,31.067766634623208,30.90533580422531,58.8629113043752,0.2828226028316152,-0.005781423417709486,0.035055209850290314
2025-10-02,31.309999465942383,31.343000411987305,31.239999771118164,31.304000854492188,30.907032012939453,3600,0.0,0.0,0.0,0.00019172211433526876,0.5182581520824745,31.084899965922038,30.919603697206124,58.966482419764816,0.25414414703011445,-0.0038503861736187694,0.03930942836218465
2025-10-03,32.0,32.08000183105469,31.968000411987305,31.968000411987305,31.562610626220703,3000,0.0,0.0,0.0,0.02121133207801562,0.5238750676420418,31.13846664428711,30.956645293079,68.43655271327344,0.2817476674755035,0.01495382656334665,0.04864686803162366
2025-10-06,32.279998779296875,32.43000030517578,32.279998779296875,32.35100173950195,31.940757751464844,7000,0.0,0.0,0.0,0.011980772102687665,0.5659966838967169,31.187500063578288,31.005302413778363,72.39415917627768,0.330716370105101,0.030286692118634884,0.05642825960396425
2025-10-07,32.08000183105469,32.08000183105469,31.860000610351562,31.860000610351562,31.45598030090332,1300,0.0,0.0,0.0,-0.015177308359847652,0.5654841042105055,31.231300099690756,31.034772469660943,61.71146221854108,0.3261451339982884,0.014811280325141674,0.016689559273246335
2025-10-08,31.7549991607666,31.920000076293945,31.420000076293945,31.469999313354492,31.070924758911133,73600,0.0,0.0,0.0,-0.01224109508869109,0.5488175498782049,31.264266713460287,31.0496064546418,54.7949639902828,0.2877357129689848,0.005495526098035608,0.014506732719218762
2025-10-09,31.788000106811523,31.788000106811523,31.649999618530273,31.71500015258789,31.312820434570312,2200,0.0,0.0,0.0,0.007785219084178063,0.5292299928999873,31.308300081888834,31.072033144812075,57.98101138554973,0.27390804876272057,0.013129289767340513,0.015790148888286115
2025-10-10,30.871999740600586,30.871999740600586,30.295000076293945,30.295000076293945,29.910825729370117,12400,0.0,0.0,0.0,-0.04477376854680781,0.5493948534582233,31.295366732279458,31.046125190865116,40.26690802894111,0.1466765901074396,-0.05233359341005328,-0.04065994418744889
2025-10-13,30.59000015258789,30.729999542236328,30.59000015258789,30.709999084472656,30.32056427001953,1400,0.0,0.0,0.0,0.013698597363709819,0.5265407712313267,31.310000038146974,31.035034499220412,45.506764122181366,0.07842762924809676,-0.050724941015522385,-0.01994574814938177
2025-10-14,31.135000228881836,31.13800048828125,31.042999267578125,31.042999267578125,30.64933967590332,400,0.0,0.0,0.0,0.010843379779644335,0.48921530329596796,31.336833318074543,31.03529465966239,49.34645536019087,0.050626576181549865,-0.025643481705018734,-0.014820722244097695
2025-10-15,31.549999237060547,31.56999969482422,31.51099967956543,31.538999557495117,31.13905143737793,1200,0.0,0.0,0.0,0.015977846909754678,0.43286089604578076,31.384133275349935,31.051587569415638,54.4902146153357,0.06783515800391271,0.002192572152721395,0.0004123735540531026
2025-10-16,31.579999923706055,31.708999633789062,31.56999969482422,31.591999053955078,31.191377639770508,1600,0.0,0.0,0.0,0.001680443172058954,0.3994655287856138,31.42103322347005,31.068903191404644,55.01587418331216,0.0847724949555193,-0.003878325651616832,0.002634113228187962
2025-10-17,31.68000030517578,31.798999786376953,31.68000030517578,31.76099967956543,31.35823631286621,1300,0.0,0.0,0.0,0.005349475521372327,0.374311287397254,31.458966573079426,31.090876845134357,56.73207120845212,0.11055795136281077,0.04839081035086834,0.0012925714722091808
2025-10-20,32.2599983215332,32.404998779296875,32.25,32.319000244140625,31.909160614013672,2300,0.0,0.0,0.0,0.01756873430322803,0.4049604980464591,31.491699918111166,31.12952470756601,61.90049589402645,0.17401317790029935,0.052393396536488224,0.027337188733358886
2025-10-21,31.954999923706055,31.979999542236328,31.954999923706055,31.97100067138672,31.565574645996094,1400,0.0,0.0,0.0,-0.010767646589470159,0.40398358032601384,31.523399925231935,31.155778601968777,57.30322685354246,0.19398510539060965,0.029894063901802603,0.0062000535815252
2025-10-22,31.950000762939453,31.950000762939453,31.719999313354492,31.781999588012695,31.378971099853516,2600,0.0,0.0,0.0,-0.005911641156204905,0.4025118500233329,31.54206657409668,31.175154601724014,54.91767847567269,0.19234496095699427,0.007704747580042692,0.003378069566832176
2025-10-23,31.735000610351562,31.792999267578125,31.735000610351562,31.792999267578125,31.38983154296875,400,0.0,0.0,0.0,0.0003460977820155531,0.40507702462529843,31.549199867248536,31.194117805242115,55.03500174436022,0.18974544946058458,0.006362377172769662,0.009942812258362688
2025-10-24,31.700000762939453,31.985000610351562,31.700000762939453,31.97100067138672,31.565574645996094,4100,0.0,0.0,0.0,0.005598760982268081,0.4100918802113791,31.57039992014567,31.217776510822965,56.98582342122148,0.19974599603404997,0.0066119137917564075,0.017374747735307894
2025-10-27,32.06999969482422,32.27000045776367,32.06999969482422,32.24399948120117,31.83510971069336,9700,0.0,0.0,0.0,0.008538951051938248,0.42787425261386586,31.59486656188965,31.24879233010838,59.8620320401824,0.22708255728296578,-0.002320639944704106,0.02371653639243876
2025-10-28,32.4010009765625,32.4010009765625,32.35499954223633,32.35499954223633,31.944704055786133,800,0.0,0.0,0.0,0.003442502878709952,0.4494965099873681,31.622499910990395,31.28198049881016,61.00380090532992,0.2547669613379675,0.012010849294225467,0.030414010678601278
2025-10-29,31.92099952697754,32.060001373291016,31.850000381469727,32.0,31.594205856323242,124700,0.0,0.0,0.0,-0.010972015059771856,0.45413633523468233,31.638866551717122,31.303369171106603,55.56031877278344,0.2452346424979588,0.006859241545944972,0.019270569626213208
2025-10-30,31.875,31.989999771118164,31.834999084472656,31.834999084472656,31.431297302246094,700,0.0,0.0,0.0,-0.005156278610229492,0.45532857148273986,31.642699877421062,31.319096312152173,53.184840763710426,0.22180913854991857,0.0013210397842948751,0.01715760569428082
2025-10-31,31.8799991607666,31.959999084472656,31.8799991607666,31.959999084472656,31.554712295532227,2000,0.0,0.0,0.0,0.003926496107894195,0.45754085771501385,31.659399859110515,31.33792907213434,54.76278091520825,0.2108995939917726,-0.00034411143483248363,0.02095573128271022
2025-11-03,31.989999771118164,32.012001037597656,31.8799991607666,32.012001037597656,31.606056213378906,1900,0.0,0.0,0.0,0.0016270949503958132,0.4616414368784878,31.66733322143555,31.35760770926227,55.435734484871475,0.20409711979816336,-0.00719508892619769,0.0013763959285315597
2025-11-04,31.790000915527344,31.792999267578125,31.520000457763672,31.55500030517578,31.154848098754883,8900,0.0,0.0,0.0,-0.01427591895567959,0.462092377534106,31.663333257039387,31.36333394189873,48.5941717969384,0.1599857540139844,-0.02472567604324105,-0.0246051556837642
2025-11-05,31.290000915527344,31.524999618530273,31.290000915527344,31.513999938964844,31.114370346069336,1800,0.0,0.0,0.0,-0.0012993302428906395,0.4616687217471446,31.664466603597006,31.367677866770446,48.021563907760715,0.12033168318602705,-0.015187501907348633,-0.010860033419908377
2025-11-06,31.479999542236328,31.655000686645508,31.479999542236328,31.575000762939453,31.174596786499023,900,0.0,0.0,0.0,0.0019356737987166195,0.4597942475491514,31.669466654459637,31.373619694143972,48.98474043911439,0.09275854033946729,-0.008167059180473335,0.0033365570980614656
2025-11-07,31.43899917602539,31.729999542236328,31.43899917602539,31.729999542236328,31.32762908935547,6700,0.0,0.0,0.0,0.004908908172657878,0.458747226475647,31.67723331451416,31.38377436253449,51.4466880286464,0.08246314824872769,-0.007196481502656615,0.0004729430735068707
2025-11-10,31.780000686645508,31.961999893188477,31.780000686645508,31.961999893188477,31.556686401367188,400,0.0,0.0,0.0,0.0073117035707273015,0.4585105893069269,31.695966657002767,31.400157660201465,54.951045988279546,0.09196435739035635,-0.0015619499808978698,0.055025575596514775
2025-11-11,31.989999771118164,32.10599899291992,31.959999084472656,32.10599899291992,31.69886016845703,500,0.0,0.0,0.0,0.004505321951463248,0.4607872606423347,31.71966660817464,31.420047522802403,57.0243722534608,0.1098474054725962,0.017461533272549623,0.0454575040724472
2025-11-12,32.23500061035156,32.244998931884766,32.20000076293945,32.244998931884766,31.83609962463379,1000,0.0,0.0,0.0,0.004329407067990454,0.463334992680237,31.75123322804769,31.443170330820816,58.986594890515256,0.13369483251459613,0.02319600794363441,0.038720474589001075
2025-11-13,32.02000045776367,32.02000045776367,31.770999908447266,31.770999908447266,31.36810874938965,1100,0.0,0.0,0.0,-0.01469992368239148,0.4555710501245494,31.766799863179525,31.45231172627562,50.51619015275216,0.11304323835573982,0.006207415384700932,0.007355983201978722
2025-11-14,32.084999084472656,32.26300048828125,32.084999084472656,32.26300048828125,31.853872299194336,500,0.0,0.0,0.0,0.015485838697294918,0.46318377354971896,31.77663319905599,31.47480399150721,57.360583222962795,0.13482288191198677,0.016798013039219795,0.021239600355146493
2025-11-17,32.0,32.0,31.55500030517578,31.64699935913086,31.245681762695312,1000,0.0,0.0,0.0,-0.019093113468294343,0.4507473526405096,31.75316645304362,31.47955817205596,48.344472849859045,0.10121057089805774,-0.009855470092932084,-0.0035893177665914378
2025-11-18,30.905000686645508,31.110000610351562,30.829999923706055,31.038000106811523,30.644405364990234,4800,0.0,0.0,0.0,-0.0192435069564858,0.4686572396304031,31.72576643625895,31.467424961957203,41.41386454809011,0.02514160543547561,-0.03326477666506855,-0.03963613130518617
2025-11-19,30.950000762939453,32.0,30.829999923706055,31.020999908447266,30.627620697021484,9300,0.0,0.0,0.0,-0.0005477220924593462,0.4840243532461895,31.710799789428712,31.455214649090756,41.23614936133681,-0.03609924208062054,-0.03795934451798588,-0.029714451940494935
2025-11-20,31.020000457763672,31.020000457763672,30.434999465942383,30.434999465942383,30.04905128479004,7900,0.0,0.0,0.0,-0.01889044338462187,0.5371426026528753,31.66813309987386,31.42743573944086,35.56996321368172,-0.13041504974085072,-0.04205094099508233,-0.04238248503968778
2025-11-21,30.0,31.253000259399414,28.920000076293945,31.194000244140625,30.798425674438477,9100,0.0,0.0,0.0,0.024938419303985437,0.47992494790416,31.698099772135418,31.421107417033134,45.9327382407402,-0.14227591902304226,-0.03313393757437144,-0.018840595012636907
2025-11-24,31.19499969482422,31.42300033569336,31.19499969482422,31.42300033569336,31.02452278137207,1100,0.0,0.0,0.0,0.007341158227879063,0.4457423777044368,31.72186648050944,31.42115851497298,48.61794233615778,-0.13167943131088933,-0.0070780493561349855,-0.01714054374856666
2025-11-25,31.454999923706055,31.54800033569336,31.454999923706055,31.54800033569336,31.147937774658203,700,0.0,0.0,0.0,0.003977977871769678,0.42842009778484674,31.738699849446615,31.424568350912633,50.075467210844884,-0.11190520952717264,0.01643147841764181,-0.02158538508579222
2025-11-26,31.98699951171875,32.14500045776367,31.98699951171875,32.10499954223633,31.697874069213867,1000,0.0,0.0,0.0,0.017655610517817166,0.43177206434717846,31.757566515604655,31.44278645214595,56.057132688657404,-0.05070432744216902,0.034944058443902026,-0.007726781132345484
2025-11-28,31.940000534057617,32.060001373291016,31.940000534057617,32.060001373291016,31.653446197509766,300,0.0,0.0,0.0,-0.0014015938198694844,0.4340324053288676,31.773166592915853,31.459247217136017,55.478823221838645,-0.005766688830561861,0.053392539374513825,0.0018750429153442383
2025-12-01,31.985000610351562,32.130001068115234,31.9689998626709,31.9689998626709,31.5635986328125,4800,0.0,0.0,0.0,-0.0028384749445434787,0.4354902206939299,31.7800999323527,31.472790164157498,54.25970645368816,0.02224720027528093,0.024844508958925315,0.004209228272401555
2025-12-02,32.09000015258789,32.09000015258789,31.819000244140625,31.878999710083008,31.474740982055664,17100,0.0,0.0,0.0,-0.0028152320364885908,0.4239719618361388,31.765433247884115,31.48354213127287,53.01883282632433,0.036762375291075955,0.014511643366902804,-0.002534398520336656
2025-12-03,31.690000534057617,31.882999420166016,31.690000534057617,31.864999771118164,31.460918426513672,800,0.0,0.0,0.0,-0.00043915866533339454,0.42263930555990104,31.76189988454183,31.49360243110626,52.81649026979303,0.046598914713200656,0.010048162547600548,-0.004592067403310418
2025-12-04,32.459999084472656,32.459999084472656,32.19499969482422,32.19499969482422,31.786733627319336,14600,0.0,0.0,0.0,0.010356187857410992,0.42997920185601407,31.77566655476888,31.51203546817292,56.98384998005715,0.08009934361918525,0.0028033064591541645,0.020282027680521342
2025-12-05,34.439998626708984,34.439998626708984,32.22999954223633,32.25,31.841035842895508,900,0.0,0.0,0.0,0.001708349299491374,0.4386229016426452,31.790899912516277,31.53136301468656,57.655135739548875,0.10982079410234746,0.005926344933574246,0.023354701480631235
2025-12-08,32.029998779296875,32.029998779296875,32.0260009765625,32.0260009765625,31.619876861572266,500,0.0,0.0,0.0,-0.00694570615310075,0.43951567537204644,31.792733256022135,31.54427449658698,53.96172641727082,0.11398644381804246,0.0017830121097457408,0.014283458518626446
2025-12-09,32.150001525878906,32.150001525878906,32.013999938964844,32.013999938964844,31.608028411865234,700,0.0,0.0,0.0,-0.0003747279470339704,0.43333515143925083,31.785066604614258,31.556495813185876,53.76301153919643,0.11499379095141293,0.004234769914663872,0.008950532644996567
2025-12-10,32.042999267578125,32.279998779296875,32.042999267578125,32.266998291015625,31.857818603515625,1300,0.0,0.0,0.0,0.007902741067443264,0.4296260485830205,31.782133229573567,31.57492310535882,57.33037192699021,0.134654757205805,0.012615676221087613,0.009542531720367897
2025-12-11,32.34000015258789,32.34000015258789,32.28499984741211,32.28499984741211,31.875593185424805,300,0.0,0.0,0.0,0.0005578937412811236,0.4376850984042983,31.791633224487306,31.593282523404138,57.58115219393601,0.14996014259108748,0.0027954699003260863,0.005575308668378742
2025-12-12,32.310001373291016,32.310001373291016,32.13800048828125,32.13800048828125,31.730457305908203,1200,0.0,0.0,0.0,-0.004553178250754852,0.44219314202830423,31.801733271280924,31.607324158193006,54.751329397183916,0.1485161493002778,-0.0034728530765504306,-0.0033182957713703276
2025-12-15,32.54499816894531,32.595001220703125,32.54499816894531,32.595001220703125,32.181663513183594,200,0.0,0.0,0.0,0.014219949140535926,0.46465758690700776,31.822900009155273,31.632709730169104,61.144515627739096,0.18214822267816544,0.017766821544689115,0.02593564302761453
2025-12-16,32.2599983215332,32.2599983215332,32.1510009765625,32.1510009765625,31.7432918548584,600,0.0,0.0,0.0,-0.013621728102854447,0.46729376908428466,31.827533340454103,31.645992986928807,53.26966234200889,0.17100355160201275,0.004279410191130539,-0.003471453678322023
2025-12-17,31.979999542236328,32.0,31.729999542236328,31.815000534057617,31.41155242919922,1200,0.0,0.0,0.0,-0.010450699272157027,0.464467437362867,31.836200014750162,31.650312425173663,48.209558383959475,0.13351975917327152,-0.01400805097770319,0.0053085972865951625
2025-12-18,32.04999923706055,32.09000015258789,31.895999908447266,31.895999908447266,31.49152374267578,2400,0.0,0.0,0.0,0.0025459491758592634,0.46054948502834697,31.848933347066243,31.656574605217564,49.456010256634784,0.10909201139068614,-0.012048937302256979,0.027643527246700605
2025-12-19,31.895000457763672,31.93000030517578,31.891000747680664,31.891000747680664,31.695266723632812,900,0.21,0.0,0.0,-0.00015673315716546732,0.45767294033654177,31.85946667989095,31.66253396916738,49.37702410869577,0.08831145530168527,-0.007685597636687191,0.028045544689115243
2025-12-22,31.75,31.860000610351562,31.70199966430664,31.825000762939453,31.629671096801758,12200,0.0,0.0,0.0,-0.0020695488756655722,0.4570745207409648,31.862633387247723,31.666653416838432,48.280705269245246,0.06575903844004927,-0.023623268259753805,0.04567114576599618
2025-12-23,32.20000076293945,32.20000076293945,31.969999313354492,32.11800003051758,31.92087173461914,15200,0.0,0.0,0.0,0.009206575351266677,0.4591267433144972,31.867833391825357,31.67806887721489,53.24386189691987,0.07071353616505505,-0.0010264360375273895,0.02962107389707147
2025-12-24,31.989999771118164,32.25,31.989999771118164,32.05400085449219,31.85726547241211,6800,0.0,0.0,0.0,-0.0019926264388997472,0.45829402435786837,31.866100120544434,31.687553693793653,52.06849635514719,0.06868406551265238,0.0075121897351133615,0.020080848806855567
2025-12-26,31.9950008392334,32.04499816894531,31.975000381469727,32.04499816894531,31.848318099975586,700,0.0,0.0,0.0,-0.00028085996464977114,0.4540270320481246,31.85943342844645,31.696550564596933,51.89495183653476,0.06559313706030068,0.004671377631230378,0.01575370318129643
2025-12-29,32.06999969482422,32.084999084472656,32.06999969482422,32.082000732421875,31.885093688964844,5400,0.0,0.0,0.0,0.0011547063688841508,0.45548638255146523,31.86980012257894,31.706229786064064,52.59432761989244,0.06537574077741226,0.005989149925158754,-0.0007163622533056246
2025-12-30,32.20000076293945,32.20000076293945,32.08300018310547,32.08300018310547,31.88608741760254,600,0.0,0.0,0.0,3.115300357769968e-05,0.45129450704431434,31.863800112406413,31.715669603709298,52.614366842278294,0.06454012162709333,0.008106815836009584,0.0007173677114566956
2025-12-31,32.005001068115234,32.060001373291016,31.940000534057617,31.996000289916992,31.79962158203125,3900,0.0,0.0,0.0,-0.002711713140664762,0.45000955912782126,31.875433476765952,31.72267764701265,50.60888223503391,0.05620977187745524,-0.0037984849767939144,0.0008445815434352522
2026-01-02,32.20000076293945,32.22999954223633,32.025001525878906,32.2130012512207,32.015289306640625,45000,0.0,0.0,0.0,0.006782127745263766,0.4250511501124011,31.91460018157959,31.734908936149406,55.19618688469875,0.06635319537558004,0.004960391604476921,0.010477165035766678
2026-01-05,32.470001220703125,32.959999084472656,32.470001220703125,32.84600067138672,32.644405364990234,3100,0.0,0.0,0.0,0.019650432917734717,0.4233426273679617,31.975433540344238,31.76256726820098,65.31585120913508,0.12403984051839956,0.024996178755212206,0.030786157455356955
2026-01-06,32.95000076293945,32.95000076293945,32.845001220703125,32.8650016784668,32.66328811645508,12300,0.0,0.0,0.0,0.0005784876907899417,0.343356374662144,32.05643361409505,31.789953872046052,65.5672601406529,0.1693381204341975,0.024406238020362236,0.020810746699596594
2026-01-07,32.939998626708984,32.939998626708984,32.729000091552734,32.729000091552734,32.52812194824219,12700,0.0,0.0,0.0,-0.004138188953849098,0.32424596516688353,32.10760027567546,31.81323499054517,62.09767884325589,0.19204931719065144,0.020135271164180013,0.014852716017139
2026-01-08,32.619998931884766,32.779998779296875,32.619998931884766,32.75600051879883,32.55495834350586,900,0.0,0.0,0.0,0.0008249695123763168,0.31847936541920224,32.1520336151123,31.836562777100408,62.52169394928027,0.20980827389193735,0.023752976059365105,0.02279396490278507
2026-01-09,33.314998626708984,33.525001525878906,33.314998626708984,33.37099838256836,33.16617965698242,4400,0.0,0.0,0.0,0.018775120711595372,0.3691409218538676,32.21280021667481,31.874458693258912,70.59168885853651,0.2703906675752208,0.03594812921393897,0.042387656843588806
2026-01-12,33.529998779296875,33.650001525878906,33.52000045776367,33.60100173950195,33.394771575927734,49100,0.0,0.0,0.0,0.0068923127290592134,0.44692695212446387,32.26266695658366,31.91702004789276,72.93856107509698,0.3331219769391609,0.0229860881898154,0.04134265717731056
2026-01-13,33.56999969482422,33.56999969482422,33.29499816894531,33.32699966430664,33.12245178222656,4200,0.0,0.0,0.0,-0.008154580548507595,0.4853292021958925,32.30490023295085,31.9517148965634,66.16450499841861,0.3566164614458813,0.014057445983413519,0.032275044813979026
2026-01-14,33.56999969482422,33.619998931884766,33.54899978637695,33.56700134277344,33.36098098754883,7900,0.0,0.0,0.0,0.007201418696080264,0.5325844100903219,32.35816694895426,31.99139156192453,68.8899499597135,0.3901052488835859,0.02560424238065817,0.04446452276996071
2026-01-15,33.83000183105469,33.880001068115234,33.720001220703125,33.7599983215332,33.552791595458984,62100,0.0,0.0,0.0,0.005749604404306385,0.5826020671486194,32.42086690266927,32.0347595386536,70.91857368110146,0.4272930293824686,0.03065080555723454,0.035741587887719195
2026-01-16,33.77000045776367,33.82899856567383,33.70000076293945,33.75699996948242,33.54981231689453,2700,0.0,0.0,0.0,-8.881374999558656e-05,0.6214629857390845,32.48393357594808,32.076919698220024,70.8412871117232,0.45132013383329905,0.011566977484128715,0.04995175715028788
2026-01-20,33.18000030517578,33.18000030517578,32.88999938964844,32.946998596191406,32.744781494140625,3500,0.0,0.0,0.0,-0.02399506395779505,0.624565155865698,32.50900020599365,32.098184215460016,53.787727366658814,0.4003860447634864,-0.019463798977805147,0.035580639419509064
2026-01-21,33.02000045776367,33.2140007019043,33.02000045776367,33.2140007019043,33.01014709472656,2900,0.0,0.0,0.0,0.008103988742202306,0.6354833999788538,32.54113356272379,32.125410944458324,57.425933892982385,0.3772169287712046,-0.003390613122709829,0.04132182083145719
2026-01-22,33.35499954223633,33.380001068115234,33.29999923706055,33.345001220703125,33.140342712402344,4400,0.0,0.0,0.0,0.003944135485952405,0.6441831227443254,32.585100237528486,32.155123456892156,59.12620433033417,0.3652159028834703,-0.00661364176690471,0.04559281424018047
2026-01-23,33.04999923706055,33.290000915527344,33.04999923706055,33.237998962402344,33.03399658203125,4300,0.0,0.0,0.0,-0.0032089445009330086,0.6455248345029064,32.625900204976396,32.18146511870914,57.119595994441134,0.34311559244733303,-0.015462067093703347,0.04439899970429351
2026-01-26,33.41999816894531,33.45000076293945,33.262001037597656,33.262001037597656,33.05785369873047,8800,0.0,0.0,0.0,0.0007221275631683621,0.651977885089653,32.6590669631958,32.2077108770807,57.46828323608817,0.3238050806688193,-0.014663593694115629,0.035618687527027904
2026-01-27,33.56999969482422,33.86000061035156,33.56999969482422,33.62699890136719,33.42060852050781,6400,0.0,0.0,0.0,0.01097341868749746,0.6711830445091581,32.70380026499431,32.24213488107024,62.46657495422265,0.33410231463970774,0.020639218567678252,0.049073376331883134
2026-01-28,33.119998931884766,33.13999938964844,32.970001220703125,33.04999923706055,32.84715270996094,29000,0.0,0.0,0.0,-0.017158821279266157,0.6653003810793677,32.73420022328695,32.26170148554466,52.05250996433309,0.2923340510580843,-0.004937720882096208,0.031362182104574865
2026-01-29,33.529998779296875,33.529998779296875,32.9900016784668,33.50699996948242,33.30134582519531,5800,0.0,0.0,0.0,0.013827556519560247,0.6794072385071084,32.76460018157959,32.291821245709166,58.02179686942642,0.2927340847294033,0.004858261893801119,0.04441740553981255
2026-01-30,33.66999816894531,33.66999816894531,33.47999954223633,33.64699935913086,33.440486907958984,2000,0.0,0.0,0.0,0.004178213202493453,0.6876686157732067,32.81446679433187,32.32455455674446,59.67792296401021,0.3008795429369542,0.012305205171682099,0.048748532465769046
2026-02-02,33.33000183105469,33.6349983215332,33.310001373291016,33.60300064086914,33.396759033203125,3400,0.0,0.0,0.0,-0.0013076565250915717,0.6754320108575199,32.874066797892254,32.35539393347662,58.89156334263608,0.3003226162247046,0.01025192690259491,0.05022503864205086
2026-02-03,33.93000030517578,34.04999923706055,33.775001525878906,34.04999923706055,33.84101486206055,3300,0.0,0.0,0.0,0.013302341685752728,0.6823283867886561,32.9458667755127,32.39621977106083,64.07121813058532,0.3321218053488977,0.012579187840523032,0.057026601511407815
2026-02-04,34.54399871826172,34.619998931884766,34.29999923706055,34.361000061035156,34.15010452270508,16100,0.0,0.0,0.0,0.009133651422702949,0.6994600245895191,33.02820008595784,32.44349539877223,67.17058549811415,0.37806001862253424,0.03966719679994801,0.046124318293892186
2026-02-05,34.0099983215332,34.189998626708984,34.0099983215332,34.025001525878906,33.81616973876953,2200,0.0,0.0,0.0,-0.009778485333937326,0.6841223047654441,33.10153344472249,32.481502436501586,61.043800310135055,0.3829398180281913,0.015459502696996807,0.03529590105489455
2026-02-06,35.2599983215332,35.400001525878906,35.2599983215332,35.314998626708984,35.09824752807617,2200,0.0,0.0,0.0,0.037913212137519636,0.7693273665178113,33.20810006459554,32.549516440359085,71.71201178149148,0.48530478779367314,0.0495734924168052,0.07901245158490777
2026-02-09,35.68000030517578,36.209999084472656,35.650001525878906,36.047000885009766,35.82575988769531,6900,0.0,0.0,0.0,0.020727800842873734,0.897506466840349,33.341200065612796,32.633370960650076,75.76732785624009,0.6183680663314348,0.07273160722343786,0.10047015246327828
2026-02-10,36.869998931884766,36.900001525878906,36.75,36.77799987792969,36.552268981933594,18100,0.0,0.0,0.0,0.020279051654028546,1.0626051477874798,33.49896678924561,32.73262848063324,79.00431991862061,0.7738863031813423,0.0801174949190584,0.10209468282318479
2026-02-11,36.97999954223633,37.21900177001953,36.880001068115234,37.097999572753906,36.87030792236328,6600,0.0,0.0,0.0,0.00870084550237471,1.2155789121946676,33.66616675059001,32.83705668569563,80.2481621779416,0.9124388996943864,0.07965424483737493,0.1040742136309829
2026-02-12,37.150001525878906,37.150001525878906,36.75,36.84299850463867,36.61687088012695,6100,0.0,0.0,0.0,-0.006873714783869778,1.3088810893255856,33.82483336130778,32.93278307183967,76.36566951562187,0.9902513741533099,0.0828213623037295,0.10550001127457276
2026-02-13,36.72999954223633,36.875999450683594,36.72999954223633,36.83399963378906,36.60792541503906,1500,0.0,0.0,0.0,-0.0002442491440667327,1.3722893633299325,33.98610000610351,33.02590858586197,76.22551515342164,1.0392127889561635,0.04301291423330955,0.09732767778850082
2026-02-17,35.95000076293945,36.279998779296875,35.94499969482422,36.180999755859375,35.95893478393555,6300,0.0,0.0,0.0,-0.017728182777377977,1.3866486115276642,34.1183666229248,33.10114586319624,66.66432979831498,1.013638832639721,0.0037173375748253967,0.07171213135937804
2026-02-18,36.13999938964844,36.2599983215332,36.04999923706055,36.07699966430664,35.85557174682617,14900,0.0,0.0,0.0,-0.002874439408930174,1.4097002197432456,34.22606658935547,33.17203765416726,65.26033349862882,0.9737545138902703,-0.019060313664412076,0.06872647738014592
2026-02-19,35.96500015258789,36.02000045776367,35.939998626708984,36.02000045776367,35.79892349243164,1000,0.0,0.0,0.0,-0.001579932008574425,1.4222891581552262,34.331233215332034,33.23981620353395,64.45906837076696,0.9268622532211381,-0.029058146730422507,0.09327107149382341
2026-02-20,35.974998474121094,36.11000061035156,35.904998779296875,36.11000061035156,35.888370513916016,2400,0.0,0.0,0.0,0.002498616086732852,1.4249030297131138,34.44393323262533,33.30805816484592,65.18591217507597,0.8867402691059496,-0.019895174769632873,0.08719214329038127
2026-02-23,36.290000915527344,36.290000915527344,36.029998779296875,36.047000885009766,35.82575988769531,7500,0.0,0.0,0.0,-0.0017446614310977493,1.4171340304783127,34.553633244832355,33.373118797871186,64.19621618713747,0.8401747448390751,-0.02136609536308287,0.08103162589266999
2026-02-24,35.59000015258789,35.970001220703125,35.59000015258789,35.91899871826172,35.698543548583984,9200,0.0,0.0,0.0,-0.0035509796544898053,1.4201625018490414,34.63856658935547,33.43353821536264,62.13213080162969,0.783906144207478,-0.007241398506552477,0.08066068474495203
2026-02-25,35.88999938964844,36.09000015258789,35.88999938964844,36.06800079345703,35.84663009643555,1400,0.0,0.0,0.0,0.004148280311598862,1.4294061494990944,34.72079989115397,33.49600416493751,63.59932416616403,0.7427738603184366,-0.000249435123024222,0.08436052156596396
2026-02-26,36.27000045776367,36.27000045776367,36.11000061035156,36.19200134277344,35.96986770629883,1200,0.0,0.0,0.0,0.0034379656922625124,1.428780563794719,34.81629994710286,33.55987353301954,64.82089117421035,0.7119748343073269,0.0047751494398633465,0.07627806599482079
2026-02-27,36.279998779296875,36.279998779296875,36.095001220703125,36.11000061035156,35.888370513916016,6800,0.0,0.0,0.0,-0.002265714229098492,1.427541363359856,34.901066589355466,33.620235840956475,63.3078722131571,0.6731895009794187,0.0,0.09258703309922289
2026-03-02,34.96099853515625,35.27000045776367,34.96099853515625,35.17399978637695,34.95811462402344,6600,0.0,0.0,0.0,-0.025920819943334172,1.4118240225127967,34.94819997151693,33.65698341013492,49.19302743002566,0.5604637239412895,-0.02421841144059922,0.049750792921264386
2026-03-03,33.25,33.88999938964844,32.86000061035156,33.779998779296875,33.572669982910156,35700,0.0,0.0,0.0,-0.03963157490038938,1.4111609795377844,34.948966598510744,33.65989045031592,36.23545492628807,0.3545563969341927,-0.05955065606762988,0.003952786955723653
2026-03-04,34.0,34.4370002746582,33.93000030517578,34.4370002746582,34.22563934326172,6800,0.0,0.0,0.0,0.019449423300867297,1.3636931868670221,34.9986333211263,33.6782402131971,43.75500618552601,0.24160283954225292,-0.04522015312516858,0.02481920119879777
2026-03-05,33.7599983215332,33.7599983215332,33.150001525878906,33.46699905395508,33.261592864990234,5700,0.0,0.0,0.0,-0.028167413333528346,1.3530166865265905,35.007066599527995,33.67325606317043,36.84629430414677,0.07297413919854989,-0.07529294285248112,-0.017121885350027344
2026-03-06,33.040000915527344,33.18000030517578,32.709999084472656,33.16299819946289,32.95945739746094,16800,0.0,0.0,0.0,-0.009083600653948087,1.361110008946824,35.00099983215332,33.66122581211107,34.982054197464535,-0.0842247584569904,-0.08161180728542727,-0.03486516281377916
2026-03-09,32.79999923706055,33.45000076293945,32.54100036621094,33.45000076293945,33.24469757080078,4800,0.0,0.0,0.0,0.008654300849107566,1.3521620123850702,35.00806655883789,33.656249466388346,38.16297093371346,-0.1835316702635481,-0.04901344839676758,-0.016899360386570916
2026-03-10,33.63999938964844,34.16999816894531,33.55500030517578,33.70199966430664,33.49515151977539,6400,0.0,0.0,0.0,0.007533599271136282,1.3348451254585922,35.02273317972819,33.657326540965975,40.897138456347726,-0.23914222532755502,-0.0023090324987826705,-0.04567461489811364
2026-03-11,33.31999969482422,33.388999938964844,33.28900146484375,33.28900146484375,33.084686279296875,500,0.0,0.0,0.0,-0.01225441230718105,1.3483895524264433,35.011466598510744,33.64866133062827,37.93661013470605,-0.31293220631403784,-0.033336202359624534,-0.07651120349690277
2026-03-12,32.94499969482422,32.94499969482422,32.59000015258789,32.709999084472656,32.509239196777344,70000,0.0,0.0,0.0,-0.01739320360758112,1.3667482468661234,35.00013326009115,33.626593513896886,34.19890239170981,-0.413366914565934,-0.022619296348082907,-0.11060962550870579
2026-03-13,32.7599983215332,32.7599983215332,32.29999923706055,32.332000732421875,32.13356018066406,3800,0.0,0.0,0.0,-0.011556048995128743,1.426540132352424,34.96096661885579,33.596178193594795,31.983431173699614,-0.5174980569261365,-0.02505797159963885,-0.1284705077152556
2026-03-16,32.845001220703125,32.97800064086914,32.84000015258789,32.97800064086914,32.77559280395508,2300,0.0,0.0,0.0,0.01998020208503437,1.452776309934962,34.938666661580406,33.581664148459545,39.229075644223336,-0.5416521152874623,-0.014110616182504199,-0.10490454144992878
2026-03-17,32.95000076293945,33.189998626708984,32.900001525878906,32.974998474121094,32.77260971069336,19700,0.0,0.0,0.0,-9.103543846522566e-05,1.4770083230224271,34.91773325602214,33.5674294801555,39.20817181106249,-0.5546430504930555,-0.02157145562361107,-0.10476736705312817
2026-03-18,32.959999084472656,32.97999954223633,32.66400146484375,32.66400146484375,32.463523864746094,6500,0.0,0.0,0.0,-0.009431297154461338,1.5259521128067268,34.87153333028157,33.546244860176465,37.00817710903351,-0.5833092933401502,-0.018774969884874926,-0.09720566912875483
2026-03-19,32.2400016784668,32.630001068115234,32.150001525878906,32.62300109863281,32.42277526855469,23600,0.0,0.0,0.0,-0.0012552156616533194,1.5781037358438557,34.81360003153483,33.524608756743,36.715685848493166,-0.6023918855438453,-0.0026596755816218343,-0.09573962906596967
2026-03-20,32.5,32.5,31.450000762939453,31.485000610351562,31.291757583618164,35900,0.0,0.0,0.0,-0.03488337829007837,1.6862993930463064,34.728933334350586,33.47683920740914,29.6994653710899,-0.7012584353606997,-0.02619695975761127,-0.12590227067680804
2026-03-23,32.58000183105469,32.779998779296875,32.25,32.52199935913086,32.322391510009766,26900,0.0,0.0,0.0,0.03293627850330605,1.7293772102747327,34.63583335876465,33.45448893981382,40.801073242743996,-0.6880028869059203,-0.013827438682658233,-0.09936309029560475
2026-03-24,32.56999969482422,32.689998626708984,32.38999938964844,32.57500076293945,32.37506866455078,3500,0.0,0.0,0.0,0.001629709269203028,1.7477614408191162,34.5201000213623,33.433914127340444,41.31119790956139,-0.6655489647425838,-0.012130332970160973,-0.09631869605868248
2026-03-25,33.209999084472656,33.209999084472656,33.0890007019043,33.0890007019043,32.88591384887695,3000,0.0,0.0,0.0,0.015778969360750406,1.7128494230534848,34.397133382161456,33.42584966482074,46.156861253181624,-0.5993694127628046,0.013011242285118518,-0.07878833256336326
2026-03-26,32.939998626708984,32.939998626708984,32.347999572753906,32.347999572753906,32.14945983886719,19900,0.0,0.0,0.0,-0.02239418276260441,1.6736696115651597,34.238800048828125,33.400661950250104,40.912479697993554,-0.5998001169528919,-0.00842968202243144,-0.10313854771174225
2026-03-27,32.08000183105469,32.11000061035156,31.65999984741211,31.742000579833984,31.54718017578125,8400,0.0,0.0,0.0,-0.018733739363294144,1.6590270076901874,34.06876678466797,33.361922032871625,37.19086032468217,-0.6416440342925469,0.008162615991753386,-0.12295536576697208
2026-03-30,32.154998779296875,32.154998779296875,31.764999389648438,31.815000534057617,31.619731903076172,6400,0.0,0.0,0.0,0.002299790589444184,1.6232366449407873,33.90146681467692,33.325810564137754,37.92341382050192,-0.6612921893152688,-0.02173909473602964,-0.11894212139843352
2026-03-31,32.38999938964844,32.92300033569336,32.33000183105469,32.92300033569336,32.72093200683594,39900,0.0,0.0,0.0,0.03482633295729909,1.5736989865236204,33.79286683400472,33.31641206481995,47.862923363289546,-0.5807625010764781,0.010683025774471444,-0.06399611827925855
2026-04-01,33.72999954223633,33.790000915527344,33.59000015258789,33.6609992980957,33.454402923583984,2600,0.0,0.0,0.0,0.022415908479709312,1.5134441672444894,33.71233348846435,33.32444813016439,53.23407496590215,-0.45217935230942174,0.017286668804068483,-0.0035227793221267456
2026-04-02,32.65999984741211,33.22999954223633,32.65999984741211,33.220001220703125,33.016109466552734,14100,0.0,0.0,0.0,-0.01310115821242197,1.451284985956149,33.61900018056234,33.32201351060899,49.92430085722722,-0.38146386184450165,0.026956895618475585,-0.03533986828843083
2026-04-06,33.084999084472656,33.21500015258789,33.084999084472656,33.21500015258789,33.011138916015625,300,0.0,0.0,0.0,-0.00015054388716029266,1.3741377295879331,33.52250016530355,33.319520238923204,49.88642157404476,-0.3221117666365103,0.046405379177320016,-0.007529772865529916
2026-04-07,33.33000183105469,33.33000183105469,33.15700149536133,33.15700149536133,32.953495025634766,600,0.0,0.0,0.0,-0.001746158571733214,1.2897669219352115,33.42616685231527,33.31573550006362,49.41813045209057,-0.2765667214900702,0.04218139050059455,-0.00018082514932737936
2026-04-08,34.59700012207031,34.709999084472656,34.529998779296875,34.63999938964844,34.427391052246094,1100,0.0,0.0,0.0,0.044726538209270306,1.2239860464518044,33.383533541361494,33.34656116737706,59.80743682893568,-0.11942969772577072,0.05215196174249037,0.035575443933245854
2026-04-09,33.68000030517578,34.17499923706055,33.68000030517578,34.099998474121094,33.89070510864258,11200,0.0,0.0,0.0,-0.015588941254101596,1.1237862400026055,33.31793346405029,33.364091698928114,55.34940392339984,-0.038032618833121035,0.01304177490803804,0.011809352969520237
2026-04-10,34.04999923706055,34.064998626708984,33.95500183105469,34.05400085449219,33.84498977661133,1100,0.0,0.0,0.0,-0.001348903861793871,0.9957345358767109,33.246666781107585,33.380137237757104,54.973508464354225,0.02250411570022237,0.025105346271610207,0.022980544804155345
2026-04-13,34.099998474121094,34.18299865722656,34.099998474121094,34.18299865722656,33.97319793701172,600,0.0,0.0,0.0,0.0037880366329221538,0.8571683452827685,33.182433382670084,33.3988019687358,55.87848268710209,0.07996714706897023,0.029143414125899048,0.045032088473922816
2026-04-14,34.45500183105469,34.529998779296875,34.45500183105469,34.46200180053711,34.25048828125,4500,0.0,0.0,0.0,0.008162044123404044,0.8086056570629081,33.15870011647542,33.42350891132681,57.851633650198615,0.14633339507701493,0.039358212332871956,0.06587903686329288
2026-04-15,34.4900016784668,34.63999938964844,34.41999816894531,34.55699920654297,34.34490203857422,30100,0.0,0.0,0.0,0.0027565840938577058,0.840987804764559,33.18460013071696,33.44983879784976,58.53164169535534,0.2042402668435983,-0.002396079231175463,0.04788036069466872
2026-04-16,34.65999984741211,34.72999954223633,34.56999969482422,34.638999938964844,34.42639923095703,14300,0.0,0.0,0.0,0.002372912414407402,0.8520961314148698,33.19133345286051,33.47745112313059,59.14438103932681,0.2538227431292057,0.015806495277494115,0.05046251832732196
2026-04-17,34.88999938964844,35.380001068115234,34.88999938964844,35.194000244140625,34.97799301147461,46500,0.0,0.0,0.0,0.016022411332709208,0.9264547122359067,33.24890015920003,33.51729425963986,63.1167392759918,0.33405037432847706,0.03347622485003998,0.07745526162861305
2026-04-20,34.810001373291016,34.849998474121094,34.77000045776367,34.82400131225586,34.61026382446289,2000,0.0,0.0,0.0,-0.010513125229246079,0.9697641341130135,33.304266929626465,33.54761322378355,58.998340991733286,0.3635843543561563,0.018752089641316028,0.06746774176197068
2026-04-21,34.38999938964844,34.38999938964844,33.970001220703125,33.970001220703125,33.761505126953125,2400,0.0,0.0,0.0,-0.0245233189573818,0.9770783726990008,33.32160027821859,33.55741015980515,50.76476822766957,0.31445473762313725,-0.014276610589298855,0.07892649077905856
2026-04-22,34.06999969482422,34.15599822998047,34.06999969482422,34.15599822998047,33.94636154174805,200,0.0,0.0,0.0,0.005475331250915261,0.9866423032888525,33.33673356374105,33.57128899410412,52.32528820168234,0.2872167111493269,-0.011604045078270953,0.05024287876049205
2026-04-23,34.150001525878906,34.150001525878906,33.869998931884766,33.96099853515625,33.752559661865234,2300,0.0,0.0,0.0,-0.005709090787253235,0.9931281775983615,33.3591334660848,33.58032165625745,50.517498788031105,0.24704772089299354,-0.019573353878670208,0.0425478968459041
2026-04-24,34.060001373291016,34.13999938964844,34.01499938964844,34.01499938964844,33.80622863769531,13300,0.0,0.0,0.0,0.0015900844151059967,0.9922948128872644,33.40263347625732,33.59039318502262,51.022145387575144,0.21706869161013742,-0.03350005246102927,0.027985090758296804
2026-04-27,34.57500076293945,34.57500076293945,34.39799880981445,34.39799880981445,34.1868782043457,10000,0.0,0.0,0.0,0.011259721506347242,0.9871072380228267,33.471500078837074,33.609099317825155,54.56163446162906,0.2216597911697491,-0.012233014196777026,0.06337329244888523
2026-04-28,34.54999923706055,34.54999923706055,34.46500015258789,34.46500015258789,34.25346755981445,1300,0.0,0.0,0.0,0.001947826765850147,0.9987377446953315,33.521066729227705,33.62891769648178,55.17195875165746,0.22807560544858063,0.014571648928381142,0.08578537971812206
2026-04-29,34.25,34.25,34.02000045776367,34.12200164794922,33.912574768066406,12100,0.0,0.0,0.0,-0.009952081912668054,0.9990670433989618,33.55930016835531,33.640331457492785,51.368096105454086,0.2031413842947316,-0.0009953327026879233,0.07251299937656719
2026-04-30,34.79999923706055,35.040000915527344,34.79999923706055,34.99800109863281,34.78319549560547,5300,0.0,0.0,0.0,0.025672569262543243,1.017648222097819,33.63710015614827,33.67174872532123,59.1200783460519,0.2511713223706735,0.030535102270419445,0.06302587072205101
2026-05-01,34.75,34.869998931884766,34.75,34.816001892089844,34.60231399536133,400,0.0,0.0,0.0,-0.005200274325097953,1.0210497168275605,33.71020018259684,33.69821945555167,57.084173126838465,0.27142080926012113,0.02354850850549095,0.034312783876843556
2026-05-04,34.939998626708984,35.02000045776367,34.63999938964844,34.72800064086914,34.514854431152344,10300,0.0,0.0,0.0,-0.0025276093301423996,0.9462734447096348,33.81830018361409,33.72203504099725,56.07857703744793,0.2771726343979495,0.009593634585525201,0.045394321636153645
2026-05-05,34.900001525878906,35.073001861572266,34.900001525878906,35.073001861572266,34.85773849487305,2200,0.0,0.0,0.0,0.009934381891744115,0.9403691415117034,33.90333360036214,33.75326967709037,59.11907712646964,0.3060418525033626,0.017641134666837477,0.055938633161186635
2026-05-06,35.83000183105469,35.95899963378906,35.83000183105469,35.95899963378906,35.73829650878906,900,0.0,0.0,0.0,0.02526153238076656,0.9777544525624011,34.016133562723795,33.80425233185211,65.68821798399713,0.3958504143012149,0.05383617305903998,0.08450698229813502
2026-05-07,36.029998779296875,36.14500045776367,35.880001068115234,35.900001525878906,35.67966079711914,1000,0.0,0.0,0.0,-0.0016407049281403907,1.019636541434732,34.109833590189616,33.85267966589378,64.93989411750411,0.45699573001551386,0.025772912707329843,0.03637419625957028
2026-05-08,36.45000076293945,36.470001220703125,36.40999984741211,36.4640007019043,36.24020004272461,7500,0.0,0.0,0.0,0.015710282787002816,1.0508359528996194,34.24703362782796,33.91300439993959,68.62015024955831,0.544685062864751,0.04733452206609856,0.0693255816294911
2026-05-11,36.619998931884766,36.689998626708984,36.599998474121094,36.599998474121094,36.375362396240234,1400,0.0,0.0,0.0,0.003729644844201019,1.0255025906971968,34.408966890970866,33.97506106517346,69.45282217633596,0.6180291195717302,0.05390456688280865,0.07476353896000609
2026-05-12,36.56999969482422,36.79999923706055,36.41999816894531,36.638999938964844,36.41412353515625,7600,0.0,0.0,0.0,0.0010656138379712132,0.9820228641906446,34.56976687113444,34.03656957092388,69.70112597318709,0.671560572938553,0.0446496733747892,0.07184862002207826
2026-05-13,36.70000076293945,36.91999816894531,36.70000076293945,36.86600112915039,36.639732360839844,3800,0.0,0.0,0.0,0.00619561643504718,1.0172530314788346,34.70120023091634,34.10188290718397,71.17001370011198,0.7239564154152447,0.025223212675501205,0.06975797118598637
2026-05-14,36.630001068115234,36.650001525878906,36.564998626708984,36.564998626708984,36.340576171875,4100,0.0,0.0,0.0,-0.008164772235180084,1.052418029915285,34.798000208536784,34.158726529288685,66.56198641278681,0.7327454779539053,0.018523595336081167,0.058106880408349326
2026-05-15,36.09000015258789,36.369998931884766,36.029998779296875,36.137001037597656,35.91520690917969,39300,0.0,0.0,0.0,-0.011705117056908576,1.0362255845121464,34.8952335357666,34.20437015916932,60.557928112183134,0.6971388619744161,-0.008967739633944372,0.04324608393060836
2026-05-18,36.130001068115234,36.1349983215332,35.970001220703125,36.125999450683594,35.904273986816406,1000,0.0,0.0,0.0,-0.00030444106035854013,1.009408789344721,34.99226684570313,34.24869654334904,60.407092027465936,0.6604197187383747,-0.012950793530023041,0.026481763939242287
2026-05-19,36.0359992980957,36.0359992980957,36.0359992980957,36.0359992980957,35.814823150634766,300,0.0,0.0,0.0,-0.0024912847798370663,0.9647791945094749,35.088233439127606,34.28991504726961,59.11000874673092,0.6169455092303195,-0.016457890277399745,0.03480352458559377
2026-05-20,35.720001220703125,36.279998779296875,35.70000076293945,36.26100158691406,36.03844451904297,13600,0.0,0.0,0.0,0.006243819880145551,0.9840109865022624,35.142266845703126,34.33536186400977,61.34469914612665,0.5938027013536171,-0.016410772085555747,0.0674418688220324
2026-05-21,36.15999984741211,36.47999954223633,36.02000045776367,36.37699890136719,36.15373229980469,6200,0.0,0.0,0.0,0.003198955058510755,0.9886505353639221,35.21816685994466,34.38242514606605,62.48304342243872,0.5781572364908811,-0.005141521465953813,0.06502520161853242
2026-05-22,36.61000061035156,36.61000061035156,36.542999267578125,36.542999267578125,36.3187141418457,9600,0.0,0.0,0.0,0.004563333183724927,0.9920174706685811,35.301133473714195,34.4322195928193,64.11182102049818,0.5725529016495514,0.011234972972938628,0.07602841034691599
2026-05-26,37.16999816894531,37.16999816894531,37.0099983215332,37.071998596191406,36.84446334838867,5400,0.0,0.0,0.0,0.014476078570885731,1.019573750138259,35.39743347167969,34.493045626350025,68.76552873978414,0.6038365982683729,0.026186103080669598,0.08987209352922365
2026-05-27,36.810001373291016,36.810001373291016,36.74700164794922,36.74700164794922,36.521461486816406,1000,0.0,0.0,0.0,-0.008766642224559695,1.0325503973354881,35.47360013326009,34.54497099869892,63.33202579450939,0.5955396057507727,0.019730335323074888,0.0682889388746808
2026-05-28,37.04999923706055,37.09000015258789,37.04999923706055,37.084999084472656,36.85738754272461,400,0.0,0.0,0.0,0.009197959598488792,1.0580084181993887,35.55786679585775,34.60347518941099,66.31320208338147,0.6092150953727398,0.022724068875581205,0.07601911853431509
2026-05-29,37.099998474121094,37.14500045776367,37.099998474121094,37.14500045776367,36.91701889038086,400,0.0,0.0,0.0,0.0016179418841117954,1.081624176500063,35.64140014648437,34.66200257699219,66.8287804044694,0.6177733224858457,0.021112284674138504,0.08859382989907738
2026-06-01,37.029998779296875,37.14500045776367,36.97999954223633,37.10200119018555,36.87428283691406,1800,0.0,0.0,0.0,-0.0011576057894255865,1.110129764586424,35.705000178019205,34.718181377948724,66.04862122328433,0.6140081933518644,0.015297100232913419,0.06011772174139751
2026-06-02,37.0099983215332,37.220001220703125,37.0099983215332,37.19200134277344,36.96372985839844,8000,0.0,0.0,0.0,0.0024257492776884604,1.129347600146662,35.78393351236979,34.7751284026639,66.91911110996034,0.6112405608367908,0.0032370185349099856,0.06824446580764398
2026-06-03,37.45000076293945,37.45000076293945,37.34000015258789,37.382999420166016,37.15355682373047,1700,0.0,0.0,0.0,0.0051354611340292955,1.1120923158751435,35.89770011901855,34.83515047123109,68.75025799876909,0.6173427972527392,0.017307473907936854,0.07645124194602726
2026-06-04,37.33000183105469,37.52000045776367,37.33000183105469,37.487998962402344,37.257911682128906,1200,0.0,0.0,0.0,0.0028087511399550458,1.0984500192165454,36.00876681009928,34.89619700332594,69.74184660187264,0.6234645380162505,0.01086692430574776,0.06885629893790379
2026-06-05,37.2400016784668,37.2400016784668,36.47100067138672,36.47100067138672,36.247154235839844,7600,0.0,0.0,0.0,-0.027128636341342105,1.0305921036764885,36.092433547973634,34.932429680400894,52.39884376551433,0.5400276958779742,-0.018145101038384293,0.014238467221333595
2026-06-08,36.83000183105469,36.880001068115234,36.72999954223633,36.74599838256836,36.52046585083008,3500,0.0,0.0,0.0,0.007540174552912449,0.9588837781776391,36.18346684773763,34.97414880511919,55.61309111165342,0.4904399281900709,-0.009595245436824551,0.02356537105101819
2026-06-09,36.9900016784668,37.0099983215332,36.13999938964844,36.48699951171875,36.263057708740234,7400,0.0,0.0,0.0,-0.007048355800627126,0.8987166469584619,36.25310020446777,35.008944546460306,52.04839425913333,0.42533917545296873,-0.018955737943682105,0.0006307264527134482
2026-06-10,36.29999923706055,36.33000183105469,35.93000030517578,35.95399856567383,35.73332595825195,1600,0.0,0.0,0.0,-0.014607968678645,0.8354497622709335,36.302733484903975,35.03067741918889,45.57428239245718,0.3269685481202913,-0.03822595502385828,-0.01765027145845477
2026-06-11,36.209999084472656,36.78200149536133,36.08000183105469,36.78200149536133,36.55624771118164,7100,0.0,0.0,0.0,0.02302950889245503,0.7306012174193292,36.39140014648437,35.07094533035231,54.94913725580681,0.3122229222578454,-0.018832626082525228,0.003902987435101979
2026-06-12,36.869998931884766,37.06999969482422,36.869998931884766,36.95000076293945,36.72321701049805,15600,0.0,0.0,0.0,0.004567431372632491,0.6879010975535383,36.45646680196126,35.114143546954885,56.58323506404921,0.3105136364771681,0.013133724952288928,0.0022785122122357393
2026-06-15,37.65999984741211,37.65999984741211,37.553001403808594,37.553001403808594,37.32251739501953,1000,0.0,0.0,0.0,0.016319367480878144,0.6428542803921377,36.54770011901856,35.17020287428797,61.922035944966716,0.35373845074708754,0.02196165723511978,0.027020451639725218
2026-06-16,37.54499816894531,37.54499816894531,37.380001068115234,37.39500045776367,37.16548538208008,8200,0.0,0.0,0.0,-0.004207411928168758,0.5618351259735221,36.63660011291504,35.22133437679411,59.845477325070995,0.37096877448492904,0.02488560194579148,0.03481194853045966
2026-06-17,37.810001373291016,37.900001525878906,37.4739990234375,37.4739990234375,37.24399948120117,4400,0.0,0.0,0.0,0.0021125435140201265,0.4989070958796198,36.71663335164388,35.27309895827194,60.557683257523664,0.3865426313761944,0.04227625628307319,0.037313834724326256
2026-06-18,37.79999923706055,37.84000015258789,37.689998626708984,37.75299835205078,37.75299835205078,700,0.23,0.0,0.0,0.0074451442569229975,0.5123005225311776,36.77643330891927,35.330077294204585,63.05027399512372,0.41659568357210475,0.026398695481862466,0.04764677232208214
2026-06-22,37.38999938964844,37.86000061035156,37.38999938964844,37.6349983215332,37.6349983215332,13500,0.0,0.0,0.0,-0.0031255803689342887,0.5078610889375983,36.83426653544108,35.3830281121584,61.28620749583057,0.4259808851820637,0.018538499173206935,0.037891858318524596
2026-06-23,36.459999084472656,36.650001525878906,36.459999084472656,36.53200149536133,36.53200149536133,20200,0.0,0.0,0.0,-0.029307742138008464,0.5063008821288459,36.83653322855631,35.40941990373361,47.818328832029614,0.3404911295387478,-0.027188237165610807,0.0042610055440366335
2026-06-24,36.47999954223633,36.54999923706055,36.30500030517578,36.40800094604492,36.40800094604492,4500,0.0,0.0,0.0,-0.0033942993605797778,0.5105892259769365,36.83013331095378,35.43235422166511,46.579072035001154,0.2597399537526357,-0.02639388954770927,-0.003694232116655427
2026-06-25,36.650001525878906,36.68000030517578,36.46099853515625,36.46099853515625,36.46099853515625,5200,0.0,0.0,0.0,0.0014556577602233833,0.5139103551120826,36.82419993082682,35.455976002926164,47.20878947912978,0.19774109147036967,-0.027032089306713303,-0.016481443789705175
2026-06-26,36.630001068115234,36.689998626708984,36.54899978637695,36.54899978637695,36.54899978637695,900,0.0,0.0,0.0,0.0024135721663203213,0.516274781730141,36.81363321940104,35.48107308283175,48.298607422168615,0.1539330673697279,-0.03189146871054882,-0.005388245372212941
2026-06-29,36.59000015258789,36.680999755859375,36.400001525878906,36.680999755859375,36.680999755859375,8700,0.0,0.0,0.0,0.0036115891065129357,0.5147806292127337,36.81749992370605,35.508621439178604,49.96707545286729,0.12838623047045417,-0.025348707538748294,-0.010893874574273155
2026-06-30,36.4900016784668,36.650001525878906,36.4900016784668,36.60100173950195,36.60100173950195,5000,0.0,0.0,0.0,-0.0021809115588417027,0.50039949436599,36.83296661376953,35.53369773908128,48.93636326644512,0.10052620332746187,0.001888761669666117,-0.014645274237653605
2026-07-01,36.9900016784668,37.08000183105469,36.88600158691406,36.88600158691406,36.88600158691406,20700,0.0,0.0,0.0,0.007786667956263038,0.4822843152738546,36.858300018310544,35.5647371642505,52.68123521021959,0.10028797953801671,0.013128999902453309,-0.005821777703155839
2026-07-02,37.540000915527344,37.630001068115234,37.040000915527344,37.268001556396484,37.268001556396484,8300,0.0,0.0,0.0,0.010356231444124342,0.46187135166007637,36.899366760253905,35.60382776962421,57.21085946076688,0.12943138604872928,0.02213332200603646,0.002043455874358724
2026-07-06,37.81999969482422,38.069000244140625,37.81999969482422,38.069000244140625,38.069000244140625,1300,0.0,0.0,0.0,0.02149293373115313,0.4926354054945388,36.959633382161456,35.66039822925422,64.81628662675523,0.2146868689635113,0.041588017911511344,0.01835060949134415
2026-07-07,37.7400016784668,37.7400016784668,37.349998474121094,37.38800048828125,37.38800048828125,2300,0.0,0.0,0.0,-0.017888564225276515,0.4859389869496988,36.993333435058595,35.70003874801171,55.74451651235076,0.22471113438130885,0.01927430378472539,-0.002667479643855719
2026-07-08,36.849998474121094,37.09000015258789,36.630001068115234,37.08100128173828,37.08100128173828,6900,0.0,0.0,0.0,-0.008211169426917908,0.4786187329885637,37.0112668355306,35.73172214252611,52.19773429396233,0.20551412774076283,0.013114382651398415,0.0167256340413533
2026-07-09,37.27000045776367,37.310001373291016,37.27000045776367,37.305999755859375,37.305999755859375,4800,0.0,0.0,0.0,0.006067756164715554,0.48154044428348963,37.0190668741862,35.76783704292774,54.48348255782371,0.20608029280707285,0.011386383746573303,0.015239792030162125
2026-07-10,37.70000076293945,37.84000015258789,37.70000076293945,37.84000015258789,37.84000015258789,800,0.0,0.0,0.0,0.014314062087148471,0.5011932389680096,37.05550015767415,35.815368962969714,59.44048731411421,0.24677369830680362,0.01534824976664817,0.03708171839217944
2026-07-13,37.45000076293945,37.4900016784668,37.39400100708008,37.39400100708008,37.39400100708008,600,0.0,0.0,0.0,-0.011786446715363219,0.5049812259941651,37.065800221761066,35.85157655594295,54.137443853666745,0.24026548077113574,-0.017730942045541043,0.040051246004694896
2026-07-14,38.04999923706055,38.11000061035156,37.75299835205078,37.75299835205078,37.75299835205078,2500,0.0,0.0,0.0,0.009600399403709936,0.5202393900059605,37.086066818237306,35.89518348541458,57.429684604792186,0.2610663466223784,0.009762433374417512,0.026398695481862466
2026-07-15,37.75,37.75,37.54999923706055,37.62799835205078,37.62799835205078,3500,0.0,0.0,0.0,-0.003310995297230779,0.5295748168894658,37.103600056966144,35.93491988006007,55.924334172302494,0.264416696259417,0.014751410463716086,0.01834905480682303
2026-07-16,37.2599983215332,37.290000915527344,37.16999816894531,37.22800064086914,37.22800064086914,2500,0.0,0.0,0.0,-0.010630321268732645,0.5298227626047388,37.10480003356933,35.964569705083015,51.291186891706396,0.23211966905731884,-0.0020907927813402782,-0.008654455057924948
2026-07-17,36.525001525878906,36.630001068115234,36.492000579833984,36.5880012512207,36.5880012512207,2800,0.0,0.0,0.0,-0.017191344650022478,0.5352817921505562,37.078300094604494,35.97886346098709,44.88392018517148,0.15311640960727857,-0.03308665159404245,-0.021580403708095885
2026-07-20,36.689998626708984,36.77000045776367,36.62699890136719,36.62699890136719,36.62699890136719,700,0.0,0.0,0.0,0.0010658589923706607,0.5356394893656375,37.04960009256999,35.99372231620562,45.33205262520804,0.09258527632213287,-0.02051136773429696,-0.022602341467228282
2026-07-21,37.099998474121094,37.165000915527344,37.06999969482422,37.165000915527344,37.165000915527344,1000,0.0,0.0,0.0,0.014688673118126383,0.5246629699670686,37.07273343404134,36.02057221514239,51.2240669615119,0.08702303597392103,-0.015574853976902614,-0.015574853976902614
2026-07-22,36.970001220703125,37.04999923706055,36.970001220703125,36.98899841308594,36.98899841308594,500,0.0,0.0,0.0,-0.004735705586055072,0.5213097956759812,37.080833435058594,36.042770156174235,49.35019661348685,0.06763335418471428,-0.016982033776718697,-0.01716487145630219
2026-07-23,36.83000183105469,36.91999816894531,36.529998779296875,36.62900161743164,36.62900161743164,14800,0.0,0.0,0.0,-0.009732537000162078,0.5163530701520368,37.08556683858236,36.05620646057594,45.670078823760086,0.022953564477901978,-0.016090013246102597,0.002655209627171029
2026-07-24,37.029998779296875,37.040000915527344,36.93000030517578,36.94499969482422,36.94499969482422,5200,0.0,0.0,0.0,0.00862699127573796,0.47118963736066544,37.11860020955404,36.07657579381459,49.24773614205873,0.012894275987044068,0.009757254602466237,0.014749470853264057
2026-07-27,37.27000045776367,37.27000045776367,37.18000030517578,37.21099853515625,37.21099853515625,2400,0.0,0.0,0.0,0.007199860401387204,0.46711420360829303,37.132900110880534,36.10257242974073,52.106735710227305,0.026085404449617045,0.015944512280728018,0.020569924854823673
2026-07-28,36.52000045776367,36.805999755859375,36.5,36.68000030517578,36.68000030517578,900,0.0,0.0,0.0,-0.014269926927082954,0.4733195593070527,37.12390009562174,36.11580386341249,46.47807793752041,-0.006235768570448386,-0.01304992865341037,0.003584243606240989
2026-07-29,36.52000045776367,36.520999908447266,36.4900016784668,36.520999908447266,36.520999908447266,1600,0.0,0.0,0.0,-0.004334798129924766,0.47853117765261793,37.08950004577637,36.12508801118106,44.913567909012826,-0.04417135436713693,-0.01265237029162447,-0.004361927114229003
2026-07-30,37.0,37.689998626708984,37.0,37.689998626708984,37.689998626708984,1000,0.0,0.0,0.0,0.0320089461184585,0.48796331823121847,37.09933331807454,36.16094177979906,56.50569423195321,0.01986386909356952,0.0289660368130924,0.02975319896864259
2026-07-31,37.19499969482422,37.45000076293945,37.08000183105469,37.31700134277344,37.31700134277344,3800,0.0,0.0,0.0,-0.009896452574323589,0.4846371257990732,37.09410006205241,36.18742645413872,52.69532660126793,0.040052777997054534,0.010069066207120114,0.011684642881224505
