Date,Open,High,Low,Close,Adj Close,Volume,Dividends,Stock Splits,Capital Gains,Daily Return,30-Day Rolling STD,30-Day Rolling SMA,30-Day Rolling EWMA,RSI,MACD,5D Return,21D Return
2025-05-21,588.4400024414062,592.5800170898438,581.8200073242188,582.8599853515625,576.2540893554688,95197700,0.0,0.0,0.0,,,,582.8599853515625,,0.0,,
2025-05-22,582.6599731445312,586.6199951171875,581.4099731445312,583.0900268554688,576.4815063476562,70860400,0.0,0.0,0.0,0.00039467712604679406,,,582.9763348162385,,0.018350889200405618,,
2025-05-23,575.97998046875,581.8099975585938,575.5999755859375,579.1099853515625,572.5465087890625,76029000,0.0,0.0,0.0,-0.006825775301577575,,,581.6576624454102,42.90229935379928,-0.2849769487939966,,
2025-05-27,586.0700073242188,591.3099975585938,578.4299926757812,591.1500244140625,584.4501953125,72588500,0.0,0.0,0.0,0.02079059136787431,,,584.1136202930728,80.03668541678147,0.4410795927921072,,
2025-05-28,591.5599975585938,592.77001953125,586.989990234375,587.72998046875,581.0689086914062,68445500,0.0,0.0,0.0,-0.005785407771406903,,,584.8706946294848,66.755593964759,0.7320767440634199,,
2025-05-29,593.0599975585938,593.2000122070312,586.0700073242188,590.0499877929688,583.362548828125,69973300,0.0,0.0,0.0,0.003947403401760141,,,585.7845280331239,70.3498862381001,1.1367950195661933,0.012335728343179087,
2025-05-30,588.9299926757812,591.1300048828125,583.239990234375,589.3900146484375,582.7101440429688,90601200,0.0,0.0,0.0,-0.0011185037847383228,,,586.3359769215801,68.09446224095286,1.3882796282218806,0.010804485590233393,
2025-06-02,587.760009765625,592.7899780273438,585.0599975585938,592.7100219726562,585.9924926757812,61630500,0.0,0.0,0.0,0.005632954820585345,,,587.19863143252,72.81592731690974,1.8343347676678832,0.023484375965020732,
2025-06-03,592.3400268554688,597.0800170898438,591.8499755859375,596.0900268554688,589.3341064453125,63606200,0.0,0.0,0.0,0.005702628195088044,,,588.2802950499639,76.610738647708,2.432534086743999,0.008356596866087695,
2025-06-04,596.9600219726562,597.9500122070312,595.489990234375,595.9299926757812,589.1759643554688,57314200,0.0,0.0,0.0,-0.0002684731709600152,,,589.1272159453059,76.06928027101674,2.8607213214098692,0.013952005988347338,
2025-06-05,597.6300048828125,599.0,591.0499877929688,593.0499877929688,586.32861328125,92278700,0.0,0.0,0.0,-0.004832790626766448,,,589.5264370090587,66.90498517213666,2.9338508585287855,0.005084314993753836,
2025-06-06,598.6599731445312,600.8300170898438,596.8599853515625,599.1400146484375,592.3495483398438,66588700,0.0,0.0,0.0,0.010268994150278488,,,590.4332382810371,74.02982752232683,3.44352599022875,0.01654252660832012,
2025-06-09,599.719970703125,601.25,598.489990234375,599.6799926757812,592.8834228515625,53016400,0.0,0.0,0.0,0.0009012551559597348,,,591.2472493275735,74.55293619649485,3.8466768222009478,0.011759495275493359,
2025-06-10,600.219970703125,603.469970703125,599.0900268554688,603.0800170898438,596.2449340820312,66247000,0.0,0.0,0.0,0.005669731282665458,,,592.2251604825415,77.61097442951342,4.389925982022191,0.011726400240663404,
2025-06-11,604.1900024414062,605.0599975585938,599.27001953125,601.3599853515625,594.54443359375,73658200,0.0,0.0,0.0,-0.0028520788113346462,,,592.9375009361761,72.8419875460621,4.6283103875802,0.00911179625546299,
2025-06-12,600.010009765625,603.75,599.52001953125,603.75,596.9072875976562,64129000,0.0,0.0,0.0,0.003974349319302073,,,593.736604531506,75.12888664877778,4.952990957763745,0.01804234453633713,
2025-06-13,598.5,601.8499755859375,595.47998046875,597.0,590.2337646484375,89506000,0.0,0.0,0.0,-0.011180124223602483,,,593.9660697799804,59.81046293037953,4.612464442007081,-0.0035718105887039275,
2025-06-16,600.4000244140625,604.4500122070312,600.219970703125,602.6799926757812,595.8494873046875,79984100,0.0,0.0,0.0,0.00951422558757331,,,594.5510178702006,66.0782478865725,4.74621129477282,0.005002668150748235,
2025-06-17,600.2100219726562,601.75,596.760009765625,597.530029296875,590.7578735351562,82209400,0.0,0.0,0.0,-0.008545104270081039,,,594.7425120220156,57.34566483820875,4.386087547542388,-0.009202738667664967,
2025-06-18,598.4400024414062,601.219970703125,596.469970703125,597.4400024414062,590.6688842773438,76605000,0.0,0.0,0.0,-0.00015066498929716676,,,594.9090098431425,57.20334734930784,4.046773779361047,-0.0065185296754731725,
2025-06-20,598.3800048828125,599.4600219726562,592.8599853515625,594.280029296875,589.2816772460938,94051400,1.761,0.0,0.0,-0.005289189092826385,,,594.8716401841835,52.297287538091354,3.4827349491210953,-0.01568525168219459,
2025-06-23,595.0399780273438,600.5399780273438,591.8900146484375,600.1500244140625,595.1022338867188,87426000,0.0,0.0,0.0,0.00987749011881256,,,595.1741803338363,59.28321272173842,3.4693966162685683,0.005276422804124881,0.029664138038351107
2025-06-24,604.3300170898438,607.8499755859375,603.4099731445312,606.780029296875,601.6764526367188,67735300,0.0,0.0,0.0,0.011047245877038092,,,595.8172206237051,65.43953352936637,3.948298350511436,0.006803007683879425,0.04062837872423142
2025-06-25,607.9099731445312,608.6099853515625,605.5399780273438,607.1199951171875,602.0136108398438,62114800,0.0,0.0,0.0,0.0005602785258216336,,,596.423717105245,65.72570240305271,4.305631189495671,0.01604934538871161,0.048367340356980426
2025-06-26,608.989990234375,612.3099975585938,608.3699951171875,611.8699951171875,606.7236328125,78548400,0.0,0.0,0.0,0.007823824018649228,,,597.2277700278257,69.52287106552637,4.915443172295454,0.02415304066820756,0.035050274629798484
2025-06-27,612.8800048828125,616.3900146484375,610.8300170898438,614.9099731445312,609.738037109375,86258400,0.0,0.0,0.0,0.004968339764334306,,,598.1220863414037,71.68494366597052,5.579705016587127,0.034714179899440145,0.046245714152787665
2025-06-30,617.3800048828125,619.219970703125,615.0399780273438,617.8499755859375,612.6533203125,92502500,0.0,0.0,0.0,0.004781191670012452,,,599.0929390263572,73.63307250530991,6.271081812807097,0.02949254428366599,0.04711463158732054
2025-07-01,616.3599853515625,618.8300170898438,615.52001953125,617.6500244140625,612.455078125,70030100,0.0,0.0,0.0,-0.00032362414789344207,,,599.9827087363509,73.26388149687213,6.725342949265155,0.01791422689006983,0.04794789369222974
2025-07-02,617.239990234375,620.489990234375,616.6099853515625,620.4500122070312,615.2315673828125,66510400,0.0,0.0,0.0,0.004533291803274775,,,600.9400328412572,75.14336048205143,7.227964313743769,0.02195614902663645,0.04680195914698859
2025-07-03,622.4500122070312,626.280029296875,622.4299926757812,625.3400268554688,620.0804443359375,51065800,0.0,0.0,0.0,0.00788139987465386,11.48912378373109,599.9740051269531,602.0546261082349,78.04599042733196,7.929472656002758,0.02201453224667671,0.049069769132527474
2025-07-07,623.3599853515625,624.030029296875,617.8699951171875,620.6799926757812,615.45947265625,74814500,0.0,0.0,0.0,-0.007452000479036269,11.620684308176369,601.2346720377604,602.8864354766564,69.69368596836406,8.016982474994165,0.009383519186952238,0.04153172403501659
2025-07-08,621.3499755859375,622.1099853515625,619.52001953125,620.3400268554688,615.1224365234375,59024600,0.0,0.0,0.0,-0.0005477312372305088,11.605146243272532,602.4763387044271,603.6492683248052,69.11259548802562,7.967062894805963,0.004030187534068919,0.04601642293942154
2025-07-09,622.77001953125,624.719970703125,620.9099731445312,624.0599975585938,618.8110961914062,66113300,0.0,0.0,0.0,0.005996663994070728,11.383928327967782,603.9746724446615,604.523112963453,71.87583720456523,8.133909172744666,0.010378001928538882,0.04159292035398221
2025-07-10,624.2000122070312,626.8699951171875,623.010009765625,625.8200073242188,620.5562744140625,57529000,0.0,0.0,0.0,0.002820257303000284,11.789681397483887,605.1303385416667,605.4170425619944,73.10191779911193,8.312334708869116,0.008655000421525783,0.043589939580609194
2025-07-11,622.739990234375,624.8599853515625,621.530029296875,623.6199951171875,618.3748779296875,63670200,0.0,0.0,0.0,-0.0035154072757080934,11.784062201365625,606.3266723632812,606.1667595044424,69.04967242964955,8.181899785227642,-0.002750554361489521,0.03405846230233123
2025-07-14,623.1599731445312,625.1599731445312,621.7999877929688,624.8099975585938,619.5548095703125,51898500,0.0,0.0,0.0,0.0019082172648787754,11.837239762590638,607.4853393554688,606.920776695132,70.01781148393358,8.08139512772641,0.006654000340832411,0.038994966040718726
2025-07-15,627.52001953125,627.8599853515625,622.0599975585938,622.1400146484375,616.9072875976562,74317300,0.0,0.0,0.0,-0.004273271747553764,11.619029811523031,608.5770060221354,607.5256630491107,65.0976104327228,7.697566401777408,0.002901614783900053,0.0304596515916149
2025-07-16,623.739990234375,624.72998046875,618.0499877929688,624.219970703125,618.9697265625,88987500,0.0,0.0,0.0,0.0033432282214846953,11.559290970711803,609.6273376464844,608.1781457271984,67.0406570650737,7.4750467558747005,0.0002563425714787737,0.045594590792504164
2025-07-17,624.4000244140625,628.4000244140625,624.1799926757812,628.0399780273438,622.7576293945312,68885700,0.0,0.0,0.0,0.006119649327969823,11.739469119418935,610.6923360188802,608.9420199295918,70.30981353030302,7.520252212944115,0.0035472990271065985,0.04207869127854913
2025-07-18,629.2999877929688,629.469970703125,626.4600219726562,627.5800170898438,622.301513671875,65621600,0.0,0.0,0.0,-0.0007323752525193461,11.789117001284497,611.7473368326823,609.6478022873431,69.41699253582156,7.433276673321188,0.006350056129794446,0.050290339095307335
2025-07-21,628.77001953125,631.5399780273438,628.3400268554688,628.77001953125,623.4815063476562,63375000,0.0,0.0,0.0,0.0018961764380651669,11.63846963316309,612.9380045572917,610.3612001863305,70.46205049434921,7.375352708277774,0.006337961921431878,0.0524404408171788
2025-07-22,629.0999755859375,629.72998046875,626.1900024414062,628.8599853515625,623.5707397460938,60046300,0.0,0.0,0.0,0.00014308223598114012,11.688260656805689,613.9286702473959,611.0414975008902,70.54400037530705,7.253097841464864,0.01080137998666153,0.0581879826848648
2025-07-23,631.5499877929688,634.2100219726562,629.72998046875,634.2100219726562,628.875732421875,70511000,0.0,0.0,0.0,0.008507516372031176,11.934320251483307,615.0796712239584,611.881815601732,74.98805459818533,7.50144127636861,0.016004055843132248,0.05675247217034962
2025-07-24,634.5999755859375,636.1500244140625,633.989990234375,634.4199829101562,629.083984375,71307100,0.0,0.0,0.0,0.0003310590028946514,12.216055250965017,616.124336751302,612.6884380004725,75.14652897990139,7.627274853984318,0.010158596755021732,0.04555185121255545
2025-07-25,635.0900268554688,637.5800170898438,634.8400268554688,637.0999755859375,631.741455078125,56865400,0.0,0.0,0.0,0.004224319453948855,12.466702261659652,617.3156697591146,613.5509381372314,77.13771154649707,7.8527304931589015,0.015169314249741106,0.04938065079369225
2025-07-28,637.47998046875,638.0399780273438,635.5399780273438,636.9400024414062,631.5828247070312,54917100,0.0,0.0,0.0,-0.0002510958258695739,12.691986504690018,618.4220031738281,614.3671171908821,76.74247419050805,7.927118330063422,0.012993594885848614,0.04097276794789928
2025-07-29,638.3499755859375,638.6699829101562,634.3400268554688,635.260009765625,629.9169311523438,60556300,0.0,0.0,0.0,-0.002637599568784843,12.38370883304222,619.6973368326823,615.0875056440168,72.5390054524886,7.76104535828722,0.010177185006428058,0.03309433495935599
2025-07-30,635.9199829101562,637.6799926757812,631.5399780273438,634.4600219726562,629.1236572265625,80418900,0.0,0.0,0.0,-0.0012593076546151272,12.236198818668273,620.7566711425782,615.7477857265172,70.55714230127207,7.478669555225338,0.00039419118484196325,0.02688362392661192
2025-07-31,639.4600219726562,639.8499755859375,630.77001953125,632.0800170898438,626.763671875,103385200,0.0,0.0,0.0,-0.003751229077306739,11.583227322841141,621.9083374023437,616.2982536580669,64.8780488199978,6.982350008838921,-0.00368835453381966,0.02336273311001702
2025-08-01,626.2999877929688,626.3400268554688,619.2899780273438,621.719970703125,616.49072265625,140103600,0.0,0.0,0.0,-0.01639040328219421,10.623086449120043,622.7176696777344,616.4790253667725,47.10465400974086,5.687482276303967,-0.02414064585180309,0.002046834508998341
2025-08-04,625.6699829101562,631.219970703125,625.5800170898438,631.1699829101562,625.861328125,73218000,0.0,0.0,0.0,0.01519978873502148,9.266232587779049,623.947334798177,616.9637627227246,58.3208749268259,5.362017279849624,-0.00905896867700784,0.00932285765234564
2025-08-05,631.7899780273438,632.6099853515625,627.0399780273438,627.969970703125,622.688232421875,68051400,0.0,0.0,0.0,-0.0050699689365404366,8.12425111486054,624.8746663411458,617.3232684615095,54.134776913026386,4.7906460976810195,-0.011475677597255984,0.011745147440497261
2025-08-06,629.0499877929688,633.4400024414062,628.1300048828125,632.780029296875,627.457763671875,64357500,0.0,0.0,0.0,0.007659695237280717,7.489408082836963,625.7413330078125,617.8232350301328,58.9091258600617,4.672104733401397,-0.0026479094310116746,0.020053522105393018
2025-08-07,636.239990234375,636.97998046875,629.1099853515625,632.25,626.9322509765625,74205800,0.0,0.0,0.0,-0.0008376201402309214,6.698439651480684,626.5789998372396,618.2854909515726,58.19031349990911,4.483705547011255,0.00026892625231034195,0.013123742065581201
2025-08-08,634.0599975585938,637.6500244140625,633.739990234375,637.1799926757812,631.8207397460938,64051600,0.0,0.0,0.0,0.007797536853746623,6.367689856817166,627.422666422526,618.8853801944534,62.74397324682255,4.678278756346003,0.02486653590228416,0.018152160714921317
2025-08-11,637.4600219726562,638.9500122070312,634.6599731445312,635.9199829101562,630.5713500976562,58742300,0.0,0.0,0.0,-0.0019774785462639555,6.093522922703286,628.1230000813802,619.4214427618364,60.91780726465799,4.676894836414931,0.007525706431885437,0.01972353017747186
2025-08-12,638.2899780273438,642.8499755859375,636.7899780273438,642.6900024414062,637.284423828125,64730800,0.0,0.0,0.0,0.010646024206171889,6.332441343442758,628.9510009765625,620.1474175192831,66.5509717306693,5.162571159914364,0.02344066185489657,0.02861670740333455
2025-08-13,644.9099731445312,646.1900024414062,642.6799926757812,644.8900146484375,639.4659423828125,60092800,0.0,0.0,0.0,0.0034231312120525104,6.6032927287271335,629.8590006510417,620.9129820190407,68.15719065295887,5.659753627491455,0.019137748966285617,0.03656733125075662
2025-08-14,642.7899780273438,645.6199951171875,642.3400268554688,644.9500122070312,639.525390625,59327500,0.0,0.0,0.0,9.303533506632711e-05,6.907522146398796,630.6756673177083,621.6507388058465,68.20203562134034,5.989571563999675,0.020087010212781697,0.03320951343571377
2025-08-15,645.989990234375,646.0900268554688,642.52001953125,643.4400024414062,638.028076171875,68592500,0.0,0.0,0.0,-0.002341281862229483,7.209287333903736,631.2789998372396,622.3142954314875,65.69441598191892,6.05926208492906,0.009824554815879738,0.024520770894925326
2025-08-18,642.8599853515625,644.0,642.1799926757812,643.2999877929688,637.8893432617188,43804900,0.0,0.0,0.0,-0.00021760326977848798,7.2453329044840356,632.0329996744791,622.9485517877091,65.45410169331339,6.033642240939457,0.011605241352912632,0.025048552017351122
2025-08-19,643.1199951171875,644.1099853515625,638.47998046875,639.8099975585938,634.4286499023438,69750700,0.0,0.0,0.0,-0.005425136484688009,7.030648934530641,632.6819986979167,623.4544249194921,59.601564058218784,5.66640647847953,-0.004481172683365453,0.01755805411265321
2025-08-20,639.4000244140625,639.6599731445312,632.9500122070312,638.1099853515625,632.742919921875,88890300,0.0,0.0,0.0,-0.0026570578976855552,6.903309482050638,633.150331624349,623.8909910279094,56.93120162233942,5.17849820957008,-0.010513466083935441,0.014709156593623707
2025-08-21,636.280029296875,637.969970703125,633.8099975585938,635.5499877929688,630.2045288085938,54805800,0.0,0.0,0.0,-0.004011843753210287,6.774403439984587,633.4746643066406,624.2358976668398,53.07487568202185,4.533003342250822,-0.014574810816570749,0.002112810857426428
2025-08-22,637.760009765625,646.5,637.25,645.3099975585938,639.8824462890625,84083200,0.0,0.0,0.0,0.015356793254796441,6.843477770547931,634.1976643880208,624.8551545685766,63.28557520922968,4.754191865201619,0.002906246285733216,0.017165308378976007
2025-08-25,644.0399780273438,645.2899780273438,642.3499755859375,642.469970703125,637.0662841796875,51274300,0.0,0.0,0.0,-0.0044010272058598865,6.767236978669263,634.7863301595052,625.3693957661743,59.24573633611923,4.646754042972361,-0.001290248881694156,0.008428810740808368
2025-08-26,642.2000122070312,645.510009765625,641.5700073242188,645.1599731445312,639.733642578125,51581600,0.0,0.0,0.0,0.004186969919329098,6.586529138233505,635.553662109375,625.9435077259158,61.737180679112214,4.724211738341182,0.008361819300029882,0.012905408157154019
2025-08-27,644.5700073242188,647.3699951171875,644.4199829101562,646.6300048828125,641.1912841796875,48341100,0.0,0.0,0.0,0.0022785538462906096,6.527345935405692,636.3006632486979,626.5399302184384,63.06599193795205,4.8483282851927925,0.013351960832513665,0.01789817545949779
2025-08-28,647.239990234375,649.47998046875,645.3400268554688,648.9199829101562,643.4619750976562,61519500,0.0,0.0,0.0,0.003541403909580021,6.726317139180475,636.9966634114584,627.1813374733136,65.09932908633675,5.072995299463514,0.021036889896916877,0.022790972538413445
2025-08-29,647.469970703125,647.8400268554688,643.1400146484375,645.0499877929688,639.6245727539062,74522200,0.0,0.0,0.0,-0.0059637477949624484,6.638618473549802,637.5789957682292,627.6904858428228,59.17071033085232,4.882486993040061,-0.00040292226466143166,0.020519507582030583
2025-09-02,637.5,640.489990234375,634.9199829101562,640.27001953125,634.8848266601562,81983500,0.0,0.0,0.0,-0.007410229210411012,6.44151838787733,637.9623291015625,628.0469112062897,52.77741974716863,4.296279461510949,-0.0034242085578993775,0.02983666232748816
2025-09-03,642.6699829101562,644.2100219726562,640.4600219726562,643.739990234375,638.3255615234375,70820900,0.0,0.0,0.0,0.005419542688669621,6.287507692949806,638.458329264323,628.4891255839206,56.45561907139601,4.0648463864994255,-0.0022009780043160676,0.019915407361835946
2025-09-04,644.4199829101562,649.1500244140625,643.510009765625,649.1199951171875,643.6603393554688,65219200,0.0,0.0,0.0,0.008357419089116691,6.52491933438369,638.9553283691406,629.0673943525034,61.46702551391555,4.2663753196748075,0.0038507186730782905,0.03367999331302629
2025-09-05,651.47998046875,652.2100219726562,643.3300170898438,647.239990234375,641.796142578125,85178900,0.0,0.0,0.0,-0.002896236284437803,6.636498977005474,639.3826619466146,629.5741298539162,58.91539779381594,4.225676797241135,-0.0025889057511330194,0.02285148119097169
2025-09-08,648.6199951171875,649.8400268554688,647.22998046875,648.8300170898438,643.372802734375,63133100,0.0,0.0,0.0,0.002456626412859597,6.839807017863963,639.7736633300781,630.1083774508713,60.41220741486326,4.272474378708125,0.005860056380759371,0.026223830905249157
2025-09-09,648.969970703125,650.8599853515625,647.219970703125,650.3300170898438,644.8601684570312,66133900,0.0,0.0,0.0,0.002311853583358836,7.081146399167468,640.2199971516927,630.6666812377978,61.825186980117415,4.380108103461794,0.015712117156381655,0.020637848904891287
2025-09-10,653.6199951171875,654.5499877929688,650.6300048828125,652.2100219726562,646.7243041992188,78034500,0.0,0.0,0.0,0.0028908474672986184,7.343115124011842,640.7849975585938,631.2586529396859,63.579753651365984,4.564492657912524,0.013157535444081159,0.025616491854764556
2025-09-11,654.1799926757812,658.3300170898438,653.5900268554688,657.6300048828125,652.0988159179688,69934400,0.0,0.0,0.0,0.008310180352278485,7.855533675905558,641.5573303222657,631.9799441293382,68.12783427836266,5.089299789897268,0.013110071835159998,0.023246047681857895
2025-09-12,657.5999755859375,659.1099853515625,656.9000244140625,657.4099731445312,651.8805541992188,72780100,0.0,0.0,0.0,-0.00033458287585352853,8.157232458093358,642.4016621907552,632.6723651892045,67.75790615521308,5.424923361020774,0.015712846955691973,0.019414098856715967
2025-09-15,659.6400146484375,661.0399780273438,659.3400268554688,660.9099731445312,655.3511352539062,63772400,0.0,0.0,0.0,0.005323922883704979,7.863715893037758,643.7079956054688,633.4378729665649,70.50173279864407,5.905256092117384,0.018618059794565323,0.024746043314092914
2025-09-16,661.469970703125,661.780029296875,659.2100219726562,660.0,654.4488525390625,61169000,0.0,0.0,0.0,-0.0013768488621856978,8.038323688137599,644.6689961751302,634.1548979491553,68.86094792919394,6.141698338944138,0.014869347340644712,0.025736661531393867
2025-09-17,660.010009765625,661.719970703125,654.2999877929688,659.1799926757812,653.6357421875,101952200,0.0,0.0,0.0,-0.0012424353397253451,7.819223663772854,645.7093302408854,634.8276371680299,67.34005323080487,6.191540559580858,0.010686696720856537,0.02468522490928926
2025-09-18,661.8900146484375,664.8900146484375,660.27001953125,662.260009765625,656.6897583007812,90459200,0.0,0.0,0.0,0.004672497836806455,7.988907605831748,646.6919962565104,635.5621210474077,70.01859378397269,6.4057312346589015,0.0070404404428559,0.035088561123922224
2025-09-19,662.3300170898438,664.5499877929688,660.3699951171875,663.7000122070312,659.9423217773438,97945600,1.831,0.0,0.0,0.0021743762573189773,8.091263784059336,647.7403299967448,636.312542331513,71.20752449400618,6.615416645106734,0.009567909401211772,0.04010284659841212
2025-09-22,662.2000122070312,667.2899780273438,662.1699829101562,666.8400268554688,663.0645141601562,69452200,0.0,0.0,0.0,0.004731075170536503,8.555179342561406,648.7289978027344,637.1235868826856,73.66035527819793,6.954796221884294,0.008972558974595257,0.04923301024858606
2025-09-23,666.719970703125,667.3400268554688,661.97998046875,663.2100219726562,659.4551391601562,81708900,0.0,0.0,0.0,-0.005443591771073009,8.597004366014273,649.6386657714844,637.8140691597716,66.59711152901043,6.851861925609569,0.0048636696555397485,0.027738644189279293
2025-09-24,664.510009765625,664.6099853515625,659.6699829101562,661.0999755859375,657.3569946289062,68082200,0.0,0.0,0.0,-0.0031815658943793457,8.739774652314944,650.2523315429687,638.4281955425449,62.82591894424394,6.5248087119169895,0.0029126838367203867,0.028997471838915212
2025-09-25,657.9400024414062,659.4099731445312,654.4099731445312,658.0499877929688,654.3242797851562,89622100,0.0,0.0,0.0,-0.004613504621998388,8.791458117199651,650.6909973144532,638.9438651103859,57.736539297768715,5.950909775118703,-0.0063570529861015634,0.01997956349587393
2025-09-26,659.510009765625,662.3699951171875,657.8800048828125,661.8200073242188,658.072998046875,69179200,0.0,0.0,0.0,0.0057290777314567,8.949690295007187,651.253330485026,639.5429991928814,61.85037082513138,5.734199519149797,-0.0028326123975210837,0.023491026285053174
2025-09-29,664.3599853515625,665.280029296875,661.8599853515625,663.6799926757812,659.9224243164062,73499000,0.0,0.0,0.0,0.0028104096748033935,9.10197086056284,651.9279968261719,640.1730445563692,63.72633069055731,5.647440178339934,-0.004738818985700166,0.022745500453587475
2025-09-30,662.9299926757812,666.6500244140625,661.6099853515625,666.1799926757812,662.4082641601562,86288000,0.0,0.0,0.0,0.003766875644270362,9.310278631869869,652.690663655599,640.8496933347055,66.13666932294221,5.714538242624485,0.004478175245740568,0.03275715879804686
2025-10-01,663.1699829101562,669.3699951171875,663.0599975585938,668.4500122070312,664.6654663085938,72545400,0.0,0.0,0.0,0.0034075168215907947,9.411770298224063,653.6453308105469,641.5655235475436,68.2027639650291,5.883069187304727,0.011117889717934704,0.04401266936785864
2025-10-02,670.4500122070312,670.5700073242188,666.780029296875,669.219970703125,665.4309692382812,56896000,0.0,0.0,0.0,0.0011518565068935338,9.354738046948631,654.6823303222657,642.2805442292143,68.895965740806,6.00948676829762,0.016974368387452143,0.039581167637998016
2025-10-03,669.989990234375,672.6799926757812,668.1599731445312,669.2100219726562,665.421142578125,70494400,0.0,0.0,0.0,-1.4866158967619114e-05,8.99245524988639,655.8043314615885,642.9747271200131,68.87507194267951,6.03925407099473,0.01116620012488867,0.030949634900465206
2025-10-06,671.6199951171875,672.510009765625,669.4600219726562,671.6099853515625,667.8074951171875,54623300,0.0,0.0,0.0,0.003586263355458641,9.213361044039365,656.6809977213542,643.7107191122172,71.1481720813991,6.1852026936931,0.011948518507857386,0.03765217768506979
2025-10-07,672.5399780273438,672.989990234375,667.6699829101562,669.1199951171875,665.3316040039062,72020100,0.0,0.0,0.0,-0.003707494362329311,9.079715685011285,657.5693318684896,644.3619319960943,65.78051007327932,6.030431565216645,0.004413225365111018,0.03127163893919249
2025-10-08,670.25,673.2100219726562,669.4199829101562,673.1099853515625,669.2990112304688,60702200,0.0,0.0,0.0,0.005963041402874625,9.195717690317501,658.5009989420573,645.0966651085398,69.72237784333895,6.158739086500418,0.006971311331336993,0.035028320488198705
2025-10-09,673.530029296875,673.9400024414062,669.2100219726562,671.1599731445312,667.3600463867188,66501900,0.0,0.0,0.0,-0.0028970186885769467,9.194352291665002,659.3186645507812,645.7609770437117,65.73683492017012,6.033523332113532,0.0028989009986775116,0.029054983108906418
2025-10-10,672.1300048828125,673.9500122070312,652.8400268554688,653.02001953125,649.32275390625,159422600,0.0,0.0,0.0,-0.027027764376787222,9.064001007604814,659.455332438151,645.945509688646,41.799706193094885,4.4195998934903855,-0.02419270768492432,-0.007009998505746351
2025-10-13,660.6500244140625,665.1300048828125,659.77001953125,663.0399780273438,659.2860107421875,79560500,0.0,0.0,0.0,0.015344029580113494,8.664384196719501,660.0549987792969,646.3789506777289,52.16189824992573,3.904077080656407,-0.012760392952961608,0.00856391766599307
2025-10-14,657.1699829101562,665.8300170898438,653.1699829101562,662.22998046875,658.4805908203125,88779600,0.0,0.0,0.0,-0.0012216421112398734,7.8219089530708805,660.7869974772135,646.779854987236,51.36573443908446,3.391071344210218,-0.010297128614772277,0.0019972573842974572
2025-10-15,666.8200073242188,670.22998046875,658.9299926757812,665.1699829101562,661.4039916992188,81702600,0.0,0.0,0.0,0.00443954899070742,7.162130974864563,661.5013305664063,647.2438404972534,54.10398204586907,3.1850291945231675,-0.011795995623596678,0.007833307439630621
2025-10-16,666.8200073242188,668.7100219726562,657.1099853515625,660.6400146484375,656.899658203125,110563300,0.0,0.0,0.0,-0.006810241559458086,6.773702154699338,661.885331217448,647.5810219519262,49.48120669749228,2.6259385413317204,-0.015674293636441794,0.0022149063819878467
2025-10-17,659.5,665.760009765625,658.1400146484375,664.3900146484375,660.62841796875,96500900,0.0,0.0,0.0,0.0056763137515907225,6.193966755472383,662.4569986979167,648.0031205175255,53.05694479516035,2.457124627391863,0.017411403597318742,0.0032162668006578965
2025-10-20,667.3200073242188,672.2100219726562,667.27001953125,671.2999877929688,667.499267578125,60493400,0.0,0.0,0.0,0.010400477117627371,5.837646381961948,663.2059977213542,648.5868133461348,58.83837188459624,2.848084522559475,0.012457785411672972,0.011450919762175271
2025-10-21,671.4400024414062,672.989990234375,669.97998046875,671.2899780273438,667.4892578125,56249000,0.0,0.0,0.0,-1.4911017141350236e-05,5.487230331945076,663.9046630859375,649.1543743340573,58.82706942019196,3.1211368292356383,0.013681044087102023,0.006673191459215522
2025-10-22,672.0,672.0,663.2999877929688,667.7999877929688,664.0191040039062,80564000,0.0,0.0,0.0,-0.005198930936866852,5.063352306301755,664.4243286132812,649.6194955058526,54.86950043764997,3.0210944088838687,0.003953883894919796,0.0069208330215819736
2025-10-23,668.1199951171875,672.7100219726562,667.7999877929688,671.760009765625,667.9566650390625,65604500,0.0,0.0,0.0,0.005929952148911788,5.066736381296474,664.8953287760417,650.1706378425009,58.29772378049063,3.2241843576077827,0.016832154987016734,0.01612469304697739
2025-10-24,676.4600219726562,678.469970703125,675.6500244140625,677.25,673.4155883789062,74356500,0.0,0.0,0.0,0.008172546972973871,5.343281867776559,665.5566630045573,650.843341594197,62.54550000895749,3.7845055115427613,0.019356078610494043,0.029177133292602964
2025-10-27,682.72998046875,685.5399780273438,682.1199951171875,685.239990234375,681.3603515625,63339800,0.0,0.0,0.0,0.011797696913067535,6.362820776814135,666.3676635742188,651.6961137329158,67.70181405317304,4.817753437036799,0.020765682548627318,0.03538723920548237
2025-10-28,687.0499877929688,688.9099731445312,684.8300170898438,687.0599975585938,683.1700439453125,61738100,0.0,0.0,0.0,0.002656014462314449,7.280812264340749,667.2696634928385,652.5711575364137,68.75693103848889,5.717560761369782,0.02349211227254111,0.03522782838239635
2025-10-29,688.719970703125,689.7000122070312,682.8699951171875,687.3900146484375,683.4981689453125,85657100,0.0,0.0,0.0,0.00048033227231458753,7.987394166733636,668.2099975585937,653.4310779430766,68.95497539452978,6.38370677180194,0.02933517102959593,0.0318382752497024
2025-10-30,683.9000244140625,685.9400024414062,679.8300170898438,679.8300170898438,675.98095703125,76335800,0.0,0.0,0.0,-0.010998119550020391,8.177951494880794,668.795664469401,654.0818434211966,59.63007787464763,6.229790515793411,0.012013229735176267,0.017024466564431684
2025-10-31,685.0399780273438,685.0800170898438,679.239990234375,682.0599975585938,678.1983642578125,87164100,0.0,0.0,0.0,0.0032802030105936186,8.46540299298962,669.4076639811198,654.7702915466735,61.292853697780224,6.216096272658092,0.007102248148532775,0.019186556614528616
2025-11-03,685.6699829101562,685.7999877929688,679.9400024414062,683.3400268554688,679.4711303710938,57315000,0.0,0.0,0.0,0.0018767107020742912,8.82135215616911,669.9576639811198,655.4720567536823,62.253915316118984,6.236639060007519,-0.0027726977496692617,0.02111445498254927
2025-11-04,676.1099853515625,679.9600219726562,674.5800170898438,675.239990234375,671.4169921875,78427000,0.0,0.0,0.0,-0.011853596017736279,8.777360485061502,670.3586629231771,655.9567859194592,53.24467776469541,5.53550425912556,-0.017203748386196427,0.005404929887860899
2025-11-05,674.97998046875,680.8599853515625,674.1699829101562,677.5800170898438,673.7437133789062,74402400,0.0,0.0,0.0,0.0034654743340312155,8.693222213838705,670.9079976399739,656.4861190254335,55.259073901119756,5.109768261046042,-0.014271370473152745,0.012643504953359752
2025-11-06,676.469970703125,677.3800048828125,668.719970703125,670.3099975585938,666.514892578125,85035300,0.0,0.0,0.0,-0.010729388925125316,8.349293149665996,671.3166646321614,656.8239712639803,48.297073265894454,4.138038861071436,-0.014003529252801239,-0.00415977753101715
2025-11-07,667.9099731445312,671.0800170898438,661.2100219726562,670.969970703125,667.1710815429688,100592400,0.0,0.0,0.0,0.0009845789961884233,8.155288438349173,671.6216634114584,657.1691438777738,48.926151143315266,3.3822027004149504,-0.0162596060393001,-0.00028309560910799725
2025-11-10,677.239990234375,682.1799926757812,675.030029296875,681.4400024414062,677.5819091796875,75842900,0.0,0.0,0.0,0.01560432239211762,8.203382127445892,672.2136637369791,657.7604475318765,57.715838465591986,3.5866959587901874,-0.0027804962967058477,0.043520844782915846
2025-11-11,679.9500122070312,683.5700073242188,678.72998046875,683.0,679.1329956054688,58953400,0.0,0.0,0.0,0.0022892661907207845,8.350259780175444,672.7743306477864,658.3744163142012,58.852112256355596,3.8304816962792074,0.011492224805778273,0.03010379861564405
2025-11-12,684.7899780273438,684.9600219726562,680.9500122070312,683.3800048828125,679.5108642578125,62312500,0.0,0.0,0.0,0.0005563761095350728,8.526689848605793,673.2719970703125,658.9817914361549,59.140151696287994,4.008143484721131,0.008559856617199602,0.031937582166080336
2025-11-13,680.5,680.8599853515625,670.52001953125,672.0399780273438,668.2350463867188,103457800,0.0,0.0,0.0,-0.016594027882646856,8.495967857673662,673.3659973144531,659.2985101427312,48.279073755084646,3.197042817853685,0.002580866278365068,0.010328179703977147
2025-11-14,665.3800048828125,675.6599731445312,663.27001953125,671.9299926757812,668.125732421875,96846700,0.0,0.0,0.0,-0.00016365894166792128,8.46454266964278,673.4566630045573,659.6044466787562,48.186641701150805,2.5163577907775334,0.0014307972257687762,0.017089455341804838
2025-11-17,669.7000122070312,673.7100219726562,662.1699829101562,665.6699829101562,661.901123046875,90456100,0.0,0.0,0.0,-0.009316461288915168,8.577942931511092,673.2586629231771,659.7511524677018,43.12576941954816,1.4550071154312718,-0.023142198102181433,0.0019265314551664137
2025-11-18,662.0999755859375,665.1199951171875,655.8599853515625,660.0800170898438,656.3428344726562,114467500,0.0,0.0,0.0,-0.008397503213040225,8.881744426849925,672.9573303222656,659.7590959460227,39.169667864210055,0.16096008651197735,-0.03355780806757869,-0.016713795482125482
2025-11-19,660.780029296875,667.3400268554688,658.75,662.6300048828125,658.87841796875,94703000,0.0,0.0,0.0,0.003863149507556951,9.079430115299106,672.607997639974,659.828349583986,41.79280432314643,-0.6513108966668142,-0.030363779817582204,-0.012900495207718521
2025-11-20,672.9099731445312,675.5599975585938,651.8900146484375,652.530029296875,648.8355712890625,165293500,0.0,0.0,0.0,-0.015242255122032589,9.791101454236841,671.9869995117188,659.6525210072377,35.299873813811416,-2.085979253344135,-0.029030934718700552,-0.022866065850884243
2025-11-21,655.0499877929688,664.5499877929688,650.8499755859375,659.030029296875,655.2987670898438,123956200,0.0,0.0,0.0,0.009961227389035265,9.445007992275603,672.187333170573,659.6375429017963,41.58927834526709,-2.6677168062583405,-0.019198374115636074,-0.018950190966549818
2025-11-24,662.6900024414062,670.0599975585938,661.5900268554688,668.72998046875,664.9437866210938,80437900,0.0,0.0,0.0,0.014718526835907575,9.311166971159155,672.3769999186198,659.8560539854627,49.48144419398835,-2.319307481511487,0.004596868774548124,-0.012580316768180166
2025-11-25,668.6300048828125,676.2100219726562,664.47998046875,675.02001953125,671.1981811523438,81077100,0.0,0.0,0.0,0.009405947461920139,9.12141813099972,672.8033345540365,660.220043185339,53.83720667028,-1.5181368604818317,0.022633623279907145,-0.014914439975444838
2025-11-26,677.6300048828125,681.7000122070312,676.719970703125,679.6799926757812,675.8318481445312,71879600,0.0,0.0,0.0,0.006903459171132775,9.0873351613749,673.2870015462239,660.6866084425209,56.80837694524114,-0.5014026260888613,0.025730781382264922,-0.010741427108311719
2025-11-28,680.8599853515625,683.6699829101562,680.5,683.3900146484375,679.5208129882812,49212000,0.0,0.0,0.0,0.0054584834225450685,8.943660175166718,674.0453348795573,661.2303202778011,59.06721209736352,0.5968541835886754,0.04729282020141712,-0.005819112752235345
2025-12-01,678.8099975585938,682.989990234375,678.739990234375,680.27001953125,676.4185180664062,61201200,0.0,0.0,0.0,-0.004565467815318525,8.82160032061188,674.5746683756511,661.6857870814262,56.396075999461694,1.2016215415535498,0.032229169066902985,0.0006472242036175135
2025-12-02,681.9199829101562,683.8200073242188,679.3300170898438,681.530029296875,677.67138671875,62953800,0.0,0.0,0.0,0.0018522200441719594,8.888123397996047,674.9156697591146,662.15998707706,57.237124658209616,1.7622620279115608,0.019140832925051088,-0.0007770112066618484
2025-12-03,680.5700073242188,684.9099731445312,679.6900024414062,683.8900146484375,680.0180053710938,57238500,0.0,0.0,0.0,0.00346277529986061,9.007783192977703,675.3356709798177,662.678702189428,58.838548568603734,2.3696884537820324,0.01314034378320672,0.000804852300983594
2025-12-04,685.2999877929688,685.3699951171875,681.3400268554688,684.3900146484375,680.51513671875,61970300,0.0,0.0,0.0,0.0007311117128343536,9.038394925354975,675.888671875,663.1964368439137,59.18727143088654,2.858473391956636,0.006929764041035957,0.013550773867653465
2025-12-05,685.469970703125,688.3900146484375,684.5800170898438,685.6900024414062,681.8078002929688,79241000,0.0,0.0,0.0,0.0018994838690575833,9.175749477047885,676.3530049641927,663.7322861352786,60.1329803049008,3.312552088917755,0.003365556627501931,0.011969044462666334
2025-12-08,686.5900268554688,686.6400146484375,681.5700073242188,683.6300048828125,679.7594604492188,55231500,0.0,0.0,0.0,-0.0030042694967975514,9.270699649622777,676.5656717936198,664.2058311235457,57.8455701025852,3.466231580849353,0.004939193636488204,0.01987141378277646
2025-12-09,683.1500244140625,685.3900146484375,682.5900268554688,683.0399780273438,679.1727294921875,58310100,0.0,0.0,0.0,-0.0008630792259767261,9.208208095338504,676.4923380533854,664.6536347982155,57.17472055286592,3.50006685721587,0.0022155278059083905,0.017988893469510048
2025-12-10,682.5599975585938,688.969970703125,681.3099975585938,687.5700073242188,683.6771850585938,85671300,0.0,0.0,0.0,0.006632158354709983,9.228838706427878,676.5093383789062,665.1979885344979,60.92188338990854,3.8480590335246916,0.005380971496817377,0.008995663390541253
2025-12-11,685.1400146484375,689.25,682.1699829101562,689.1699829101562,685.26806640625,86173700,0.0,0.0,0.0,0.0023270002601829542,9.306596930738705,676.5686706542969,665.766897509617,62.18056090097872,4.20448333197794,0.006984275280775609,0.009033649941663668
2025-12-12,688.1699829101562,688.8800048828125,679.1699829101562,681.760009765625,677.9000244140625,113160300,0.0,0.0,0.0,-0.010752025375860397,9.33654130989706,676.6330037434896,666.1461114533018,53.574115475423966,3.844709829698445,-0.005731442287022492,-0.00237056265271518
2025-12-15,685.739990234375,685.760009765625,679.25,680.72998046875,676.8758544921875,90811000,0.0,0.0,0.0,-0.0015108385386657375,9.313011100310183,676.5886698404948,666.4916097742442,52.48660047658014,3.4368540668546075,-0.0042420964459563,0.012930781985491802
2025-12-16,679.22998046875,681.0800170898438,674.97998046875,678.8699951171875,675.0264282226562,122030600,0.0,0.0,0.0,-0.0027323394075896568,9.236715868257955,676.4396687825521,666.7846100386132,50.4933624322124,2.929767625563386,-0.006105034909083096,0.010328460579307697
2025-12-17,679.8900146484375,680.4400024414062,671.2000122070312,671.4000244140625,667.5986938476562,110625200,0.0,0.0,0.0,-0.011003536401451242,9.280416824000913,676.311669921875,666.8937677131422,43.369870926613636,1.9031949146093439,-0.023517580374228575,0.008607931333865837
2025-12-18,677.5999755859375,680.739990234375,674.9000244140625,676.469970703125,672.6399536132812,108650100,0.0,0.0,0.0,0.007551304892321253,9.277397891641032,676.274668375651,667.1200679475188,48.66350565046556,1.4816513844754127,-0.018427982242353202,0.02483025267988137
2025-12-19,676.5900268554688,681.0900268554688,676.469970703125,680.5900268554688,678.7363891601562,103599500,1.993,0.0,0.0,0.0060905233502994705,9.239263340161887,676.6173360188802,667.4381318095853,52.545610571859505,1.4631627689223023,-0.001716121352671407,0.02710414837890185
2025-12-22,683.9400024414062,685.3599853515625,680.5900268554688,684.8300170898438,682.96484375,69556700,0.0,0.0,0.0,0.006229874178387496,9.293504697848958,677.0793375651042,667.8484863342172,56.215148229331064,1.7702360059869306,0.00602299992468458,0.04949961893366517
2025-12-23,683.9199829101562,688.2000122070312,683.8699951171875,687.9600219726562,686.0863037109375,64840000,0.0,0.0,0.0,0.0045704843606495515,9.47349211127568,677.2966715494791,668.3226521239645,58.75094148006473,2.2403338204816237,0.013389937573982102,0.04389783680517101
2025-12-24,687.9500122070312,690.8300170898438,687.7999877929688,690.3800048828125,688.4996948242188,39445600,0.0,0.0,0.0,0.003517621421107009,9.719327889321098,677.5426717122396,668.8423111960612,60.64853350646434,2.776160274010067,0.02826925793652446,0.032374837447674665
2025-12-26,690.6400146484375,691.6599731445312,689.27001953125,690.3099975585938,688.4298706054688,41613300,0.0,0.0,0.0,-0.0001014040437492536,9.942635514220296,677.773671468099,669.3477144571128,60.561736850959946,3.1587455405232276,0.020459188810825424,0.022651147499242352
2025-12-29,687.5399780273438,689.2000122070312,686.0700073242188,687.8499755859375,685.9765625,62559500,0.0,0.0,0.0,-0.003563648189011559,10.046699277608443,678.3006713867187,669.7829983810105,57.45033950107656,3.226253662730187,0.010667139458407693,0.012020337509115908
2025-12-30,687.4500122070312,688.5599975585938,686.5800170898438,687.010009765625,685.138916015625,47160700,0.0,0.0,0.0,-0.0012211468345215692,10.094101422172752,678.8033386230469,670.1880029837014,56.38514439128877,3.1753723977366235,0.0031832609864927974,0.005297114443572504
2025-12-31,687.1400146484375,687.3599853515625,681.7100219726562,681.9199829101562,680.062744140625,74144800,0.0,0.0,0.0,-0.007408955885817803,9.796660194643204,679.3450052897135,670.4636355473514,50.29903992075215,2.693279550393868,-0.008779636707930805,0.0024254536162613416
2026-01-02,685.7100219726562,686.8699951171875,679.8200073242188,683.1699829101562,681.309326171875,89377200,0.0,0.0,0.0,0.0018330596423725698,9.114182034999635,680.1146708170573,670.7619648838256,51.67844008818361,2.3845939343800637,-0.01044355560946486,0.0024062822513823967
2026-01-05,686.5399780273438,689.4299926757812,686.3800048828125,687.719970703125,685.846923828125,71927200,0.0,0.0,0.0,0.006660110816910869,8.590541326544297,680.9510030110677,671.1598637565431,56.419767445493925,2.4785333590575647,-0.0037519764520705934,0.0056002514624464705
2026-01-06,687.9299926757812,692.3200073242188,687.780029296875,691.8099975585938,689.92578125,69273800,0.0,0.0,0.0,0.005947227112347964,6.945254131811352,682.2603352864584,671.6440918629318,60.20019207143809,2.850157177585288,0.005757101276747001,0.010841746301584854
2026-01-07,692.1900024414062,693.9600219726562,689.3200073242188,689.5800170898438,687.701904296875,75588300,0.0,0.0,0.0,-0.0032234001772446508,5.513871724926149,683.2786682128906,672.0644180536395,57.28254390613517,2.9309448364450645,0.0037408586304230607,0.005673138932443367
2026-01-08,688.8200073242188,690.6199951171875,687.489990234375,689.510009765625,687.632080078125,64019200,0.0,0.0,0.0,-0.00010152168346500012,4.893529538990721,683.9713358561198,672.4730102900544,57.18883660986519,2.955254300155957,0.011130377530627067,0.008601150974671512
2026-01-09,690.6300048828125,695.3099975585938,689.1799926757812,694.0700073242188,692.1796264648438,80125500,0.0,0.0,0.0,0.006613388484590255,4.927798263671558,684.6063354492187,672.9785386923717,61.59576546079496,3.3043825536046825,0.015955069289828483,0.016148438820126287
2026-01-12,690.6799926757812,696.0900268554688,690.6300048828125,695.1599731445312,693.2666625976562,63976000,0.0,0.0,0.0,0.0015703975230316747,5.197265301246312,685.1223347981771,673.4974528361247,62.587129124326786,3.627208144638189,0.010818360318662235,0.011038826213275232
2026-01-13,695.489990234375,696.0900268554688,691.3499755859375,693.77001953125,691.8804931640625,78309700,0.0,0.0,0.0,-0.001999473023445053,5.41875881734839,685.4683349609375,673.9714481701257,60.444329514057976,3.727918981628818,0.002833179600718605,0.0066747489518756975
2026-01-14,691.0,691.719970703125,686.0399780273438,690.3599853515625,688.479736328125,94676700,0.0,0.0,0.0,-0.004915222744839132,5.398076433875384,685.8046671549479,674.354423316479,55.430300217289684,3.492314557739064,0.0011310772388828383,0.012614373771928866
2026-01-15,694.5700073242188,695.4500122070312,691.25,692.239990234375,690.3546142578125,77862000,0.0,0.0,0.0,0.0027232240029890775,5.459427337034283,686.1616658528645,674.7721610157014,57.52237157130848,3.417897640126853,0.003959305057337659,0.016908333841414214
2026-01-16,693.6599731445312,694.25,690.0999755859375,691.6599731445312,689.7761840820312,79289200,0.0,0.0,0.0,-0.0008378844014015341,5.531769168833147,686.420664469401,675.1663915569029,56.63904919031134,3.2743742172793873,-0.0034723214578579187,0.01884009916381113
2026-01-20,681.489990234375,684.77001953125,676.5700073242188,677.5800170898438,675.7345581054688,111623300,0.0,0.0,0.0,-0.020356759970762806,5.7532637588351045,686.1936645507812,675.222707053191,40.414707504632126,2.0014249076399437,-0.02528907982887052,0.009204635762673163
2026-01-21,679.6500244140625,688.739990234375,678.1300048828125,685.4000244140625,683.5332641601562,127844500,0.0,0.0,0.0,0.011541083159159804,5.754382613819704,686.1839986165364,675.460050690579,49.13036739945758,1.605109936975282,-0.012064509681238067,0.013200961014803836
2026-01-22,689.8499755859375,691.1300048828125,686.9199829101562,688.97998046875,687.103515625,77112200,0.0,0.0,0.0,0.005223163010167564,5.755402902763485,686.3623311360677,675.7751953472795,52.55200701176365,1.5618954436720287,-0.0019989641811434256,0.01232747069780804
2026-01-23,688.1500244140625,690.9600219726562,687.1599731445312,689.22998046875,687.352783203125,63059600,0.0,0.0,0.0,0.00036285524556167736,5.743132008655235,686.5686645507812,676.0886742942262,52.790815171550065,1.530181576341306,-0.004348217104021779,0.006424898542858326
2026-01-26,690.489990234375,694.1300048828125,689.9199829101562,692.72998046875,690.84326171875,60473800,0.0,0.0,0.0,0.00507813081145958,5.850419992367534,686.740663655599,676.4762172740244,56.120518365295716,1.7670988418077513,0.0015470135120789763,0.0069334820974282785
2026-01-27,694.1799926757812,696.530029296875,693.5700073242188,695.489990234375,693.5957641601562,55506100,0.0,0.0,0.0,0.003984250492172103,6.051254403008468,686.9513305664062,676.9188120198744,58.60024631007786,2.1527516226440184,0.026432262895610847,0.007401699521164318
2026-01-28,697.0499877929688,697.8400268554688,693.9400024414062,695.4199829101562,693.5259399414062,61172200,0.0,0.0,0.0,-0.0001006589961060067,6.160108450774042,687.4066630045573,677.3492862705126,58.5099251237116,2.424783825382633,0.014619139391860436,0.007402450159543994
2026-01-29,696.3900146484375,697.0599975585938,684.8300170898438,694.0399780273438,692.1497192382812,97486200,0.0,0.0,0.0,-0.001984419367757506,6.141938155782349,687.8503295898438,677.7374694689918,56.656141613494746,2.5001957448494068,0.007344186626658145,0.008999058895267531
2026-01-30,691.7899780273438,694.2100219726562,687.1199951171875,691.969970703125,690.0853271484375,101835100,0.0,0.0,0.0,-0.002982547677011782,5.943943450744785,688.2869954427083,678.0683432664456,53.897628387923945,2.3656581089401243,0.003975436809222188,0.00721963416397986
2026-02-02,689.5800170898438,696.9299926757812,689.4199829101562,695.4099731445312,693.5159912109375,79286500,0.0,0.0,0.0,0.004971317523953855,5.15596256164088,689.0873270670573,678.4713330347063,57.592836105762544,2.50770821164258,0.003868740708995677,0.01978236533970623
2026-02-03,696.2100219726562,696.9600219726562,684.030029296875,689.530029296875,687.6520385742188,107904600,0.0,0.0,0.0,-0.008455363130712823,4.572207447985339,689.5226623535157,678.7282158848758,50.18801278901891,2.1213678061219525,-0.008569441719055604,0.009309610412955083
2026-02-04,690.3499755859375,691.4500122070312,681.760009765625,686.1900024414062,684.3211059570312,105204600,0.0,0.0,0.0,-0.0048439179057576665,4.301229448958326,689.7093282063802,678.9014785912084,46.528472806141785,1.5280634337692618,-0.013272526955761088,-0.002224696572580953
2026-02-05,680.9400024414062,683.6900024414062,675.7899780273438,677.6199951171875,675.7744750976562,113610800,0.0,0.0,0.0,-0.0124892628772314,4.760209181435381,689.468994140625,678.8717338432342,38.72580872387548,0.36216268958060027,-0.023658554881559435,-0.020511415694313362
2026-02-06,681.4600219726562,692.3099975585938,680.8499755859375,690.6199951171875,688.739013671875,89127600,0.0,0.0,0.0,0.019184793975496328,4.755904170001831,689.5576599121093,679.1443237183731,51.902192476629864,0.48161751747181825,-0.0019509164314829297,0.0015081324887178393
2026-02-09,689.4199829101562,695.8699951171875,688.3400268554688,693.9500122070312,692.0599975585938,73885200,0.0,0.0,0.0,0.004821779145387506,4.8214026627030435,689.67666015625,679.487729269518,54.595613538362066,0.8353613525595165,-0.00209942479095937,0.0064393589339122315
2026-02-10,694.9500122070312,696.5399780273438,691.6599731445312,692.1199951171875,690.2349243164062,65185700,0.0,0.0,0.0,-0.0026371021797716443,4.840886752157029,689.7369934082031,679.7806203798756,52.844274306165076,0.9570070241358053,0.0037561320178520763,-0.002809532448389329
2026-02-11,696.3900146484375,697.1400146484375,689.1799926757812,691.9600219726562,690.075439453125,76353900,0.0,0.0,0.0,-0.00023113498477123073,4.843799053663476,689.8739949544271,680.0629137502672,52.68517160821121,1.028646008580381,0.008408778196593802,-0.004603186741894971
2026-02-12,694.239990234375,695.3499755859375,680.3699951171875,681.27001953125,679.41455078125,118829000,0.0,0.0,0.0,-0.015448872914552103,5.068962422634942,689.6826619466145,680.0908825180735,43.30282910076146,0.2202872288897879,0.005386535876101606,-0.018017498087400385
2026-02-13,681.6900024414062,686.280029296875,677.52001953125,681.75,679.8931884765625,96267500,0.0,0.0,0.0,0.0007045377823615695,5.078025674640744,689.6769958496094,680.1293117600193,43.78687998667062,-0.37726365488663305,-0.0128435249194927,-0.012471732913630462
2026-02-17,680.1400146484375,684.9400024414062,675.780029296875,682.8499755859375,680.9901733398438,81354700,0.0,0.0,0.0,0.0016134588719287635,5.092481180415849,689.666328938802,680.1923087144671,44.94687407962565,-0.7533836606207842,-0.01599544120734475,-0.013564681007894763
2026-02-18,684.02001953125,689.1500244140625,682.8300170898438,686.2899780273438,684.4208374023438,73570300,0.0,0.0,0.0,0.005037713354905549,5.117956371087921,689.618662516276,680.3334557545486,48.52437769010898,-0.7650628588403379,-0.008423419538481358,-0.007763923496647673
2026-02-19,683.8400268554688,686.1799926757812,681.5499877929688,684.47998046875,682.61572265625,58649400,0.0,0.0,0.0,-0.002637365569283623,5.184273225118462,689.3743286132812,680.4294087563362,46.801089229644674,-0.9098818323890328,-0.010809933040035968,0.010183245085268355
2026-02-20,682.3200073242188,690.0599975585938,681.72998046875,689.4299926757812,687.5523071289062,100034000,0.0,0.0,0.0,0.007231785221302411,5.184140329764485,689.3693277994792,680.6376249411521,51.83853788657691,-0.618102198769293,0.01197759025143319,0.005879731716035286
2026-02-23,687.8300170898438,690.0,680.3699951171875,682.3900146484375,680.531494140625,90558100,0.0,0.0,0.0,-0.010211302238274489,5.338168442940962,689.1319946289062,680.6781521787856,45.27264916843094,-0.9440497108066666,0.0009387820292445781,-0.009564814663887589
2026-02-24,681.9000244140625,688.3499755859375,680.0,687.3499755859375,685.4779052734375,73798700,0.0,0.0,0.0,0.007268513358970052,5.264295989551942,688.9079935709635,680.8324061345647,50.070932260330316,-0.7929968923367596,0.006590027327948,-0.002727688777458437
2026-02-25,690.1799926757812,693.6799926757812,690.0999755859375,693.1500244140625,691.26220703125,56369500,0.0,0.0,0.0,0.008438276037153747,5.194308787636756,688.840995279948,681.117112282896,55.035580770243484,-0.20293170761851798,0.009995842291675494,0.0006063602805645996
2026-02-26,693.280029296875,693.2999877929688,684.3499755859375,689.2999877929688,687.422607421875,71671000,0.0,0.0,0.0,-0.005554405951797015,5.111494228721486,688.6919942220052,681.3061973350946,51.38321536317924,-0.04544274113038682,0.007041852883583166,-0.008900203494402903
2026-02-27,683.0900268554688,686.8599853515625,681.6400146484375,685.989990234375,684.1216430664062,83308900,0.0,0.0,0.0,-0.004801969559279806,5.124571953486728,688.546327718099,681.4143987232343,48.40879442000472,-0.18558147301610006,-0.004989632708108704,-0.013560140501455153
2026-03-02,678.7000122070312,688.6199951171875,678.02001953125,686.3800048828125,684.5106201171875,87477200,0.0,0.0,0.0,0.0005685427688300049,5.090495056608391,688.3509948730468,681.5290803900415,48.784992283152135,-0.26214960754668937,0.0058470817988605095,-0.01103678950354281
2026-03-03,675.0599975585938,682.6099853515625,669.6599731445312,680.3300170898438,678.4771118164062,105003100,0.0,0.0,0.0,-0.008814341545397508,5.254190035603203,687.973329671224,681.5013948479215,43.48757589879228,-0.8017715356629651,-0.010213077392065895,-0.01682147218246144
2026-03-04,681.6300048828125,687.0900268554688,679.6199951171875,685.1300048828125,683.2639770507812,79182200,0.0,0.0,0.0,0.007055381465455479,4.908656488798591,688.2249959309896,681.5851560637304,48.285572226453134,-0.8325102418916686,-0.011570394934386052,-0.014782601139920915
2026-03-05,682.0800170898438,685.530029296875,675.6099853515625,681.3099975585938,679.4544067382812,106606500,0.0,0.0,0.0,-0.0055755948462250515,5.0447359897720885,688.0886617024739,681.5788059738987,45.01037574360333,-1.1518359066307085,-0.011591455644671789,-0.011921209213561546
2026-03-06,673.4099731445312,676.1099853515625,669.760009765625,672.3800048828125,670.5487060546875,100687000,0.0,0.0,0.0,-0.013107091790493297,5.797780843618364,687.5353291829427,681.3665671412273,38.445363526001906,-2.1012575849742916,-0.019839918286435276,-0.020125617554116126
2026-03-09,666.3900146484375,679.9199829101562,662.3900146484375,678.27001953125,676.4227294921875,102667700,0.0,0.0,0.0,0.008759949144329537,6.028048559908294,687.1699971516927,681.2951388175663,44.22393786944388,-2.3513018044852743,-0.011815590917376939,0.0009592757279102138
2026-03-10,677.719970703125,683.3599853515625,674.760009765625,677.1799926757812,675.3356323242188,81505300,0.0,0.0,0.0,-0.001607069196751576,6.19958401841949,686.6516642252604,681.2002359439886,43.41172019502029,-2.6073636423790276,-0.004630141747290484,-0.019460778049331884
2026-03-11,677.5800170898438,680.0800170898438,673.3400268554688,676.3300170898438,674.4879760742188,68441700,0.0,0.0,0.0,-0.0012551693717042234,6.244429219261201,686.012998453776,681.0879446065475,42.75235053639917,-2.8460726659046713,-0.012844259819673076,-0.025390870822451728
2026-03-12,671.1599731445312,671.6500244140625,665.8699951171875,666.0599975585938,664.2459106445312,108882200,0.0,0.0,0.0,-0.0151849234423167,6.9770343849529155,685.0343322753906,680.7415243086672,35.697209050320396,-3.8199223459073437,-0.022383349803535624,-0.03765242695261439
2026-03-13,669.27001953125,672.3400268554688,661.3599853515625,662.2899780273438,660.4862060546875,97200200,0.0,0.0,0.0,-0.005660180081477395,7.909603867480254,683.9759989420573,680.3162741264714,33.511007351886505,-4.840120407138443,-0.01500643502512733,-0.042878263198975586
2026-03-16,668.3800048828125,672.0700073242188,667.1199951171875,669.030029296875,667.2078857421875,82023100,0.0,0.0,0.0,0.010176888512803295,8.213173243841355,683.2113342285156,680.0562154224799,40.52398002685299,-5.0465949076032075,-0.0136228787478484,-0.017966430172278502
2026-03-17,672.3900146484375,674.4400024414062,669.7000122070312,670.7899780273438,668.9630126953125,87128000,0.0,0.0,0.0,0.0026305975119209624,8.182210982750929,682.3906677246093,679.8427450519825,42.237234487100835,-5.010456855022767,-0.009436212997357307,-0.01607630652388159
2026-03-18,668.3599853515625,669.719970703125,661.1900024414062,661.4299926757812,659.6285400390625,82062600,0.0,0.0,0.0,-0.013953675007322364,8.91254004842263,681.4539998372396,679.4186461285948,36.25565871526436,-5.671709840675248,-0.022030701044698953,-0.03136850505380229
2026-03-19,656.969970703125,662.97998046875,655.1699829101562,659.7999877929688,658.0029907226562,111272500,0.0,0.0,0.0,-0.002464364937880159,9.696817503464397,680.5743326822917,678.9668588359284,35.31764268167622,-6.255179551246556,-0.009398567379171108,-0.03859883006089815
2026-03-20,656.510009765625,656.6900024414062,644.719970703125,648.5700073242188,648.5700073242188,163617500,1.797,0.0,0.0,-0.017020279897722146,11.31711930668987,679.6059997558593,678.2669983271772,29.629905645503428,-7.53686874021264,-0.020715956995137508,-0.052463145992873494
2026-03-23,658.0700073242188,662.6199951171875,653.9400024414062,655.3800048828125,655.3800048828125,134802700,0.0,0.0,0.0,0.01050001924493782,11.945903923640493,678.4313334147135,677.7401426142052,36.32657213177749,-7.9119032711647606,-0.020402708124190094,-0.049388608204896434
2026-03-24,651.3200073242188,657.030029296875,649.8800048828125,653.1799926757812,653.1799926757812,96457500,0.0,0.0,0.0,-0.0033568497522664664,12.42887118712913,677.0723327636719,677.1748727087033,35.16241384020677,-8.291069153569538,-0.02625260652126893,-0.04280546512349692
2026-03-25,658.6699829101562,660.8900146484375,654.239990234375,656.8200073242188,656.8200073242188,90653800,0.0,0.0,0.0,0.0055727589473859585,12.624574515732501,675.8956665039062,676.706472818127,38.66477023923008,-8.203279782887876,-0.006969725296116391,-0.044416919103973496
2026-03-26,652.0599975585938,654.8499755859375,644.8200073242188,645.0900268554688,645.0900268554688,96494400,0.0,0.0,0.0,-0.017858744158138706,13.441718305133207,674.3333333333334,675.9790497748257,32.560859182549294,-8.976739204699925,-0.022294575946727124,-0.0693356356716861
2026-03-27,642.5,642.6599731445312,633.1099853515625,634.0900268554688,634.0900268554688,103649400,0.0,0.0,0.0,-0.017051883523327982,15.241641745004419,672.7606669108073,675.0154395352954,28.083480980990544,-10.357919786407933,-0.022326009999274476,-0.0800956940595251
2026-03-30,640.1099853515625,640.3699951171875,629.280029296875,631.969970703125,631.969970703125,99275900,0.0,0.0,0.0,-0.0033434623831846144,16.853724367452518,671.1013326009114,674.025388770301,27.3041953490133,-11.491123641364425,-0.035719787001853076,-0.07874753320058436
2026-03-31,638.9400024414062,651.5399780273438,637.97998046875,650.3400268554688,650.3400268554688,152534100,0.0,0.0,0.0,0.02906792569891481,17.11539339269922,670.0176676432292,673.480709899506,42.256185540397375,-10.782590858691833,-0.004347906935542323,-0.05250732505457667
2026-04-01,653.9000244140625,658.52001953125,653.0,655.239990234375,655.239990234375,97841500,0.0,0.0,0.0,0.007534463782890022,17.036086423510714,668.9826680501302,673.0613039831335,45.47749529624555,-9.713713783822527,-0.002405555665517034,-0.036879200131126
2026-04-02,646.4199829101562,658.2000122070312,645.1099853515625,655.8300170898438,655.8300170898438,68358700,0.0,0.0,0.0,0.0009004744280911581,16.94014191334067,668.0276692708334,672.66516832335,45.8690892531759,-8.718509217789915,0.01664882386529487,-0.042765588405342614
2026-04-06,655.8599853515625,659.719970703125,655.52001953125,658.9299926757812,658.9299926757812,39105800,0.0,0.0,0.0,0.004726797348638012,16.521442464623796,667.0110026041667,672.3494530366061,47.98295329597786,-7.592142810563587,0.03917419414952317,-0.03284849035389026
2026-04-07,656.6500244140625,659.6099853515625,651.0599975585938,659.219970703125,659.219970703125,69980400,0.0,0.0,0.0,0.0004400741058487867,16.31804047952948,666.2386678059896,672.0477041656864,48.18678127128745,-6.600009710862423,0.04311913740091455,-0.01957231637484691
2026-04-08,676.3900146484375,677.0800170898438,671.4600219726562,676.010009765625,676.010009765625,93606100,0.0,0.0,0.0,0.025469554638327674,15.939086874083195,665.8606689453125,672.138755042422,58.36078573404631,-4.408107331913129,0.03947163306905166,-0.0033320207300138183
2026-04-09,674.8400268554688,681.1599731445312,673.77001953125,679.9099731445312,679.9099731445312,57134400,0.0,0.0,0.0,0.00576909117108837,15.329047194677246,665.4193339029948,672.3173070743063,60.3102839804483,-2.329461867103646,0.03765030107721601,0.004031395638200763
2026-04-10,681.3200073242188,682.030029296875,678.4500122070312,679.4600219726562,679.4600219726562,42253500,0.0,0.0,0.0,-0.0006617805145495703,14.899709257382389,665.0913350423177,672.4813962521108,59.96147938018114,-0.7102404497860562,0.03603068518831676,0.00462792542652557
2026-04-13,677.4099731445312,686.2999877929688,676.5800170898438,686.0999755859375,686.0999755859375,54185800,0.0,0.0,0.0,0.009772397784351794,14.905041415239193,665.0950012207031,672.794213513662,63.33175413182413,1.0961571363490066,0.0412334894634625,0.030087346636638035
2026-04-14,687.6900024414062,694.5800170898438,687.6599731445312,694.4600219726562,694.4600219726562,63480500,0.0,0.0,0.0,0.01218488075237012,15.368714715781662,665.364335123698,673.2918101216364,67.08812322019838,3.165832368456904,0.053457196134310214,0.04857395553701749
2026-04-15,695.260009765625,700.280029296875,694.2000122070312,699.9400024414062,699.9400024414062,58240400,0.0,0.0,0.0,0.007890994867038925,16.409008373249197,666.0180013020833,673.9037590350989,69.3076637391995,5.1884443698268115,0.035398873286029975,0.0462011745227886
2026-04-16,701.0599975585938,702.780029296875,698.530029296875,701.6599731445312,701.6599731445312,49972400,0.0,0.0,0.0,0.002457311622604319,17.32487209380173,666.5690002441406,674.5410735509658,69.9916991071224,6.851189961236855,0.03198952928930865,0.04602035827662454
2026-04-17,706.1400146484375,712.3900146484375,705.760009765625,710.1400146484375,710.1400146484375,70661900,0.0,0.0,0.0,0.012085685130224011,18.89883706555289,667.5300008138021,675.3583670881196,73.16696447836378,8.752305174633307,0.045153492013715546,0.0736435034879539
2026-04-20,708.780029296875,709.9099731445312,706.1400146484375,708.719970703125,708.719970703125,43546800,0.0,0.0,0.0,-0.001999667552905704,20.33078737214156,668.7413330078125,676.1242043860244,71.79692539096307,10.028761677530042,0.032968949019229754,0.07414365537318912
2026-04-21,710.280029296875,711.280029296875,702.6400146484375,704.0800170898438,704.0800170898438,58941400,0.0,0.0,0.0,-0.006546949154936255,21.272216027275224,669.6016662597656,676.7658740506162,67.35871149425274,10.544407804067419,0.013852482234846697,0.08558830833797049
2026-04-22,709.1500244140625,711.4500122070312,708.219970703125,711.2100219726562,711.2100219726562,42518500,0.0,0.0,0.0,0.010126696838070659,22.55868276195821,670.7360005696614,677.5563811498444,70.38793898681307,11.397015183840267,0.01610140796631132,0.08518724506986852
2026-04-23,709.5,712.3599853515625,702.280029296875,708.4500122070312,708.4500122070312,56174000,0.0,0.0,0.0,-0.0038807239498251933,23.57277412665564,671.8066670735677,678.2653242062071,67.7662363165558,11.714960184594247,0.009677107605368995,0.08461682867050757
2026-04-24,710.75,714.469970703125,709.010009765625,713.9400024414062,713.9400024414062,45182000,0.0,0.0,0.0,0.007749297960024215,24.761184838707116,673.4026672363282,679.0838938418743,70.14802838185624,12.268506512319277,0.0053510402379592925,0.0869644567465071
2026-04-27,713.1699829101562,715.6300048828125,712.2999877929688,715.1699829101562,715.1699829101562,33135900,0.0,0.0,0.0,0.0017228064887020444,25.803086510429694,675.1653340657552,679.9118162282601,70.67090925106018,12.660502715168604,0.00910093192468131,0.10863593163313445
2026-04-28,711.8200073242188,712.8800048828125,709.25,711.6900024414062,711.6900024414062,43117400,0.0,0.0,0.0,-0.004865948728146163,26.615995917802593,676.587333170573,680.640827439696,67.09033278253628,12.545737734535805,0.010808409792706142,0.12238006008510394
2026-04-29,711.0,712.2000122070312,708.3699951171875,711.5800170898438,711.5800170898438,41859200,0.0,0.0,0.0,-0.00015454109399481997,27.34160882047095,677.9470011393229,681.3505201669522,66.97483685717557,12.304077020986142,0.0005202332725307013,0.12597124875750865
2026-04-30,714.6300048828125,719.7899780273438,710.4500122070312,718.6599731445312,718.6599731445312,67240900,0.0,0.0,0.0,0.009949627427204177,28.134469254019123,679.854667154948,682.20625186992,70.49586865793226,12.539307121331149,0.014411688561756009,0.10505265471572445
2026-05-01,721.25,724.8699951171875,720.469970703125,720.6500244140625,720.6500244140625,43049800,0.0,0.0,0.0,0.0027691138283709726,28.823810334423154,681.8830017089844,683.0879157287163,71.41829458447702,12.739456650266902,0.009398579642141414,0.09982607159903467
2026-05-04,720.0700073242188,722.1199951171875,714.989990234375,718.010009765625,718.010009765625,51950600,0.0,0.0,0.0,-0.0036633796697419507,28.84454402198994,684.1976684570312,683.8887387925162,68.36472719933536,12.540490506962215,0.003971121444320325,0.09481114169140437
2026-05-05,721.77001953125,725.0399780273438,721.489990234375,723.77001953125,723.77001953125,36933200,0.0,0.0,0.0,0.008022185884992261,29.18893900140406,686.4773356119791,684.8032006199851,71.2527215241712,12.701181737733918,0.016973706316519843,0.09840199653405746
2026-05-06,728.1599731445312,734.5900268554688,727.8200073242188,733.8300170898438,733.8300170898438,53288900,0.0,0.0,0.0,0.013899439445017592,29.725514306467822,689.1656697591146,685.9272652453886,75.46543939525665,13.484843541585406,0.03126844411819785,0.11317928719170856
2026-05-07,735.0499877929688,736.1300048828125,729.75,731.5800170898438,731.5800170898438,51724600,0.0,0.0,0.0,-0.0030661051573263043,30.05226070743657,691.6576700846355,686.9738792518475,72.89256721440573,13.765662977177612,0.017977965140844265,0.08220293563920023
2026-05-08,734.9299926757812,738.0800170898438,734.5700073242188,737.6199951171875,737.6199951171875,47227100,0.0,0.0,0.0,0.008256073001242203,29.855750670072744,694.742002360026,688.1348695519449,75.32461226665527,14.310626161350683,0.02354814421455509,0.08487891669797376
2026-05-11,736.4500122070312,740.7899780273438,736.4500122070312,739.2999877929688,739.2999877929688,44024000,0.0,0.0,0.0,0.002277585595431564,28.640091463056034,698.2490010579427,689.307659259631,75.97039520589976,14.708524069966188,0.02965136660740053,0.08806988473962152
2026-05-12,736.8900146484375,738.8400268554688,731.8300170898438,738.1799926757812,738.1799926757812,54185300,0.0,0.0,0.0,-0.0015149399914519135,26.66066817542855,701.7893351236979,690.427803079945,74.5692733200002,14.76330459790961,0.01990960216045412,0.07590732975229564
2026-05-13,738.469970703125,743.9099731445312,735.469970703125,742.3099975585938,742.3099975585938,44200200,0.0,0.0,0.0,0.005594848036780231,25.814917618887208,704.8550008138021,691.6168374557317,76.30472454445092,14.967440106489562,0.011555783044115753,0.06890241924944318
2026-05-14,743.6500244140625,749.530029296875,743.5599975585938,748.1699829101562,748.1699829101562,45307600,0.0,0.0,0.0,0.007894256268722755,25.22489291845737,707.9526672363281,692.9128195259766,78.54225227129822,15.42426943491489,0.022676898538461776,0.06890587807601056
2026-05-15,741.7899780273438,743.4600219726562,737.9600219726562,739.1699829101562,739.1699829101562,60410800,0.0,0.0,0.0,-0.012029351892724582,23.837664538730596,710.7306660970052,693.9727763018775,67.93229545684679,14.888460282713481,0.0021013364648858612,0.05345895619144647
2026-05-18,739.8300170898438,741.4199829101562,733.3900146484375,738.6500244140625,738.6500244140625,47843900,0.0,0.0,0.0,-0.0007034356211904624,22.25489584966434,713.3880004882812,694.9964540461436,67.36610498578065,14.25751955371959,-0.0008791605432681981,0.04014702618854571
2026-05-19,734.780029296875,737.6500244140625,731.530029296875,733.72998046875,733.72998046875,54255900,0.0,0.0,0.0,-0.006660859382243145,20.04967446290082,715.8716674804688,695.8838803824056,62.092468637407535,13.208231778343588,-0.006028356567753468,0.035288986905240405
2026-05-20,735.7100219726562,741.8699951171875,733.8983154296875,741.25,741.25,45085124,0.0,0.0,0.0,0.010249028568310337,19.09226845756645,718.0463338216146,696.9231926657924,66.41950464835583,12.835506654506617,-0.0014279715510771007,0.052792270775969374
